task_id	logical_lane	lane_profile_id	profile_mode	execution_lanes_json	artifact_ids_json	stage_set_id
F57-01	windows-authority	WINDOWS_BOOTSTRAP_F57_01_V1	BOOTSTRAP_DUE	["windows-authority"]	["F57-LANE-WINDOWS-BOOTSTRAP-V1"]	F57_STAGE_REGISTRY_V1
F57-02	windows-authority	WINDOWS_DUE_F57_02_V1	INCREMENTAL_DUE	["windows-authority"]	["F57-LANE-WINDOWS-INCREMENTAL-V1"]	F57_STAGE_REGISTRY_V1
F57-03	windows-authority	WINDOWS_DUE_F57_03_V1	INCREMENTAL_DUE	["windows-authority"]	["F57-LANE-WINDOWS-INCREMENTAL-V1"]	F57_STAGE_REGISTRY_V1
F57-04	windows-authority	WINDOWS_DUE_F57_04_V1	INCREMENTAL_DUE	["windows-authority"]	["F57-LANE-WINDOWS-INCREMENTAL-V1"]	F57_STAGE_REGISTRY_V1
F57-05	windows-authority	WINDOWS_DUE_F57_05_V1	INCREMENTAL_DUE	["windows-authority"]	["F57-LANE-WINDOWS-INCREMENTAL-V1"]	F57_STAGE_REGISTRY_V1
F57-06	windows-authority	WINDOWS_DUE_F57_06_V1	INCREMENTAL_DUE	["windows-authority"]	["F57-LANE-WINDOWS-INCREMENTAL-V1"]	F57_STAGE_REGISTRY_V1
F57-07	windows-authority	WINDOWS_DUE_F57_07_V1	INCREMENTAL_DUE	["windows-authority"]	["F57-LANE-WINDOWS-INCREMENTAL-V1"]	F57_STAGE_REGISTRY_V1
F57-08	windows-authority	WINDOWS_DUE_F57_08_V1	INCREMENTAL_DUE	["windows-authority"]	["F57-LANE-WINDOWS-INCREMENTAL-V1"]	F57_STAGE_REGISTRY_V1
F57-09	windows-authority	WINDOWS_DUE_F57_09_V1	INCREMENTAL_DUE	["windows-authority"]	["F57-LANE-WINDOWS-INCREMENTAL-V1"]	F57_STAGE_REGISTRY_V1
F57-10	windows-authority	WINDOWS_DUE_F57_10_V1	INCREMENTAL_DUE	["windows-authority"]	["F57-LANE-WINDOWS-INCREMENTAL-V1"]	F57_STAGE_REGISTRY_V1
F57-11	windows-authority	WINDOWS_DUE_F57_11_V1	INCREMENTAL_DUE	["windows-authority"]	["F57-LANE-WINDOWS-INCREMENTAL-V1"]	F57_STAGE_REGISTRY_V1
F57-12	windows-authority	WINDOWS_DUE_F57_12_V1	INCREMENTAL_DUE	["windows-authority"]	["F57-LANE-WINDOWS-INCREMENTAL-V1"]	F57_STAGE_REGISTRY_V1
F57-13	windows-authority	WINDOWS_DUE_F57_13_V1	INCREMENTAL_DUE	["windows-authority"]	["F57-LANE-WINDOWS-INCREMENTAL-V1"]	F57_STAGE_REGISTRY_V1
F57-14	windows-authority	WINDOWS_DUE_F57_14_V1	INCREMENTAL_DUE	["windows-authority"]	["F57-LANE-WINDOWS-INCREMENTAL-V1"]	F57_STAGE_REGISTRY_V1
F57-15	windows-authority	WINDOWS_DUE_F57_15_V1	INCREMENTAL_DUE	["windows-authority"]	["F57-LANE-WINDOWS-INCREMENTAL-V1"]	F57_STAGE_REGISTRY_V1
F57-16	windows-authority	WINDOWS_DUE_F57_16_V1	INCREMENTAL_DUE	["windows-authority"]	["F57-LANE-WINDOWS-INCREMENTAL-V1"]	F57_STAGE_REGISTRY_V1
F57-17	four-platform-client	FOUR_PLATFORM_DUE_F57_17_V1	FOUR_PLATFORM_DUE	["windows-authority","apple-client","android-client","evidence-aggregate"]	["F57-CLIENT-WINDOWS-X64-V1","F57-LANE-APPLE-MACOS-IOS-V1","F57-LANE-ANDROID-CLIENT-V1","F57-CLIENT-FOUR-TARGET-MATRIX-V1"]	F57_STAGE_REGISTRY_V1
F57-18	four-platform-client	FOUR_PLATFORM_DUE_F57_18_V1	FOUR_PLATFORM_DUE	["windows-authority","apple-client","android-client","evidence-aggregate"]	["F57-CLIENT-WINDOWS-X64-V1","F57-LANE-APPLE-MACOS-IOS-V1","F57-LANE-ANDROID-CLIENT-V1","F57-CLIENT-FOUR-TARGET-MATRIX-V1"]	F57_STAGE_REGISTRY_V1
F57-19	windows-authority	WINDOWS_DUE_F57_19_V1	INCREMENTAL_DUE	["windows-authority"]	["F57-LANE-WINDOWS-INCREMENTAL-V1"]	F57_STAGE_REGISTRY_V1
F57-20	windows-authority	WINDOWS_DUE_F57_20_V1	INCREMENTAL_DUE	["windows-authority"]	["F57-LANE-WINDOWS-INCREMENTAL-V1"]	F57_STAGE_REGISTRY_V1
F57-21	windows-authority	WINDOWS_DUE_F57_21_V1	INCREMENTAL_DUE	["windows-authority"]	["F57-LANE-WINDOWS-INCREMENTAL-V1"]	F57_STAGE_REGISTRY_V1
F57-22	four-platform-client	FOUR_PLATFORM_DUE_F57_22_V1	FOUR_PLATFORM_DUE	["windows-authority","apple-client","android-client","evidence-aggregate"]	["F57-CLIENT-WINDOWS-X64-V1","F57-LANE-APPLE-MACOS-IOS-V1","F57-LANE-ANDROID-CLIENT-V1","F57-CLIENT-FOUR-TARGET-MATRIX-V1"]	F57_STAGE_REGISTRY_V1
F57-23	windows-authority	WINDOWS_DUE_F57_23_V1	INCREMENTAL_DUE	["windows-authority"]	["F57-LANE-WINDOWS-INCREMENTAL-V1"]	F57_STAGE_REGISTRY_V1
F57-24	windows-authority	WINDOWS_PRODUCTION_FULL_F57_24_V1	FULL_WINDOWS_PRODUCTION	["windows-authority"]	["F57-LANE-WINDOWS-AUTHORITY-V1"]	F57_STAGE_REGISTRY_V1
F57-25	offline-evidence-aggregate	OFFLINE_RELEASE_AGGREGATE_F57_25_V1	FULL_RELEASE_AGGREGATE	["evidence-aggregate"]	["F57-LANE-OFFLINE-EVIDENCE-AGGREGATE-V1"]	F57_STAGE_REGISTRY_V1
