surface	method	path	operation_id	owner_task	security_profile	route_shape_profile	request_schema	result_schema	error_schema	error_code_set
CONTROL	POST	/control/v1/commands	submitControlCommand	F57-16	CONTROL_SESSION_CSRF	CONTROL_COMMAND_V1	ControlCommandV1	ControlCommandSubmissionResultV1	ControlCommandErrorsV1	PLATFORM.AUTHORITY.STALE_EPOCH|PLATFORM.AUTHZ.NOT_FOUND_OR_DENIED|PLATFORM.AUTHZ.OBJECT_FORBIDDEN|PLATFORM.AUTHZ.REAUTH_REQUIRED|PLATFORM.AUTHZ.SOD_VIOLATION|PLATFORM.CAPACITY.CONCURRENCY_LIMIT|PLATFORM.CLIENT.GENERATION_INCOMPATIBLE|PLATFORM.CONCURRENCY.STALE_VERSION|PLATFORM.IDEMPOTENCY.IN_PROGRESS|PLATFORM.IDEMPOTENCY.PAYLOAD_MISMATCH|PLATFORM.LICENSE.RESTRICTED|PLATFORM.REQUEST.HEADER_MISSING|PLATFORM.REQUEST.INVALID_PAYLOAD|PLATFORM.SYSTEM.NOT_READY
CONTROL	GET	/control/v1/commands/{request_id}	getControlCommandReceipt	F57-16	CONTROL_SESSION_READ	CONTROL_COMMAND_RECEIPT_V1	NONE	ControlCommandReceiptV1	ControlCommandReceiptErrorsV1	PLATFORM.AUTHORITY.STALE_EPOCH|PLATFORM.AUTHZ.NOT_FOUND_OR_DENIED|PLATFORM.AUTHZ.OBJECT_FORBIDDEN|PLATFORM.AUTHZ.REAUTH_REQUIRED|PLATFORM.CAPACITY.CONCURRENCY_LIMIT|PLATFORM.CLIENT.GENERATION_INCOMPATIBLE|PLATFORM.LICENSE.RESTRICTED|PLATFORM.REQUEST.HEADER_MISSING|PLATFORM.REQUEST.INVALID_PAYLOAD|PLATFORM.SYSTEM.NOT_READY
CONTROL	GET	/control/v1/events/stream	streamControlEvents	F57-16	CONTROL_SESSION_READ	CONTROL_EVENT_STREAM_V1	NONE	ControlEventStreamEventV1	ControlEventStreamErrorsV1	PLATFORM.AUTHORITY.STALE_EPOCH|PLATFORM.AUTHZ.NOT_FOUND_OR_DENIED|PLATFORM.AUTHZ.OBJECT_FORBIDDEN|PLATFORM.AUTHZ.REAUTH_REQUIRED|PLATFORM.CAPACITY.CONCURRENCY_LIMIT|PLATFORM.CLIENT.GENERATION_INCOMPATIBLE|PLATFORM.LICENSE.RESTRICTED|PLATFORM.REQUEST.HEADER_MISSING|PLATFORM.REQUEST.INVALID_PAYLOAD|PLATFORM.SYSTEM.NOT_READY
CONTROL	POST	/control/v1/files/upload-sessions	createControlFileUploadSession	F57-16	CONTROL_SESSION_CSRF	FILE_UPLOAD_CREATE_V1	CreateUploadSessionRequestV1	UploadSessionCreatedV1	ControlFileUploadCreateErrorsV1	PLATFORM.AUTHORITY.STALE_EPOCH|PLATFORM.AUTHZ.NOT_FOUND_OR_DENIED|PLATFORM.AUTHZ.OBJECT_FORBIDDEN|PLATFORM.CAPACITY.CONCURRENCY_LIMIT|PLATFORM.CAPACITY.DISK_WATERMARK_EXCEEDED|PLATFORM.CONCURRENCY.STALE_VERSION|PLATFORM.LICENSE.RESTRICTED|PLATFORM.REQUEST.HEADER_MISSING|PLATFORM.REQUEST.INVALID_PAYLOAD|PLATFORM.SYSTEM.NOT_READY|PLATFORM.UPLOAD_SESSION.PART_HASH_MISMATCH
CONTROL	GET	/control/v1/files/upload-sessions/{upload_id}	getControlFileUploadSession	F57-16	CONTROL_SESSION_READ	FILE_UPLOAD_STATUS_V1	NONE	UploadSessionStatusV1	ControlFileUploadStatusErrorsV1	PLATFORM.AUTHORITY.STALE_EPOCH|PLATFORM.AUTHZ.NOT_FOUND_OR_DENIED|PLATFORM.AUTHZ.OBJECT_FORBIDDEN|PLATFORM.CAPACITY.CONCURRENCY_LIMIT|PLATFORM.CAPACITY.DISK_WATERMARK_EXCEEDED|PLATFORM.CONCURRENCY.STALE_VERSION|PLATFORM.LICENSE.RESTRICTED|PLATFORM.REQUEST.HEADER_MISSING|PLATFORM.REQUEST.INVALID_PAYLOAD|PLATFORM.SYSTEM.NOT_READY|PLATFORM.UPLOAD_SESSION.PART_HASH_MISMATCH
CONTROL	PUT	/control/v1/files/upload-sessions/{upload_id}/chunks/{chunk_no}	putControlFileUploadChunk	F57-16	CONTROL_SESSION_CSRF	FILE_UPLOAD_CHUNK_V1	RawUploadChunkV1	UploadChunkAcceptedV1	ControlFileUploadChunkErrorsV1	PLATFORM.AUTHORITY.STALE_EPOCH|PLATFORM.AUTHZ.NOT_FOUND_OR_DENIED|PLATFORM.AUTHZ.OBJECT_FORBIDDEN|PLATFORM.CAPACITY.CONCURRENCY_LIMIT|PLATFORM.CAPACITY.DISK_WATERMARK_EXCEEDED|PLATFORM.CONCURRENCY.STALE_VERSION|PLATFORM.LICENSE.RESTRICTED|PLATFORM.REQUEST.HEADER_MISSING|PLATFORM.REQUEST.INVALID_PAYLOAD|PLATFORM.SYSTEM.NOT_READY|PLATFORM.UPLOAD_SESSION.PART_HASH_MISMATCH
CONTROL	POST	/control/v1/files/upload-sessions/{upload_id}/complete	completeControlFileUploadSession	F57-16	CONTROL_SESSION_CSRF	FILE_UPLOAD_COMPLETE_V1	CompleteUploadSessionRequestV1	FileIngressAcceptedV1	ControlFileUploadCompleteErrorsV1	PLATFORM.AUTHORITY.STALE_EPOCH|PLATFORM.AUTHZ.NOT_FOUND_OR_DENIED|PLATFORM.AUTHZ.OBJECT_FORBIDDEN|PLATFORM.CAPACITY.CONCURRENCY_LIMIT|PLATFORM.CAPACITY.DISK_WATERMARK_EXCEEDED|PLATFORM.CONCURRENCY.STALE_VERSION|PLATFORM.LICENSE.RESTRICTED|PLATFORM.REQUEST.HEADER_MISSING|PLATFORM.REQUEST.INVALID_PAYLOAD|PLATFORM.SYSTEM.NOT_READY|PLATFORM.UPLOAD_SESSION.PART_HASH_MISMATCH
CONTROL	GET	/control/v1/files/{object_id}/versions/{version_id}	getControlFileVersion	F57-16	CONTROL_SESSION_READ	FILE_VERSION_GET_V1	NONE	PublishedFileVersionV1	ControlFileVersionGetErrorsV1	PLATFORM.AUTHORITY.STALE_EPOCH|PLATFORM.AUTHZ.NOT_FOUND_OR_DENIED|PLATFORM.AUTHZ.OBJECT_FORBIDDEN|PLATFORM.CAPACITY.CONCURRENCY_LIMIT|PLATFORM.CAPACITY.DISK_WATERMARK_EXCEEDED|PLATFORM.CONCURRENCY.STALE_VERSION|PLATFORM.LICENSE.RESTRICTED|PLATFORM.REQUEST.HEADER_MISSING|PLATFORM.REQUEST.INVALID_PAYLOAD|PLATFORM.SYSTEM.NOT_READY|PLATFORM.UPLOAD_SESSION.PART_HASH_MISMATCH
CONTROL	POST	/control/v1/queries	executeControlQuery	F57-16	CONTROL_SESSION_CSRF	CONTROL_QUERY_V1	ControlQueryV1	ControlQuerySubmissionResultV1	ControlQueryErrorsV1	PLATFORM.AUTHORITY.STALE_EPOCH|PLATFORM.AUTHZ.NOT_FOUND_OR_DENIED|PLATFORM.AUTHZ.OBJECT_FORBIDDEN|PLATFORM.CAPACITY.CONCURRENCY_LIMIT|PLATFORM.CLIENT.GENERATION_INCOMPATIBLE|PLATFORM.LICENSE.RESTRICTED|PLATFORM.REQUEST.INVALID_PAYLOAD|PLATFORM.SYSTEM.NOT_READY
CONTROL	POST	/control/v1/session/end	endControlSession	F57-16	CONTROL_SESSION_CSRF	CONTROL_SESSION_END_V1	ControlSessionEndRequestV1	ControlSessionEndedV1	ControlSessionEndErrorsV1	PLATFORM.AUTHORITY.STALE_EPOCH|PLATFORM.AUTHZ.NOT_FOUND_OR_DENIED|PLATFORM.AUTHZ.OBJECT_FORBIDDEN|PLATFORM.AUTHZ.REAUTH_REQUIRED|PLATFORM.CAPACITY.CONCURRENCY_LIMIT|PLATFORM.CLIENT.GENERATION_INCOMPATIBLE|PLATFORM.LICENSE.RESTRICTED|PLATFORM.REQUEST.HEADER_MISSING|PLATFORM.REQUEST.INVALID_PAYLOAD|PLATFORM.SYSTEM.NOT_READY
CONTROL	POST	/control/v1/session/reauth	reauthenticateControlSession	F57-16	CONTROL_SESSION_CSRF	CONTROL_SESSION_REAUTH_V1	ControlSessionReauthRequestV1	ControlSessionReauthenticatedV1	ControlSessionReauthErrorsV1	PLATFORM.AUTHN.MFA_CHALLENGE_CONSUMED|PLATFORM.AUTHN.MFA_CHALLENGE_EXPIRED|PLATFORM.AUTHN.MFA_INVALID|PLATFORM.AUTHN.MFA_REQUIRED|PLATFORM.AUTHORITY.STALE_EPOCH|PLATFORM.AUTHZ.NOT_FOUND_OR_DENIED|PLATFORM.AUTHZ.REAUTH_REQUIRED|PLATFORM.CAPACITY.CONCURRENCY_LIMIT|PLATFORM.REQUEST.INVALID_PAYLOAD|PLATFORM.SYSTEM.NOT_READY
CONTROL	POST	/control/v1/session/start	startControlSession	F57-16	CONTROL_BOOTSTRAP_ORIGIN	CONTROL_SESSION_START_V1	ControlSessionStartRequestV1	ControlSessionStartedV1	ControlSessionStartErrorsV1	PLATFORM.AUTHN.ACCOUNT_INACTIVE|PLATFORM.AUTHN.ACCOUNT_LOCKED|PLATFORM.AUTHN.CREDENTIAL_INVALID|PLATFORM.AUTHN.MFA_INVALID|PLATFORM.AUTHN.MFA_REQUIRED|PLATFORM.AUTHN.RATE_LIMITED|PLATFORM.CAPACITY.CONCURRENCY_LIMIT|PLATFORM.REQUEST.INVALID_PAYLOAD|PLATFORM.SYSTEM.NOT_READY
EMPLOYEE	POST	/employee/v1/commands	submitEmployeeCommand	F57-18	EMPLOYEE_SESSION_DEVICE	EMPLOYEE_COMMAND_V1	EmployeeCommandEnvelopeV1	EmployeeCommandSubmissionResultV1	EmployeeCommandErrorsV1	PLATFORM.APPROVAL.REQUIRED|PLATFORM.AUTHN.ACCOUNT_INACTIVE|PLATFORM.AUTHN.DEVICE_NOT_REGISTERED|PLATFORM.AUTHORITY.STALE_EPOCH|PLATFORM.AUTHZ.NOT_FOUND_OR_DENIED|PLATFORM.AUTHZ.OBJECT_FORBIDDEN|PLATFORM.AUTHZ.REAUTH_REQUIRED|PLATFORM.AUTHZ.SOD_VIOLATION|PLATFORM.CAPACITY.CONCURRENCY_LIMIT|PLATFORM.CLIENT.GENERATION_INCOMPATIBLE|PLATFORM.CLIENT_RELEASE.FORCED_UPDATE_REQUIRED|PLATFORM.CONCURRENCY.STALE_VERSION|PLATFORM.IDEMPOTENCY.IN_PROGRESS|PLATFORM.IDEMPOTENCY.PAYLOAD_MISMATCH|PLATFORM.LICENSE.RESTRICTED|PLATFORM.REQUEST.INVALID_PAYLOAD|PLATFORM.SYSTEM.NOT_READY
EMPLOYEE	GET	/employee/v1/commands/{request_id}	getEmployeeCommandReceipt	F57-18	EMPLOYEE_SESSION_DEVICE_READ	EMPLOYEE_COMMAND_RECEIPT_V1	NONE	EmployeeCommandReceiptV1	EmployeeCommandReceiptErrorsV1	PLATFORM.AUTHN.ACCOUNT_INACTIVE|PLATFORM.AUTHN.DEVICE_NOT_REGISTERED|PLATFORM.AUTHORITY.STALE_EPOCH|PLATFORM.AUTHZ.NOT_FOUND_OR_DENIED|PLATFORM.AUTHZ.OBJECT_FORBIDDEN|PLATFORM.CAPACITY.CONCURRENCY_LIMIT|PLATFORM.CLIENT.GENERATION_INCOMPATIBLE|PLATFORM.CLIENT_RELEASE.FORCED_UPDATE_REQUIRED|PLATFORM.LICENSE.RESTRICTED|PLATFORM.REQUEST.INVALID_PAYLOAD|PLATFORM.SYSTEM.NOT_READY
EMPLOYEE	POST	/employee/v1/devices/{device_id}/attestations	submitEmployeeDeviceAttestation	F57-18	EMPLOYEE_SESSION_DEVICE	EMPLOYEE_DEVICE_ATTEST_V1	EmployeeDeviceAttestationRequestV1	EmployeeDeviceAttestationAcceptedV1	EmployeeDeviceAttestationErrorsV1	PLATFORM.AUTHN.ACCOUNT_INACTIVE|PLATFORM.AUTHN.DEVICE_NOT_REGISTERED|PLATFORM.AUTHORITY.STALE_EPOCH|PLATFORM.AUTHZ.NOT_FOUND_OR_DENIED|PLATFORM.AUTHZ.OBJECT_FORBIDDEN|PLATFORM.CAPACITY.CONCURRENCY_LIMIT|PLATFORM.CLIENT.GENERATION_INCOMPATIBLE|PLATFORM.CLIENT_RELEASE.FORCED_UPDATE_REQUIRED|PLATFORM.LICENSE.RESTRICTED|PLATFORM.REQUEST.INVALID_PAYLOAD|PLATFORM.SYSTEM.NOT_READY
EMPLOYEE	POST	/employee/v1/devices/{device_id}/wipe-receipts	submitEmployeeWipeReceipt	F57-18	EMPLOYEE_SESSION_DEVICE	EMPLOYEE_WIPE_RECEIPT_V1	EmployeeWipeReceiptRequestV1	EmployeeWipeReceiptAcceptedV1	EmployeeWipeReceiptErrorsV1	PLATFORM.AUTHN.ACCOUNT_INACTIVE|PLATFORM.AUTHN.DEVICE_NOT_REGISTERED|PLATFORM.AUTHORITY.STALE_EPOCH|PLATFORM.AUTHZ.NOT_FOUND_OR_DENIED|PLATFORM.AUTHZ.OBJECT_FORBIDDEN|PLATFORM.CAPACITY.CONCURRENCY_LIMIT|PLATFORM.CLIENT.GENERATION_INCOMPATIBLE|PLATFORM.CLIENT_RELEASE.FORCED_UPDATE_REQUIRED|PLATFORM.LICENSE.RESTRICTED|PLATFORM.REQUEST.INVALID_PAYLOAD|PLATFORM.SYSTEM.NOT_READY
EMPLOYEE	POST	/employee/v1/files/upload-sessions	createEmployeeFileUploadSession	F57-18	EMPLOYEE_SESSION_DEVICE	FILE_UPLOAD_CREATE_V1	CreateUploadSessionRequestV1	UploadSessionCreatedV1	EmployeeFileUploadCreateErrorsV1	PLATFORM.AUTHORITY.STALE_EPOCH|PLATFORM.AUTHZ.NOT_FOUND_OR_DENIED|PLATFORM.AUTHZ.OBJECT_FORBIDDEN|PLATFORM.CAPACITY.CONCURRENCY_LIMIT|PLATFORM.CAPACITY.DISK_WATERMARK_EXCEEDED|PLATFORM.CONCURRENCY.STALE_VERSION|PLATFORM.LICENSE.RESTRICTED|PLATFORM.REQUEST.HEADER_MISSING|PLATFORM.REQUEST.INVALID_PAYLOAD|PLATFORM.SYSTEM.NOT_READY|PLATFORM.UPLOAD_SESSION.PART_HASH_MISMATCH
EMPLOYEE	GET	/employee/v1/files/upload-sessions/{upload_id}	getEmployeeFileUploadSession	F57-18	EMPLOYEE_SESSION_DEVICE_READ	FILE_UPLOAD_STATUS_V1	NONE	UploadSessionStatusV1	EmployeeFileUploadStatusErrorsV1	PLATFORM.AUTHORITY.STALE_EPOCH|PLATFORM.AUTHZ.NOT_FOUND_OR_DENIED|PLATFORM.AUTHZ.OBJECT_FORBIDDEN|PLATFORM.CAPACITY.CONCURRENCY_LIMIT|PLATFORM.CAPACITY.DISK_WATERMARK_EXCEEDED|PLATFORM.CONCURRENCY.STALE_VERSION|PLATFORM.LICENSE.RESTRICTED|PLATFORM.REQUEST.HEADER_MISSING|PLATFORM.REQUEST.INVALID_PAYLOAD|PLATFORM.SYSTEM.NOT_READY|PLATFORM.UPLOAD_SESSION.PART_HASH_MISMATCH
EMPLOYEE	PUT	/employee/v1/files/upload-sessions/{upload_id}/chunks/{chunk_no}	putEmployeeFileUploadChunk	F57-18	EMPLOYEE_SESSION_DEVICE	FILE_UPLOAD_CHUNK_V1	RawUploadChunkV1	UploadChunkAcceptedV1	EmployeeFileUploadChunkErrorsV1	PLATFORM.AUTHORITY.STALE_EPOCH|PLATFORM.AUTHZ.NOT_FOUND_OR_DENIED|PLATFORM.AUTHZ.OBJECT_FORBIDDEN|PLATFORM.CAPACITY.CONCURRENCY_LIMIT|PLATFORM.CAPACITY.DISK_WATERMARK_EXCEEDED|PLATFORM.CONCURRENCY.STALE_VERSION|PLATFORM.LICENSE.RESTRICTED|PLATFORM.REQUEST.HEADER_MISSING|PLATFORM.REQUEST.INVALID_PAYLOAD|PLATFORM.SYSTEM.NOT_READY|PLATFORM.UPLOAD_SESSION.PART_HASH_MISMATCH
EMPLOYEE	POST	/employee/v1/files/upload-sessions/{upload_id}/complete	completeEmployeeFileUploadSession	F57-18	EMPLOYEE_SESSION_DEVICE	FILE_UPLOAD_COMPLETE_V1	CompleteUploadSessionRequestV1	FileIngressAcceptedV1	EmployeeFileUploadCompleteErrorsV1	PLATFORM.AUTHORITY.STALE_EPOCH|PLATFORM.AUTHZ.NOT_FOUND_OR_DENIED|PLATFORM.AUTHZ.OBJECT_FORBIDDEN|PLATFORM.CAPACITY.CONCURRENCY_LIMIT|PLATFORM.CAPACITY.DISK_WATERMARK_EXCEEDED|PLATFORM.CONCURRENCY.STALE_VERSION|PLATFORM.LICENSE.RESTRICTED|PLATFORM.REQUEST.HEADER_MISSING|PLATFORM.REQUEST.INVALID_PAYLOAD|PLATFORM.SYSTEM.NOT_READY|PLATFORM.UPLOAD_SESSION.PART_HASH_MISMATCH
EMPLOYEE	GET	/employee/v1/files/{object_id}/versions/{version_id}	getEmployeeFileVersion	F57-18	EMPLOYEE_SESSION_DEVICE_READ	FILE_VERSION_GET_V1	NONE	PublishedFileVersionV1	EmployeeFileVersionGetErrorsV1	PLATFORM.AUTHORITY.STALE_EPOCH|PLATFORM.AUTHZ.NOT_FOUND_OR_DENIED|PLATFORM.AUTHZ.OBJECT_FORBIDDEN|PLATFORM.CAPACITY.CONCURRENCY_LIMIT|PLATFORM.CAPACITY.DISK_WATERMARK_EXCEEDED|PLATFORM.CONCURRENCY.STALE_VERSION|PLATFORM.LICENSE.RESTRICTED|PLATFORM.REQUEST.HEADER_MISSING|PLATFORM.REQUEST.INVALID_PAYLOAD|PLATFORM.SYSTEM.NOT_READY|PLATFORM.UPLOAD_SESSION.PART_HASH_MISMATCH
EMPLOYEE	POST	/employee/v1/queries	executeEmployeeQuery	F57-18	EMPLOYEE_SESSION_DEVICE	EMPLOYEE_QUERY_V1	EmployeeQueryEnvelopeV1	EmployeeQuerySubmissionResultV1	EmployeeQueryErrorsV1	PLATFORM.AUTHN.ACCOUNT_INACTIVE|PLATFORM.AUTHN.DEVICE_NOT_REGISTERED|PLATFORM.AUTHORITY.STALE_EPOCH|PLATFORM.AUTHZ.NOT_FOUND_OR_DENIED|PLATFORM.AUTHZ.OBJECT_FORBIDDEN|PLATFORM.CAPACITY.CONCURRENCY_LIMIT|PLATFORM.CLIENT.GENERATION_INCOMPATIBLE|PLATFORM.CLIENT_RELEASE.FORCED_UPDATE_REQUIRED|PLATFORM.LICENSE.RESTRICTED|PLATFORM.REQUEST.INVALID_PAYLOAD|PLATFORM.SYSTEM.NOT_READY
EMPLOYEE	POST	/employee/v1/session/end	endEmployeeSession	F57-18	EMPLOYEE_SESSION_DEVICE	EMPLOYEE_SESSION_END_V1	EmployeeSessionEndRequestV1	EmployeeSessionEndedV1	EmployeeSessionEndErrorsV1	PLATFORM.AUTHN.ACCOUNT_INACTIVE|PLATFORM.AUTHN.DEVICE_NOT_REGISTERED|PLATFORM.AUTHORITY.STALE_EPOCH|PLATFORM.AUTHZ.NOT_FOUND_OR_DENIED|PLATFORM.AUTHZ.OBJECT_FORBIDDEN|PLATFORM.CAPACITY.CONCURRENCY_LIMIT|PLATFORM.CLIENT.GENERATION_INCOMPATIBLE|PLATFORM.CLIENT_RELEASE.FORCED_UPDATE_REQUIRED|PLATFORM.LICENSE.RESTRICTED|PLATFORM.REQUEST.INVALID_PAYLOAD|PLATFORM.SYSTEM.NOT_READY
EMPLOYEE	POST	/employee/v1/session/handshake	handshakeEmployeeGeneration	F57-18	EMPLOYEE_SESSION_DEVICE	EMPLOYEE_SESSION_HANDSHAKE_V1	ClientGenerationReportV1	ClientGenerationDirectiveV1	EmployeeSessionHandshakeErrorsV1	PLATFORM.AUTHN.ACCOUNT_INACTIVE|PLATFORM.AUTHN.DEVICE_NOT_REGISTERED|PLATFORM.AUTHORITY.STALE_EPOCH|PLATFORM.AUTHZ.NOT_FOUND_OR_DENIED|PLATFORM.AUTHZ.OBJECT_FORBIDDEN|PLATFORM.CAPACITY.CONCURRENCY_LIMIT|PLATFORM.CLIENT.GENERATION_INCOMPATIBLE|PLATFORM.CLIENT_RELEASE.FORCED_UPDATE_REQUIRED|PLATFORM.LICENSE.RESTRICTED|PLATFORM.REQUEST.INVALID_PAYLOAD|PLATFORM.SYSTEM.NOT_READY
EMPLOYEE	POST	/employee/v1/session/renew	renewEmployeeSession	F57-18	EMPLOYEE_SESSION_DEVICE	EMPLOYEE_SESSION_RENEW_V1	EmployeeSessionRenewRequestV1	EmployeeSessionRenewedV1	EmployeeSessionRenewErrorsV1	PLATFORM.AUTHN.ACCOUNT_INACTIVE|PLATFORM.AUTHN.DEVICE_NOT_REGISTERED|PLATFORM.AUTHORITY.STALE_EPOCH|PLATFORM.AUTHZ.NOT_FOUND_OR_DENIED|PLATFORM.AUTHZ.OBJECT_FORBIDDEN|PLATFORM.CAPACITY.CONCURRENCY_LIMIT|PLATFORM.CLIENT.GENERATION_INCOMPATIBLE|PLATFORM.CLIENT_RELEASE.FORCED_UPDATE_REQUIRED|PLATFORM.LICENSE.RESTRICTED|PLATFORM.REQUEST.INVALID_PAYLOAD|PLATFORM.SYSTEM.NOT_READY
EMPLOYEE	POST	/employee/v1/session/start	startEmployeeSession	F57-18	EMPLOYEE_BOOTSTRAP_DEVICE	EMPLOYEE_SESSION_START_V1	EmployeeSessionStartRequestV1	EmployeeSessionStartedV1	EmployeeSessionStartErrorsV1	PLATFORM.AUTHN.ACCOUNT_INACTIVE|PLATFORM.AUTHN.ACCOUNT_LOCKED|PLATFORM.AUTHN.CREDENTIAL_INVALID|PLATFORM.AUTHN.DEVICE_NOT_REGISTERED|PLATFORM.AUTHN.MFA_INVALID|PLATFORM.AUTHN.MFA_REQUIRED|PLATFORM.AUTHN.RATE_LIMITED|PLATFORM.CLIENT.GENERATION_INCOMPATIBLE|PLATFORM.CLIENT_RELEASE.FORCED_UPDATE_REQUIRED|PLATFORM.REQUEST.INVALID_PAYLOAD|PLATFORM.SYSTEM.NOT_READY
EMPLOYEE	GET	/employee/v1/tasks/stream	streamEmployeeTasks	F57-18	EMPLOYEE_SESSION_DEVICE_READ	EMPLOYEE_TASK_STREAM_V1	NONE	EmployeeTaskStreamEventV1	EmployeeTaskStreamErrorsV1	PLATFORM.AUTHN.ACCOUNT_INACTIVE|PLATFORM.AUTHN.DEVICE_NOT_REGISTERED|PLATFORM.AUTHORITY.STALE_EPOCH|PLATFORM.AUTHZ.NOT_FOUND_OR_DENIED|PLATFORM.AUTHZ.OBJECT_FORBIDDEN|PLATFORM.CAPACITY.CONCURRENCY_LIMIT|PLATFORM.CLIENT.GENERATION_INCOMPATIBLE|PLATFORM.CLIENT_RELEASE.FORCED_UPDATE_REQUIRED|PLATFORM.LICENSE.RESTRICTED|PLATFORM.REQUEST.INVALID_PAYLOAD|PLATFORM.SYSTEM.NOT_READY
EMPLOYEE	GET	/employee/v1/ui-schema/{generation}	getEmployeeUiSchema	F57-18	EMPLOYEE_SESSION_DEVICE_READ	EMPLOYEE_UI_SCHEMA_GET_V1	NONE	SignedEmployeeUiSchemaV1	EmployeeUiSchemaGetErrorsV1	PLATFORM.AUTHN.ACCOUNT_INACTIVE|PLATFORM.AUTHN.DEVICE_NOT_REGISTERED|PLATFORM.AUTHORITY.STALE_EPOCH|PLATFORM.AUTHZ.NOT_FOUND_OR_DENIED|PLATFORM.AUTHZ.OBJECT_FORBIDDEN|PLATFORM.CAPACITY.CONCURRENCY_LIMIT|PLATFORM.CLIENT.GENERATION_INCOMPATIBLE|PLATFORM.CLIENT_RELEASE.FORCED_UPDATE_REQUIRED|PLATFORM.LICENSE.RESTRICTED|PLATFORM.REQUEST.INVALID_PAYLOAD|PLATFORM.SYSTEM.NOT_READY
PORTAL	POST	/portal/v1/authenticators/register	registerPortalAuthenticator	F57-22	PORTAL_SESSION_BINDING_CSRF	PORTAL_AUTHENTICATOR_REGISTER_V1	PortalAuthenticatorRegisterRequestV1	PortalAuthenticatorChangedV1	PortalAuthenticatorRegisterErrorsV1	PLATFORM.AUTHN.ACCOUNT_INACTIVE|PLATFORM.AUTHN.DEVICE_NOT_REGISTERED|PLATFORM.AUTHORITY.STALE_EPOCH|PLATFORM.AUTHZ.NOT_FOUND_OR_DENIED|PLATFORM.AUTHZ.OBJECT_FORBIDDEN|PLATFORM.AUTHZ.REAUTH_REQUIRED|PLATFORM.CAPACITY.CONCURRENCY_LIMIT|PLATFORM.CONCURRENCY.STALE_VERSION|PLATFORM.IDEMPOTENCY.IN_PROGRESS|PLATFORM.IDEMPOTENCY.PAYLOAD_MISMATCH|PLATFORM.LICENSE.RESTRICTED|PLATFORM.REQUEST.INVALID_PAYLOAD|PLATFORM.SYSTEM.NOT_READY
PORTAL	POST	/portal/v1/authenticators/revoke	revokePortalAuthenticator	F57-22	PORTAL_SESSION_BINDING_CSRF	PORTAL_AUTHENTICATOR_REVOKE_V1	PortalAuthenticatorRevokeRequestV1	PortalAuthenticatorChangedV1	PortalAuthenticatorRevokeErrorsV1	PLATFORM.AUTHN.ACCOUNT_INACTIVE|PLATFORM.AUTHN.DEVICE_NOT_REGISTERED|PLATFORM.AUTHORITY.STALE_EPOCH|PLATFORM.AUTHZ.NOT_FOUND_OR_DENIED|PLATFORM.AUTHZ.OBJECT_FORBIDDEN|PLATFORM.AUTHZ.REAUTH_REQUIRED|PLATFORM.CAPACITY.CONCURRENCY_LIMIT|PLATFORM.CONCURRENCY.STALE_VERSION|PLATFORM.IDEMPOTENCY.IN_PROGRESS|PLATFORM.IDEMPOTENCY.PAYLOAD_MISMATCH|PLATFORM.LICENSE.RESTRICTED|PLATFORM.REQUEST.INVALID_PAYLOAD|PLATFORM.SYSTEM.NOT_READY
PORTAL	POST	/portal/v1/commands	submitPortalCommand	F57-22	PORTAL_DISCRIMINATOR_AUDIENCE	PORTAL_COMMAND_V1	PortalCommandV1	PortalCommandSubmissionResultV1	PortalCommandSubmitErrorsV1	PLATFORM.AUTHN.ACCOUNT_INACTIVE|PLATFORM.AUTHN.DEVICE_NOT_REGISTERED|PLATFORM.AUTHORITY.STALE_EPOCH|PLATFORM.AUTHZ.NOT_FOUND_OR_DENIED|PLATFORM.AUTHZ.OBJECT_FORBIDDEN|PLATFORM.AUTHZ.REAUTH_REQUIRED|PLATFORM.CAPACITY.CONCURRENCY_LIMIT|PLATFORM.CONCURRENCY.STALE_VERSION|PLATFORM.IDEMPOTENCY.IN_PROGRESS|PLATFORM.IDEMPOTENCY.PAYLOAD_MISMATCH|PLATFORM.LICENSE.RESTRICTED|PLATFORM.REQUEST.INVALID_PAYLOAD|PLATFORM.SYSTEM.NOT_READY
PORTAL	GET	/portal/v1/commands/{request_id}	getPortalCommandReceipt	F57-22	PORTAL_ORIGINAL_COMMAND_BINDING	PORTAL_COMMAND_RECEIPT_V1	NONE	PortalCommandReceiptV1	PortalCommandReceiptErrorsV1	PLATFORM.AUTHN.ACCOUNT_INACTIVE|PLATFORM.AUTHN.DEVICE_NOT_REGISTERED|PLATFORM.AUTHORITY.STALE_EPOCH|PLATFORM.AUTHZ.NOT_FOUND_OR_DENIED|PLATFORM.AUTHZ.OBJECT_FORBIDDEN|PLATFORM.AUTHZ.REAUTH_REQUIRED|PLATFORM.CAPACITY.CONCURRENCY_LIMIT|PLATFORM.CONCURRENCY.STALE_VERSION|PLATFORM.IDEMPOTENCY.IN_PROGRESS|PLATFORM.IDEMPOTENCY.PAYLOAD_MISMATCH|PLATFORM.LICENSE.RESTRICTED|PLATFORM.REQUEST.INVALID_PAYLOAD|PLATFORM.SYSTEM.NOT_READY
PORTAL	POST	/portal/v1/devices/register	registerPortalDevice	F57-22	PORTAL_SESSION_BINDING_CSRF	PORTAL_DEVICE_REGISTER_V1	PortalDeviceRegisterRequestV1	PortalDeviceChangedV1	PortalDeviceRegisterErrorsV1	PLATFORM.AUTHN.ACCOUNT_INACTIVE|PLATFORM.AUTHN.DEVICE_NOT_REGISTERED|PLATFORM.AUTHORITY.STALE_EPOCH|PLATFORM.AUTHZ.NOT_FOUND_OR_DENIED|PLATFORM.AUTHZ.OBJECT_FORBIDDEN|PLATFORM.AUTHZ.REAUTH_REQUIRED|PLATFORM.CAPACITY.CONCURRENCY_LIMIT|PLATFORM.CONCURRENCY.STALE_VERSION|PLATFORM.IDEMPOTENCY.IN_PROGRESS|PLATFORM.IDEMPOTENCY.PAYLOAD_MISMATCH|PLATFORM.LICENSE.RESTRICTED|PLATFORM.REQUEST.INVALID_PAYLOAD|PLATFORM.SYSTEM.NOT_READY
PORTAL	POST	/portal/v1/devices/revoke	revokePortalDevice	F57-22	PORTAL_SESSION_BINDING_CSRF	PORTAL_DEVICE_REVOKE_V1	PortalDeviceRevokeRequestV1	PortalDeviceChangedV1	PortalDeviceRevokeErrorsV1	PLATFORM.AUTHN.ACCOUNT_INACTIVE|PLATFORM.AUTHN.DEVICE_NOT_REGISTERED|PLATFORM.AUTHORITY.STALE_EPOCH|PLATFORM.AUTHZ.NOT_FOUND_OR_DENIED|PLATFORM.AUTHZ.OBJECT_FORBIDDEN|PLATFORM.AUTHZ.REAUTH_REQUIRED|PLATFORM.CAPACITY.CONCURRENCY_LIMIT|PLATFORM.CONCURRENCY.STALE_VERSION|PLATFORM.IDEMPOTENCY.IN_PROGRESS|PLATFORM.IDEMPOTENCY.PAYLOAD_MISMATCH|PLATFORM.LICENSE.RESTRICTED|PLATFORM.REQUEST.INVALID_PAYLOAD|PLATFORM.SYSTEM.NOT_READY
PORTAL	POST	/portal/v1/files/upload-sessions	createPortalFileUploadSession	F57-22	PORTAL_SESSION_BINDING_CSRF	FILE_UPLOAD_CREATE_V1	CreateUploadSessionRequestV1	UploadSessionCreatedV1	PortalFileUploadCreateErrorsV1	PLATFORM.AUTHORITY.STALE_EPOCH|PLATFORM.AUTHZ.NOT_FOUND_OR_DENIED|PLATFORM.AUTHZ.OBJECT_FORBIDDEN|PLATFORM.CAPACITY.CONCURRENCY_LIMIT|PLATFORM.CAPACITY.DISK_WATERMARK_EXCEEDED|PLATFORM.CONCURRENCY.STALE_VERSION|PLATFORM.LICENSE.RESTRICTED|PLATFORM.REQUEST.HEADER_MISSING|PLATFORM.REQUEST.INVALID_PAYLOAD|PLATFORM.SYSTEM.NOT_READY|PLATFORM.UPLOAD_SESSION.PART_HASH_MISMATCH
PORTAL	GET	/portal/v1/files/upload-sessions/{upload_id}	getPortalFileUploadSession	F57-22	PORTAL_SESSION_BINDING_READ	FILE_UPLOAD_STATUS_V1	NONE	UploadSessionStatusV1	PortalFileUploadStatusErrorsV1	PLATFORM.AUTHORITY.STALE_EPOCH|PLATFORM.AUTHZ.NOT_FOUND_OR_DENIED|PLATFORM.AUTHZ.OBJECT_FORBIDDEN|PLATFORM.CAPACITY.CONCURRENCY_LIMIT|PLATFORM.CAPACITY.DISK_WATERMARK_EXCEEDED|PLATFORM.CONCURRENCY.STALE_VERSION|PLATFORM.LICENSE.RESTRICTED|PLATFORM.REQUEST.HEADER_MISSING|PLATFORM.REQUEST.INVALID_PAYLOAD|PLATFORM.SYSTEM.NOT_READY|PLATFORM.UPLOAD_SESSION.PART_HASH_MISMATCH
PORTAL	PUT	/portal/v1/files/upload-sessions/{upload_id}/chunks/{chunk_no}	putPortalFileUploadChunk	F57-22	PORTAL_SESSION_BINDING_CSRF	FILE_UPLOAD_CHUNK_V1	RawUploadChunkV1	UploadChunkAcceptedV1	PortalFileUploadChunkErrorsV1	PLATFORM.AUTHORITY.STALE_EPOCH|PLATFORM.AUTHZ.NOT_FOUND_OR_DENIED|PLATFORM.AUTHZ.OBJECT_FORBIDDEN|PLATFORM.CAPACITY.CONCURRENCY_LIMIT|PLATFORM.CAPACITY.DISK_WATERMARK_EXCEEDED|PLATFORM.CONCURRENCY.STALE_VERSION|PLATFORM.LICENSE.RESTRICTED|PLATFORM.REQUEST.HEADER_MISSING|PLATFORM.REQUEST.INVALID_PAYLOAD|PLATFORM.SYSTEM.NOT_READY|PLATFORM.UPLOAD_SESSION.PART_HASH_MISMATCH
PORTAL	POST	/portal/v1/files/upload-sessions/{upload_id}/complete	completePortalFileUploadSession	F57-22	PORTAL_SESSION_BINDING_CSRF	FILE_UPLOAD_COMPLETE_V1	CompleteUploadSessionRequestV1	FileIngressAcceptedV1	PortalFileUploadCompleteErrorsV1	PLATFORM.AUTHORITY.STALE_EPOCH|PLATFORM.AUTHZ.NOT_FOUND_OR_DENIED|PLATFORM.AUTHZ.OBJECT_FORBIDDEN|PLATFORM.CAPACITY.CONCURRENCY_LIMIT|PLATFORM.CAPACITY.DISK_WATERMARK_EXCEEDED|PLATFORM.CONCURRENCY.STALE_VERSION|PLATFORM.LICENSE.RESTRICTED|PLATFORM.REQUEST.HEADER_MISSING|PLATFORM.REQUEST.INVALID_PAYLOAD|PLATFORM.SYSTEM.NOT_READY|PLATFORM.UPLOAD_SESSION.PART_HASH_MISMATCH
PORTAL	GET	/portal/v1/files/{object_id}/versions/{version_id}	getPortalFileVersion	F57-22	PORTAL_SESSION_BINDING_READ	FILE_VERSION_GET_V1	NONE	PublishedFileVersionV1	PortalFileVersionGetErrorsV1	PLATFORM.AUTHORITY.STALE_EPOCH|PLATFORM.AUTHZ.NOT_FOUND_OR_DENIED|PLATFORM.AUTHZ.OBJECT_FORBIDDEN|PLATFORM.CAPACITY.CONCURRENCY_LIMIT|PLATFORM.CAPACITY.DISK_WATERMARK_EXCEEDED|PLATFORM.CONCURRENCY.STALE_VERSION|PLATFORM.LICENSE.RESTRICTED|PLATFORM.REQUEST.HEADER_MISSING|PLATFORM.REQUEST.INVALID_PAYLOAD|PLATFORM.SYSTEM.NOT_READY|PLATFORM.UPLOAD_SESSION.PART_HASH_MISMATCH
PORTAL	POST	/portal/v1/invitations/{invite_id}/accept	acceptPortalInvitation	F57-22	PORTAL_BOOTSTRAP_INVITE	PORTAL_INVITATION_ACCEPT_V1	AcceptPortalInvitationRequestV1	PortalCredentialActivationReceiptV1	PortalInvitationAcceptErrorsV1	PLATFORM.AUTHN.ACCOUNT_INACTIVE|PLATFORM.AUTHN.ACCOUNT_LOCKED|PLATFORM.AUTHN.CREDENTIAL_INVALID|PLATFORM.AUTHN.DEVICE_NOT_REGISTERED|PLATFORM.AUTHN.MFA_INVALID|PLATFORM.AUTHN.MFA_REQUIRED|PLATFORM.AUTHN.RATE_LIMITED|PLATFORM.AUTHZ.NOT_FOUND_OR_DENIED|PLATFORM.IDEMPOTENCY.IN_PROGRESS|PLATFORM.IDEMPOTENCY.PAYLOAD_MISMATCH|PLATFORM.REQUEST.INVALID_PAYLOAD|PLATFORM.SYSTEM.NOT_READY
PORTAL	POST	/portal/v1/queries	executePortalQuery	F57-22	PORTAL_DISCRIMINATOR_AUDIENCE	PORTAL_QUERY_V1	PortalQueryV1	PortalQuerySubmissionResultV1	PortalQueryErrorsV1	PLATFORM.AUTHN.ACCOUNT_INACTIVE|PLATFORM.AUTHN.DEVICE_NOT_REGISTERED|PLATFORM.AUTHORITY.STALE_EPOCH|PLATFORM.AUTHZ.NOT_FOUND_OR_DENIED|PLATFORM.AUTHZ.OBJECT_FORBIDDEN|PLATFORM.CAPACITY.CONCURRENCY_LIMIT|PLATFORM.LICENSE.RESTRICTED|PLATFORM.REQUEST.INVALID_PAYLOAD|PLATFORM.SYSTEM.NOT_READY
PORTAL	POST	/portal/v1/recovery/complete	completePortalRecovery	F57-22	PORTAL_BOOTSTRAP_BINDING	PORTAL_RECOVERY_COMPLETE_V1	PortalRecoveryCompleteRequestV1	PortalRecoveryCompletedV1	PortalRecoveryCompleteErrorsV1	PLATFORM.AUTHN.ACCOUNT_INACTIVE|PLATFORM.AUTHN.ACCOUNT_LOCKED|PLATFORM.AUTHN.CREDENTIAL_INVALID|PLATFORM.AUTHN.DEVICE_NOT_REGISTERED|PLATFORM.AUTHN.MFA_INVALID|PLATFORM.AUTHN.MFA_REQUIRED|PLATFORM.AUTHN.RATE_LIMITED|PLATFORM.AUTHZ.NOT_FOUND_OR_DENIED|PLATFORM.IDEMPOTENCY.IN_PROGRESS|PLATFORM.IDEMPOTENCY.PAYLOAD_MISMATCH|PLATFORM.REQUEST.INVALID_PAYLOAD|PLATFORM.SYSTEM.NOT_READY
PORTAL	POST	/portal/v1/recovery/prove	provePortalRecovery	F57-22	PORTAL_BOOTSTRAP_BINDING	PORTAL_RECOVERY_PROVE_V1	PortalRecoveryProveRequestV1	PortalRecoveryProofAcceptedV1	PortalRecoveryProveErrorsV1	PLATFORM.AUTHN.ACCOUNT_INACTIVE|PLATFORM.AUTHN.ACCOUNT_LOCKED|PLATFORM.AUTHN.CREDENTIAL_INVALID|PLATFORM.AUTHN.DEVICE_NOT_REGISTERED|PLATFORM.AUTHN.MFA_INVALID|PLATFORM.AUTHN.MFA_REQUIRED|PLATFORM.AUTHN.RATE_LIMITED|PLATFORM.AUTHZ.NOT_FOUND_OR_DENIED|PLATFORM.IDEMPOTENCY.IN_PROGRESS|PLATFORM.IDEMPOTENCY.PAYLOAD_MISMATCH|PLATFORM.REQUEST.INVALID_PAYLOAD|PLATFORM.SYSTEM.NOT_READY
PORTAL	POST	/portal/v1/recovery/start	startPortalRecovery	F57-22	PORTAL_BOOTSTRAP_BINDING	PORTAL_RECOVERY_START_V1	PortalRecoveryStartRequestV1	PortalRecoveryChallengeV1	PortalRecoveryStartErrorsV1	PLATFORM.AUTHN.ACCOUNT_INACTIVE|PLATFORM.AUTHN.ACCOUNT_LOCKED|PLATFORM.AUTHN.CREDENTIAL_INVALID|PLATFORM.AUTHN.DEVICE_NOT_REGISTERED|PLATFORM.AUTHN.MFA_INVALID|PLATFORM.AUTHN.MFA_REQUIRED|PLATFORM.AUTHN.RATE_LIMITED|PLATFORM.AUTHZ.NOT_FOUND_OR_DENIED|PLATFORM.IDEMPOTENCY.IN_PROGRESS|PLATFORM.IDEMPOTENCY.PAYLOAD_MISMATCH|PLATFORM.REQUEST.INVALID_PAYLOAD|PLATFORM.SYSTEM.NOT_READY
PORTAL	POST	/portal/v1/sessions/end	endPortalSession	F57-22	PORTAL_SESSION_BINDING_CSRF	PORTAL_SESSION_END_V1	PortalSessionEndRequestV1	PortalSessionEndedV1	PortalSessionEndErrorsV1	PLATFORM.AUTHN.ACCOUNT_INACTIVE|PLATFORM.AUTHN.DEVICE_NOT_REGISTERED|PLATFORM.AUTHORITY.STALE_EPOCH|PLATFORM.AUTHZ.NOT_FOUND_OR_DENIED|PLATFORM.AUTHZ.OBJECT_FORBIDDEN|PLATFORM.AUTHZ.REAUTH_REQUIRED|PLATFORM.CAPACITY.CONCURRENCY_LIMIT|PLATFORM.CONCURRENCY.STALE_VERSION|PLATFORM.IDEMPOTENCY.IN_PROGRESS|PLATFORM.IDEMPOTENCY.PAYLOAD_MISMATCH|PLATFORM.LICENSE.RESTRICTED|PLATFORM.REQUEST.INVALID_PAYLOAD|PLATFORM.SYSTEM.NOT_READY
PORTAL	POST	/portal/v1/sessions/renew	renewPortalSession	F57-22	PORTAL_SESSION_BINDING_CSRF	PORTAL_SESSION_RENEW_V1	PortalSessionRenewRequestV1	PortalSessionRenewedV1	PortalSessionRenewErrorsV1	PLATFORM.AUTHN.ACCOUNT_INACTIVE|PLATFORM.AUTHN.DEVICE_NOT_REGISTERED|PLATFORM.AUTHORITY.STALE_EPOCH|PLATFORM.AUTHZ.NOT_FOUND_OR_DENIED|PLATFORM.AUTHZ.OBJECT_FORBIDDEN|PLATFORM.AUTHZ.REAUTH_REQUIRED|PLATFORM.CAPACITY.CONCURRENCY_LIMIT|PLATFORM.CONCURRENCY.STALE_VERSION|PLATFORM.IDEMPOTENCY.IN_PROGRESS|PLATFORM.IDEMPOTENCY.PAYLOAD_MISMATCH|PLATFORM.LICENSE.RESTRICTED|PLATFORM.REQUEST.INVALID_PAYLOAD|PLATFORM.SYSTEM.NOT_READY
PORTAL	POST	/portal/v1/sessions/start	startPortalSession	F57-22	PORTAL_BOOTSTRAP_BINDING	PORTAL_SESSION_START_V1	PortalSessionStartRequestV1	PortalSessionStartedV1	PortalSessionStartErrorsV1	PLATFORM.AUTHN.ACCOUNT_INACTIVE|PLATFORM.AUTHN.ACCOUNT_LOCKED|PLATFORM.AUTHN.CREDENTIAL_INVALID|PLATFORM.AUTHN.DEVICE_NOT_REGISTERED|PLATFORM.AUTHN.MFA_INVALID|PLATFORM.AUTHN.MFA_REQUIRED|PLATFORM.AUTHN.RATE_LIMITED|PLATFORM.AUTHZ.NOT_FOUND_OR_DENIED|PLATFORM.IDEMPOTENCY.IN_PROGRESS|PLATFORM.IDEMPOTENCY.PAYLOAD_MISMATCH|PLATFORM.REQUEST.INVALID_PAYLOAD|PLATFORM.SYSTEM.NOT_READY
