schema_name	component_kind	owner_task	shape_profile	subject_id_field	item_ref	config_schema	explicit_field_set
AcceptanceSubmittedV1	RESULT	F57-22	ACCEPTED_V1	acceptance_id	NONE	NONE	NONE
AddServiceEvidenceRequestV1	PAYLOAD	F57-22	ACTION_CONFIGURED_V1	customer_id	NONE	CONFIGURED_ACTION_VALUES_V1	NONE
AdvanceAllocateRequestV1	PAYLOAD	F57-20	ACTION_CONFIGURED_V1	advance_id	NONE	CONFIGURED_ACTION_VALUES_V1	NONE
AdvanceShippingNoticeAcceptedV1	RESULT	F57-22	ACCEPTED_V1	advance_shipping_notice_id	NONE	NONE	NONE
AgingPayableGetQueryV1	PAYLOAD	F57-20	GET_BY_ID_V1	aging_payable_id	NONE	NONE	NONE
AgingPayableViewV1	RESULT	F57-20	VIEW_CONFIGURED_V1	aging_payable_id	NONE	CONFIGURED_RECORD_VALUES_V1	NONE
AgingReceivableGetQueryV1	PAYLOAD	F57-20	GET_BY_ID_V1	aging_receivable_id	NONE	NONE	NONE
AgingReceivableViewV1	RESULT	F57-20	VIEW_CONFIGURED_V1	aging_receivable_id	NONE	CONFIGURED_RECORD_VALUES_V1	NONE
AllocationAcceptedV1	RESULT	F57-20	ACCEPTED_V1	allocation_id	NONE	NONE	NONE
AllocationListQueryV1	PAYLOAD	F57-20	LIST_CONFIGURED_V1	NONE	NONE	CONFIGURED_QUERY_VALUES_V1	NONE
AllocationPageV1	RESULT	F57-20	PAGE_V1	allocation_id	INLINE_CONFIGURED_ITEM_V1	CONFIGURED_RECORD_VALUES_V1	NONE
AllocationReverseRequestV1	PAYLOAD	F57-20	ACTION_CONFIGURED_V1	allocation_id	NONE	CONFIGURED_ACTION_VALUES_V1	NONE
ApprovalCaseAcceptedV1	RESULT	F57-23	EXPLICIT_FIELDS_V1	NONE	NONE	NONE	case_id:ENTITY_ID:REQ;state:STATE_CODE:REQ;row_version:ROW_VERSION:REQ
ApprovalCaseCreateRequestV1	PAYLOAD	F57-23	EXPLICIT_FIELDS_V1	NONE	NONE	NONE	subject:OBJECT_REF:REQ;action_code:ACTION_CODE:REQ;request_sha256:SHA256:REQ;evidence_refs:EVIDENCE_REF_SET:REQ
ApprovalCaseGetQueryV1	PAYLOAD	F57-23	GET_BY_ID_V1	case_id	NONE	NONE	NONE
ApprovalCaseListQueryV1	PAYLOAD	F57-23	LIST_CONFIGURED_V1	NONE	NONE	CONFIGURED_QUERY_VALUES_V1	NONE
ApprovalCasePageV1	RESULT	F57-23	PAGE_V1	NONE	ApprovalCaseViewV1	NONE	NONE
ApprovalCaseViewV1	RESULT	F57-23	VIEW_CONFIGURED_V1	case_id	NONE	CONFIGURED_RECORD_VALUES_V1	NONE
AuthorizedSearchPageV1	RESULT	F57-23	PAGE_STATELESS_CONFIGURED_V1	authorized_search_id	INLINE_CONFIGURED_ITEM_V1	CONFIGURED_RECORD_VALUES_V1	NONE
AuthorizedSearchRequestV1	PAYLOAD	F57-23	EXPLICIT_FIELDS_V1	NONE	NONE	NONE	definition_id:ENTITY_ID:REQ;definition_version:U64_POS:REQ;filter:FILTER_AST:REQ;sort:SORT_SPEC_SET:REQ;page_size:U32_1_200:REQ;cursor:CURSOR:NULL
AutomationEffectChangedV1	RESULT	F57-16	CHANGED_V1	automation_effect_id	NONE	NONE	NONE
AutomationEffectListQueryV1	PAYLOAD	F57-16	LIST_CONFIGURED_V1	NONE	NONE	CONFIGURED_QUERY_VALUES_V1	NONE
AutomationEffectPageV1	RESULT	F57-16	PAGE_V1	NONE	AutomationEffectViewV1	NONE	NONE
AutomationEffectViewV1	RESULT	F57-16	VIEW_CONFIGURED_V1	automation_effect_id	NONE	CONFIGURED_RECORD_VALUES_V1	NONE
AwardAcceptedV1	RESULT	F57-20	ACCEPTED_V1	award_id	NONE	NONE	NONE
AwardDecideRequestV1	PAYLOAD	F57-20	ACTION_CONFIGURED_V1	award_id	NONE	CONFIGURED_ACTION_VALUES_V1	NONE
AwardGetQueryV1	PAYLOAD	F57-20	GET_BY_ID_V1	award_id	NONE	NONE	NONE
AwardListQueryV1	PAYLOAD	F57-20	LIST_CONFIGURED_V1	NONE	NONE	CONFIGURED_QUERY_VALUES_V1	NONE
AwardPageV1	RESULT	F57-20	PAGE_V1	NONE	AwardViewV1	NONE	NONE
AwardProposeRequestV1	PAYLOAD	F57-20	ACTION_CONFIGURED_V1	award_id	NONE	CONFIGURED_ACTION_VALUES_V1	NONE
AwardRevokeRequestV1	PAYLOAD	F57-20	ACTION_CONFIGURED_V1	award_id	NONE	CONFIGURED_ACTION_VALUES_V1	NONE
AwardViewV1	RESULT	F57-20	VIEW_CONFIGURED_V1	award_id	NONE	CONFIGURED_RECORD_VALUES_V1	NONE
BillingRequestAcceptedV1	RESULT	F57-20	ACCEPTED_V1	billing_request_id	NONE	NONE	NONE
BillingRequestCancelRequestV1	PAYLOAD	F57-20	ACTION_CONFIGURED_V1	billing_request_id	NONE	CONFIGURED_ACTION_VALUES_V1	NONE
BillingRequestChangeDraftRequestV1	PAYLOAD	F57-20	PATCH_CONFIGURED_V1	billing_request_id	NONE	CONFIGURED_PATCH_VALUES_V1	NONE
BillingRequestCreateRequestV1	PAYLOAD	F57-20	CREATE_CONFIGURED_V1	NONE	NONE	CONFIGURED_CREATE_VALUES_V1	NONE
BillingRequestDecideRequestV1	PAYLOAD	F57-20	ACTION_CONFIGURED_V1	billing_request_id	NONE	CONFIGURED_ACTION_VALUES_V1	NONE
BillingRequestGetQueryV1	PAYLOAD	F57-20	GET_BY_ID_V1	billing_request_id	NONE	NONE	NONE
BillingRequestListQueryV1	PAYLOAD	F57-20	LIST_CONFIGURED_V1	NONE	NONE	CONFIGURED_QUERY_VALUES_V1	NONE
BillingRequestPageV1	RESULT	F57-20	PAGE_V1	NONE	BillingRequestViewV1	NONE	NONE
BillingRequestSubmitRequestV1	PAYLOAD	F57-20	ACTION_CONFIGURED_V1	billing_request_id	NONE	CONFIGURED_ACTION_VALUES_V1	NONE
BillingRequestViewV1	RESULT	F57-20	VIEW_CONFIGURED_V1	billing_request_id	NONE	CONFIGURED_RECORD_VALUES_V1	NONE
CapabilityGrantChangedV1	RESULT	F57-16	CHANGED_V1	capability_grant_id	NONE	NONE	NONE
CapabilityGrantCreateRequestV1	PAYLOAD	F57-16	EXPLICIT_FIELDS_V1	NONE	NONE	NONE	grant_id:ENTITY_ID:REQ;principal_id:ENTITY_ID:REQ;capability_id:ACTION_CODE:REQ;scope:SCOPE_AST:REQ;conditions:GRANT_CONDITION_SET:REQ;valid_from:UTC:REQ;valid_until:UTC:REQ;device_constraint:DEVICE_CONSTRAINT:REQ;risk_ceiling:ENUM(LOW|MEDIUM|HIGH|CRITICAL):REQ;delegation_depth_remaining:U8_0_8:REQ;evidence_refs:EVIDENCE_REF_SET:REQ
CapabilityGrantListQueryV1	PAYLOAD	F57-16	LIST_CONFIGURED_V1	NONE	NONE	CONFIGURED_QUERY_VALUES_V1	NONE
CapabilityGrantPageV1	RESULT	F57-16	PAGE_V1	NONE	CapabilityGrantViewV1	NONE	NONE
CapabilityGrantRevokeRequestV1	PAYLOAD	F57-16	EXPLICIT_FIELDS_V1	NONE	NONE	NONE	grant_id:ENTITY_ID:REQ;expected_row_version:ROW_VERSION:REQ;reason:STRING_1_4096:REQ;evidence_refs:EVIDENCE_REF_SET:REQ
CapabilityGrantViewV1	RESULT	F57-16	VIEW_CONFIGURED_V1	capability_grant_id	NONE	CONFIGURED_RECORD_VALUES_V1	NONE
CashAccountAcceptedV1	RESULT	F57-20	ACCEPTED_V1	cash_account_id	NONE	NONE	NONE
CashAccountChangeRequestV1	PAYLOAD	F57-20	ACTION_CONFIGURED_V1	cash_account_id	NONE	CONFIGURED_ACTION_VALUES_V1	NONE
CashAccountCreateRequestV1	PAYLOAD	F57-20	CREATE_CONFIGURED_V1	NONE	NONE	CONFIGURED_CREATE_VALUES_V1	NONE
CashAccountDeactivateRequestV1	PAYLOAD	F57-20	ACTION_CONFIGURED_V1	cash_account_id	NONE	CONFIGURED_ACTION_VALUES_V1	NONE
CashAccountGetQueryV1	PAYLOAD	F57-20	GET_BY_ID_V1	cash_account_id	NONE	NONE	NONE
CashAccountListQueryV1	PAYLOAD	F57-20	LIST_CONFIGURED_V1	NONE	NONE	CONFIGURED_QUERY_VALUES_V1	NONE
CashAccountPageV1	RESULT	F57-20	PAGE_V1	NONE	CashAccountViewV1	NONE	NONE
CashAccountViewV1	RESULT	F57-20	VIEW_CONFIGURED_V1	cash_account_id	NONE	CONFIGURED_RECORD_VALUES_V1	NONE
CashLedgerListQueryV1	PAYLOAD	F57-20	LIST_CONFIGURED_V1	NONE	NONE	CONFIGURED_QUERY_VALUES_V1	NONE
CashLedgerPageV1	RESULT	F57-20	PAGE_V1	cash_ledger_id	INLINE_CONFIGURED_ITEM_V1	CONFIGURED_RECORD_VALUES_V1	NONE
ComplaintAcceptedV1	RESULT	F57-21	ACCEPTED_V1	complaint_id	NONE	NONE	NONE
ComplaintAcknowledgeRequestV1	PAYLOAD	F57-21	ACTION_CONFIGURED_V1	complaint_id	NONE	CONFIGURED_ACTION_VALUES_V1	NONE
ComplaintCancelRequestV1	PAYLOAD	F57-21	ACTION_CONFIGURED_V1	complaint_id	NONE	CONFIGURED_ACTION_VALUES_V1	NONE
ComplaintCloseRequestV1	PAYLOAD	F57-21	ACTION_CONFIGURED_V1	complaint_id	NONE	CONFIGURED_ACTION_VALUES_V1	NONE
ComplaintGetQueryV1	PAYLOAD	F57-21	GET_BY_ID_V1	complaint_id	NONE	NONE	NONE
ComplaintListQueryV1	PAYLOAD	F57-21	LIST_CONFIGURED_V1	NONE	NONE	CONFIGURED_QUERY_VALUES_V1	NONE
ComplaintPageV1	RESULT	F57-21	PAGE_V1	NONE	ComplaintViewV1	NONE	NONE
ComplaintPlanActionRequestV1	PAYLOAD	F57-21	ACTION_CONFIGURED_V1	complaint_id	NONE	CONFIGURED_ACTION_VALUES_V1	NONE
ComplaintRegisterRequestV1	PAYLOAD	F57-21	ACTION_CONFIGURED_V1	complaint_id	NONE	CONFIGURED_ACTION_VALUES_V1	NONE
ComplaintReopenRequestV1	PAYLOAD	F57-21	ACTION_CONFIGURED_V1	complaint_id	NONE	CONFIGURED_ACTION_VALUES_V1	NONE
ComplaintResolveRequestV1	PAYLOAD	F57-21	ACTION_CONFIGURED_V1	complaint_id	NONE	CONFIGURED_ACTION_VALUES_V1	NONE
ComplaintResumeInvestigationRequestV1	PAYLOAD	F57-21	ACTION_CONFIGURED_V1	complaint_id	NONE	CONFIGURED_ACTION_VALUES_V1	NONE
ComplaintStartInvestigationRequestV1	PAYLOAD	F57-21	ACTION_CONFIGURED_V1	complaint_id	NONE	CONFIGURED_ACTION_VALUES_V1	NONE
ComplaintSubmitClosureReviewRequestV1	PAYLOAD	F57-21	ACTION_CONFIGURED_V1	complaint_id	NONE	CONFIGURED_ACTION_VALUES_V1	NONE
ComplaintViewV1	RESULT	F57-21	VIEW_CONFIGURED_V1	complaint_id	NONE	CONFIGURED_RECORD_VALUES_V1	NONE
ComplaintWaitCustomerRequestV1	PAYLOAD	F57-21	ACTION_CONFIGURED_V1	complaint_id	NONE	CONFIGURED_ACTION_VALUES_V1	NONE
ConfirmDeliveryDateRequestV1	PAYLOAD	F57-22	ACTION_CONFIGURED_V1	supplier_id	NONE	CONFIGURED_ACTION_VALUES_V1	NONE
ConfirmDeliveryRequestV1	PAYLOAD	F57-22	ACTION_CONFIGURED_V1	customer_id	NONE	CONFIGURED_ACTION_VALUES_V1	NONE
ConfirmPurchaseOrderRequestV1	PAYLOAD	F57-22	ACTION_CONFIGURED_V1	supplier_id	NONE	CONFIGURED_ACTION_VALUES_V1	NONE
ContractAcceptedV1	RESULT	F57-19	ACCEPTED_V1	contract_id	NONE	NONE	NONE
ContractActivateRequestV1	PAYLOAD	F57-19	ACTION_CONFIGURED_V1	contract_id	NONE	CONFIGURED_ACTION_VALUES_V1	NONE
ContractApproveRequestV1	PAYLOAD	F57-19	ACTION_CONFIGURED_V1	contract_id	NONE	CONFIGURED_ACTION_VALUES_V1	NONE
ContractChangeDraftRequestV1	PAYLOAD	F57-19	PATCH_CONFIGURED_V1	contract_id	NONE	CONFIGURED_PATCH_VALUES_V1	NONE
ContractChangeRequestV1	PAYLOAD	F57-19	ACTION_CONFIGURED_V1	contract_id	NONE	CONFIGURED_ACTION_VALUES_V1	NONE
ContractCreateDraftRequestV1	PAYLOAD	F57-19	ACTION_CONFIGURED_V1	contract_id	NONE	CONFIGURED_ACTION_VALUES_V1	NONE
ContractFulfilmentGetQueryV1	PAYLOAD	F57-19	GET_BY_ID_V1	contract_fulfilment_id	NONE	NONE	NONE
ContractFulfilmentViewV1	RESULT	F57-19	VIEW_CONFIGURED_V1	contract_fulfilment_id	NONE	CONFIGURED_RECORD_VALUES_V1	NONE
ContractGetQueryV1	PAYLOAD	F57-19	GET_BY_ID_V1	contract_id	NONE	NONE	NONE
ContractListQueryV1	PAYLOAD	F57-19	LIST_CONFIGURED_V1	NONE	NONE	CONFIGURED_QUERY_VALUES_V1	NONE
ContractMergeRequestV1	PAYLOAD	F57-19	ACTION_CONFIGURED_V1	contract_id	NONE	CONFIGURED_ACTION_VALUES_V1	NONE
ContractPageV1	RESULT	F57-19	PAGE_V1	NONE	ContractViewV1	NONE	NONE
ContractPaymentScheduleGetQueryV1	PAYLOAD	F57-19	GET_BY_ID_V1	contract_payment_schedule_id	NONE	NONE	NONE
ContractPaymentScheduleViewV1	RESULT	F57-19	VIEW_CONFIGURED_V1	contract_payment_schedule_id	NONE	CONFIGURED_RECORD_VALUES_V1	NONE
ContractRecordSignatureRequestV1	PAYLOAD	F57-19	ACTION_CONFIGURED_V1	contract_id	NONE	CONFIGURED_ACTION_VALUES_V1	NONE
ContractRenewRequestV1	PAYLOAD	F57-19	ACTION_CONFIGURED_V1	contract_id	NONE	CONFIGURED_ACTION_VALUES_V1	NONE
ContractRequestTerminationRequestV1	PAYLOAD	F57-19	ACTION_CONFIGURED_V1	contract_id	NONE	CONFIGURED_ACTION_VALUES_V1	NONE
ContractSubmitRequestV1	PAYLOAD	F57-19	ACTION_CONFIGURED_V1	contract_id	NONE	CONFIGURED_ACTION_VALUES_V1	NONE
ContractVersionListQueryV1	PAYLOAD	F57-19	LIST_CONFIGURED_V1	NONE	NONE	CONFIGURED_QUERY_VALUES_V1	NONE
ContractVersionPageV1	RESULT	F57-19	PAGE_V1	contract_version_id	INLINE_CONFIGURED_ITEM_V1	CONFIGURED_RECORD_VALUES_V1	NONE
ContractViewV1	RESULT	F57-19	VIEW_CONFIGURED_V1	contract_id	NONE	CONFIGURED_RECORD_VALUES_V1	NONE
ControlApprovalCaseDecisionRequestV1	PAYLOAD	F57-23	EXPLICIT_FIELDS_V1	NONE	NONE	NONE	case_id:ENTITY_ID:REQ;expected_row_version:ROW_VERSION:REQ;decision:ENUM(APPROVE|REJECT):REQ;evidence_refs:EVIDENCE_REF_SET:REQ
ControlHumanEffectDecisionRequestV1	PAYLOAD	F57-16	EXPLICIT_FIELDS_V1	NONE	NONE	NONE	effect_id:ENTITY_ID:REQ;expected_row_version:ROW_VERSION:REQ;decision:ENUM(CONFIRMED_SUCCEEDED|CONFIRMED_NOT_EXECUTED|CONFIRMED_COMPENSATED|UNRESOLVED_CONTAINED):REQ;evidence_refs:EVIDENCE_REF_SET:REQ
ControlListQueryV1	PAYLOAD	F57-16	EXPLICIT_FIELDS_V1	NONE	NONE	NONE	states:STATE_CODE_SET:REQ;page_size:U32_1_200:REQ;cursor:CURSOR:NULL
ControlObjectIdQueryV1	PAYLOAD	F57-16	EXPLICIT_FIELDS_V1	NONE	NONE	NONE	id:SUBJECT_ID:REQ
ControlObjectiveListQueryV1	PAYLOAD	F57-16	LIST_CONFIGURED_V1	NONE	NONE	CONFIGURED_QUERY_VALUES_V1	NONE
ControlObjectivePageV1	RESULT	F57-16	PAGE_V1	NONE	ControlObjectiveViewV1	NONE	NONE
ControlObjectiveReopenRequestV1	PAYLOAD	F57-16	EXPLICIT_FIELDS_V1	NONE	NONE	NONE	objective_id:ENTITY_ID:REQ;objective_cycle:U64_POS:REQ;expected_row_version:ROW_VERSION:REQ;reopen_trigger_kind:OBJECTIVE_REOPEN_TRIGGER:REQ;trigger_fact_ref:EVIDENCE_REF:REQ;evidence_refs:EVIDENCE_REF_SET:REQ
ControlObjectiveTerminationRequestV1	PAYLOAD	F57-16	EXPLICIT_FIELDS_V1	NONE	NONE	NONE	objective_id:ENTITY_ID:REQ;objective_cycle:U64_POS:REQ;expected_row_version:ROW_VERSION:REQ;termination_reason_code:OBJECTIVE_TERMINATION_REASON:REQ;termination_impact_digest:SHA256:REQ;approval_case_id:ENTITY_ID:REQ;evidence_refs:EVIDENCE_REF_SET:REQ
ControlObjectiveViewV1	RESULT	F57-16	VIEW_CONFIGURED_V1	control_objective_id	NONE	CONFIGURED_RECORD_VALUES_V1	NONE
CorrectiveActionAcceptedV1	RESULT	F57-21	ACCEPTED_V1	corrective_action_id	NONE	NONE	NONE
CorrectiveActionCompleteRequestV1	PAYLOAD	F57-21	ACTION_CONFIGURED_V1	corrective_action_id	NONE	CONFIGURED_ACTION_VALUES_V1	NONE
CorrectiveActionCreateRequestV1	PAYLOAD	F57-21	CREATE_CONFIGURED_V1	NONE	NONE	CONFIGURED_CREATE_VALUES_V1	NONE
CreateComplaintRequestV1	PAYLOAD	F57-22	ACTION_CONFIGURED_V1	customer_id	NONE	CONFIGURED_ACTION_VALUES_V1	NONE
CreateServiceRequestV1	PAYLOAD	F57-22	ACTION_CONFIGURED_V1	customer_id	NONE	CONFIGURED_ACTION_VALUES_V1	NONE
CreditExposureGetQueryV1	PAYLOAD	F57-19	GET_BY_ID_V1	credit_exposure_id	NONE	NONE	NONE
CreditExposureViewV1	RESULT	F57-19	VIEW_CONFIGURED_V1	credit_exposure_id	NONE	CONFIGURED_RECORD_VALUES_V1	NONE
CreditNoteCreateRequestV1	PAYLOAD	F57-20	CREATE_CONFIGURED_V1	NONE	NONE	CONFIGURED_CREATE_VALUES_V1	NONE
CreditNotePostRequestV1	PAYLOAD	F57-20	ACTION_CONFIGURED_V1	credit_note_id	NONE	CONFIGURED_ACTION_VALUES_V1	NONE
Customer360GetQueryV1	PAYLOAD	F57-19	GET_BY_ID_V1	customer_360_id	NONE	NONE	NONE
Customer360ViewV1	RESULT	F57-19	VIEW_CONFIGURED_V1	customer360_id	NONE	CONFIGURED_RECORD_VALUES_V1	NONE
CustomerApprovedDocumentGetQueryV1	PAYLOAD	F57-22	GET_BY_ID_V1	customer_approved_document_id	NONE	NONE	NONE
CustomerApprovedDocumentViewV1	RESULT	F57-22	VIEW_CONFIGURED_V1	customer_approved_document_id	NONE	CONFIGURED_RECORD_VALUES_V1	NONE
CustomerContractGetQueryV1	PAYLOAD	F57-22	GET_BY_ID_V1	customer_contract_id	NONE	NONE	NONE
CustomerContractViewV1	RESULT	F57-22	VIEW_CONFIGURED_V1	customer_contract_id	NONE	CONFIGURED_RECORD_VALUES_V1	NONE
CustomerDeliveryGetQueryV1	PAYLOAD	F57-22	GET_BY_ID_V1	customer_delivery_id	NONE	NONE	NONE
CustomerDeliveryViewV1	RESULT	F57-22	VIEW_CONFIGURED_V1	customer_delivery_id	NONE	CONFIGURED_RECORD_VALUES_V1	NONE
CustomerEquipmentGetQueryV1	PAYLOAD	F57-22	GET_BY_ID_V1	customer_equipment_id	NONE	NONE	NONE
CustomerEquipmentViewV1	RESULT	F57-22	VIEW_CONFIGURED_V1	customer_equipment_id	NONE	CONFIGURED_RECORD_VALUES_V1	NONE
CustomerInvoiceGetQueryV1	PAYLOAD	F57-22	GET_BY_ID_V1	customer_invoice_id	NONE	NONE	NONE
CustomerInvoiceViewV1	RESULT	F57-22	VIEW_CONFIGURED_V1	customer_invoice_id	NONE	CONFIGURED_RECORD_VALUES_V1	NONE
CustomerMergeAcceptedV1	RESULT	F57-19	ACCEPTED_V1	customer_merge_id	NONE	NONE	NONE
CustomerMergeRequestV1	PAYLOAD	F57-19	ACTION_CONFIGURED_V1	mdm_id	NONE	CONFIGURED_ACTION_VALUES_V1	NONE
CustomerOrderGetQueryV1	PAYLOAD	F57-22	GET_BY_ID_V1	customer_order_id	NONE	NONE	NONE
CustomerOrderViewV1	RESULT	F57-22	VIEW_CONFIGURED_V1	customer_order_id	NONE	CONFIGURED_RECORD_VALUES_V1	NONE
CustomerQuoteGetQueryV1	PAYLOAD	F57-22	GET_BY_ID_V1	customer_quote_id	NONE	NONE	NONE
CustomerQuoteViewV1	RESULT	F57-22	VIEW_CONFIGURED_V1	customer_quote_id	NONE	CONFIGURED_RECORD_VALUES_V1	NONE
CustomerReceiptGetQueryV1	PAYLOAD	F57-22	GET_BY_ID_V1	customer_receipt_id	NONE	NONE	NONE
CustomerReceiptViewV1	RESULT	F57-22	VIEW_CONFIGURED_V1	customer_receipt_id	NONE	CONFIGURED_RECORD_VALUES_V1	NONE
CustomerWorkOrderGetQueryV1	PAYLOAD	F57-22	GET_BY_ID_V1	customer_work_order_id	NONE	NONE	NONE
CustomerWorkOrderViewV1	RESULT	F57-22	VIEW_CONFIGURED_V1	customer_work_order_id	NONE	CONFIGURED_RECORD_VALUES_V1	NONE
DeliveryConfirmationAcceptedV1	RESULT	F57-20	ACCEPTED_V1	delivery_confirmation_id	NONE	NONE	NONE
DeliveryConfirmationCreateRequestV1	PAYLOAD	F57-20	CREATE_CONFIGURED_V1	NONE	NONE	CONFIGURED_CREATE_VALUES_V1	NONE
DeliveryConfirmationGetQueryV1	PAYLOAD	F57-20	GET_BY_ID_V1	delivery_confirmation_id	NONE	NONE	NONE
DeliveryConfirmationListQueryV1	PAYLOAD	F57-20	LIST_CONFIGURED_V1	NONE	NONE	CONFIGURED_QUERY_VALUES_V1	NONE
DeliveryConfirmationPageV1	RESULT	F57-20	PAGE_V1	NONE	DeliveryConfirmationViewV1	NONE	NONE
DeliveryConfirmationViewV1	RESULT	F57-20	VIEW_CONFIGURED_V1	delivery_confirmation_id	NONE	CONFIGURED_RECORD_VALUES_V1	NONE
DeliveryConfirmedV1	RESULT	F57-20	ACCEPTED_V1	delivery_id	NONE	NONE	NONE
DeliveryDateConfirmedV1	RESULT	F57-22	ACCEPTED_V1	delivery_date_id	NONE	NONE	NONE
DeliveryScheduleChangedV1	RESULT	F57-19	CHANGED_V1	delivery_schedule_id	NONE	NONE	NONE
DeliveryScheduleListQueryV1	PAYLOAD	F57-19	LIST_CONFIGURED_V1	NONE	NONE	CONFIGURED_QUERY_VALUES_V1	NONE
DeliveryScheduleMergeRequestV1	PAYLOAD	F57-19	ACTION_CONFIGURED_V1	delivery_schedule_id	NONE	CONFIGURED_ACTION_VALUES_V1	NONE
DeliverySchedulePageV1	RESULT	F57-19	PAGE_V1	delivery_schedule_id	INLINE_CONFIGURED_ITEM_V1	CONFIGURED_RECORD_VALUES_V1	NONE
DeliveryScheduleSplitRequestV1	PAYLOAD	F57-19	ACTION_CONFIGURED_V1	delivery_schedule_id	NONE	CONFIGURED_ACTION_VALUES_V1	NONE
DispositionCaseAcceptedV1	RESULT	F57-23	EXPLICIT_FIELDS_V1	NONE	NONE	NONE	case_id:ENTITY_ID:REQ;state:STATE_CODE:REQ;row_version:ROW_VERSION:REQ
DispositionCaseCreateRequestV1	PAYLOAD	F57-23	EXPLICIT_FIELDS_V1	NONE	NONE	NONE	case_id:ENTITY_ID:REQ;scope:SCOPE_AST:REQ;method:DISPOSITION_METHOD:REQ;policy_ref:POLICY_REF:REQ;evidence_refs:EVIDENCE_REF_SET:REQ
DispositionCaseGetQueryV1	PAYLOAD	F57-23	GET_BY_ID_V1	case_id	NONE	NONE	NONE
DispositionCaseListQueryV1	PAYLOAD	F57-23	LIST_CONFIGURED_V1	NONE	NONE	CONFIGURED_QUERY_VALUES_V1	NONE
DispositionCasePageV1	RESULT	F57-23	PAGE_V1	NONE	DispositionCaseViewV1	NONE	NONE
DispositionCaseViewV1	RESULT	F57-23	VIEW_CONFIGURED_V1	case_id	NONE	CONFIGURED_RECORD_VALUES_V1	NONE
DispositionDecisionRequestV1	PAYLOAD	F57-23	EXPLICIT_FIELDS_V1	NONE	NONE	NONE	case_id:ENTITY_ID:REQ;expected_row_version:ROW_VERSION:REQ;decision:ENUM(APPROVE|REJECT):REQ;evidence_refs:EVIDENCE_REF_SET:REQ
DispositionExecuteRequestV1	PAYLOAD	F57-23	EXPLICIT_FIELDS_V1	NONE	NONE	NONE	case_id:ENTITY_ID:REQ;expected_row_version:ROW_VERSION:REQ;approved_scope_digest:SHA256:REQ
DispositionImpactRequestV1	PAYLOAD	F57-23	EXPLICIT_FIELDS_V1	NONE	NONE	NONE	case_id:ENTITY_ID:REQ;expected_row_version:ROW_VERSION:REQ;impact_digest:SHA256:REQ;blocking_refs:OBJECT_REF_SET:REQ;evidence_refs:EVIDENCE_REF_SET:REQ
DispositionResumeRequestV1	PAYLOAD	F57-23	EXPLICIT_FIELDS_V1	NONE	NONE	NONE	case_id:ENTITY_ID:REQ;expected_row_version:ROW_VERSION:REQ;approved_scope_digest:SHA256:REQ;containment_resolution_evidence_refs:EVIDENCE_REF_SET:REQ
DispositionTransitionRequestV1	PAYLOAD	F57-23	EXPLICIT_FIELDS_V1	NONE	NONE	NONE	case_id:ENTITY_ID:REQ;expected_row_version:ROW_VERSION:REQ
DispositionVerifyRequestV1	PAYLOAD	F57-23	EXPLICIT_FIELDS_V1	NONE	NONE	NONE	case_id:ENTITY_ID:REQ;expected_row_version:ROW_VERSION:REQ;verification_evidence_refs:EVIDENCE_REF_SET:REQ
DuplicateCandidateListQueryV1	PAYLOAD	F57-19	LIST_CONFIGURED_V1	NONE	NONE	CONFIGURED_QUERY_VALUES_V1	NONE
DuplicateCandidatePageV1	RESULT	F57-19	PAGE_V1	duplicate_candidate_id	INLINE_CONFIGURED_ITEM_V1	CONFIGURED_RECORD_VALUES_V1	NONE
EmployeeApprovalCaseDecisionRequestV1	PAYLOAD	F57-23	EXPLICIT_FIELDS_V1	NONE	NONE	NONE	case_id:ENTITY_ID:REQ;decision:ENUM(APPROVE|REJECT):REQ;evidence_refs:EVIDENCE_REF_SET:REQ
EmployeeApprovalCaseGetQueryV1	PAYLOAD	F57-23	GET_BY_ID_V1	case_id	NONE	NONE	NONE
EmployeeApprovalCaseViewV1	RESULT	F57-23	VIEW_CONFIGURED_V1	case_id	NONE	CONFIGURED_RECORD_VALUES_V1	NONE
EmployeeObjectiveGetQueryV1	PAYLOAD	F57-18	GET_BY_ID_V1	objective_id	NONE	NONE	NONE
EmployeeObjectiveListQueryV1	PAYLOAD	F57-18	LIST_CONFIGURED_V1	NONE	NONE	CONFIGURED_QUERY_VALUES_V1	NONE
EmployeeObjectivePageV1	RESULT	F57-18	PAGE_V1	NONE	EmployeeObjectiveViewV1	NONE	NONE
EmployeeObjectiveTimelineQueryV1	PAYLOAD	F57-18	EXECUTE_QUERY_CONFIGURED_V1	NONE	NONE	CONFIGURED_QUERY_VALUES_V1	NONE
EmployeeObjectiveTimelineViewV1	RESULT	F57-18	VIEW_CONFIGURED_V1	employee_objective_timeline_id	NONE	CONFIGURED_RECORD_VALUES_V1	NONE
EmployeeObjectiveViewV1	RESULT	F57-18	VIEW_CONFIGURED_V1	employee_objective_id	NONE	CONFIGURED_RECORD_VALUES_V1	NONE
EmployeePortableExportGetQueryV1	PAYLOAD	F57-23	GET_BY_ID_V1	export_id	NONE	NONE	NONE
EmployeePortableExportViewV1	RESULT	F57-23	VIEW_CONFIGURED_V1	export_id	NONE	CONFIGURED_RECORD_VALUES_V1	NONE
EquipmentAcceptedV1	RESULT	F57-21	ACCEPTED_V1	equipment_id	NONE	NONE	NONE
EquipmentChangeRequestV1	PAYLOAD	F57-21	ACTION_CONFIGURED_V1	equipment_id	NONE	CONFIGURED_ACTION_VALUES_V1	NONE
EquipmentChangeStatusRequestV1	PAYLOAD	F57-21	ACTION_CONFIGURED_V1	equipment_id	NONE	CONFIGURED_ACTION_VALUES_V1	NONE
EquipmentCreateFromDeliveryRequestV1	PAYLOAD	F57-21	ACTION_CONFIGURED_V1	equipment_id	NONE	CONFIGURED_ACTION_VALUES_V1	NONE
EquipmentCreateRequestV1	PAYLOAD	F57-21	CREATE_CONFIGURED_V1	NONE	NONE	CONFIGURED_CREATE_VALUES_V1	NONE
EquipmentGetQueryV1	PAYLOAD	F57-21	GET_BY_ID_V1	equipment_id	NONE	NONE	NONE
EquipmentListQueryV1	PAYLOAD	F57-21	LIST_CONFIGURED_V1	NONE	NONE	CONFIGURED_QUERY_VALUES_V1	NONE
EquipmentPageV1	RESULT	F57-21	PAGE_V1	NONE	EquipmentViewV1	NONE	NONE
EquipmentUpdateWarrantyRequestV1	PAYLOAD	F57-21	ACTION_CONFIGURED_V1	equipment_id	NONE	CONFIGURED_ACTION_VALUES_V1	NONE
EquipmentViewV1	RESULT	F57-21	VIEW_CONFIGURED_V1	equipment_id	NONE	CONFIGURED_RECORD_VALUES_V1	NONE
EquipmentWorkOrderListQueryV1	PAYLOAD	F57-21	LIST_CONFIGURED_V1	NONE	NONE	CONFIGURED_QUERY_VALUES_V1	NONE
ExpenseAcceptedV1	RESULT	F57-21	ACCEPTED_V1	expense_id	NONE	NONE	NONE
ExpenseCorrectRequestV1	PAYLOAD	F57-21	ACTION_CONFIGURED_V1	expense_id	NONE	CONFIGURED_ACTION_VALUES_V1	NONE
ExpenseCreateRequestV1	PAYLOAD	F57-21	CREATE_CONFIGURED_V1	NONE	NONE	CONFIGURED_CREATE_VALUES_V1	NONE
ExpenseListQueryV1	PAYLOAD	F57-21	LIST_CONFIGURED_V1	NONE	NONE	CONFIGURED_QUERY_VALUES_V1	NONE
ExpensePageV1	RESULT	F57-21	PAGE_V1	expense_id	INLINE_CONFIGURED_ITEM_V1	CONFIGURED_RECORD_VALUES_V1	NONE
ExpenseSubmitRequestV1	PAYLOAD	F57-21	ACTION_CONFIGURED_V1	expense_id	NONE	CONFIGURED_ACTION_VALUES_V1	NONE
ExternalIdentityLinkChangedV1	RESULT	F57-23	EXPLICIT_FIELDS_V1	NONE	NONE	NONE	link_id:ENTITY_ID:REQ;state:STATE_CODE:REQ;row_version:ROW_VERSION:REQ
ExternalIdentityLinkCreateRequestV1	PAYLOAD	F57-23	EXPLICIT_FIELDS_V1	NONE	NONE	NONE	provider_id:ENTITY_ID:REQ;external_subject_digest:SHA256:REQ;user_id:ENTITY_ID:REQ;link_proof_id:ENTITY_ID:REQ
ExternalIdentityLinkGetQueryV1	PAYLOAD	F57-23	GET_BY_ID_V1	link_id	NONE	NONE	NONE
ExternalIdentityLinkListQueryV1	PAYLOAD	F57-23	LIST_CONFIGURED_V1	NONE	NONE	CONFIGURED_QUERY_VALUES_V1	NONE
ExternalIdentityLinkPageV1	RESULT	F57-23	PAGE_V1	NONE	ExternalIdentityLinkViewV1	NONE	NONE
ExternalIdentityLinkRevokeRequestV1	PAYLOAD	F57-23	EXPLICIT_FIELDS_V1	NONE	NONE	NONE	link_id:ENTITY_ID:REQ;expected_row_version:ROW_VERSION:REQ;reason:STRING_1_4096:REQ
ExternalIdentityLinkViewV1	RESULT	F57-23	VIEW_CONFIGURED_V1	link_id	NONE	CONFIGURED_RECORD_VALUES_V1	NONE
FollowUpAcceptedV1	RESULT	F57-19	ACCEPTED_V1	follow_up_id	NONE	NONE	NONE
FollowUpCancelRequestV1	PAYLOAD	F57-19	ACTION_CONFIGURED_V1	follow_up_id	NONE	CONFIGURED_ACTION_VALUES_V1	NONE
FollowUpCompleteRequestV1	PAYLOAD	F57-19	ACTION_CONFIGURED_V1	follow_up_id	NONE	CONFIGURED_ACTION_VALUES_V1	NONE
FollowUpCorrectRequestV1	PAYLOAD	F57-19	ACTION_CONFIGURED_V1	follow_up_id	NONE	CONFIGURED_ACTION_VALUES_V1	NONE
FollowUpPlanRequestV1	PAYLOAD	F57-19	ACTION_CONFIGURED_V1	follow_up_id	NONE	CONFIGURED_ACTION_VALUES_V1	NONE
FollowUpRescheduleRequestV1	PAYLOAD	F57-19	ACTION_CONFIGURED_V1	follow_up_id	NONE	CONFIGURED_ACTION_VALUES_V1	NONE
GenerationActivateRequestV1	PAYLOAD	F57-16	EXPLICIT_FIELDS_V1	NONE	NONE	NONE	generation_id:U64_POS:REQ;expected_row_version:ROW_VERSION:REQ
GenerationApprovalRequestV1	PAYLOAD	F57-16	EXPLICIT_FIELDS_V1	NONE	NONE	NONE	generation_id:U64_POS:REQ;expected_row_version:ROW_VERSION:REQ;decision:ENUM(APPROVE|REJECT):REQ;evidence_refs:EVIDENCE_REF_SET:REQ
GenerationChangedV1	RESULT	F57-16	EXPLICIT_FIELDS_V1	NONE	NONE	NONE	generation_id:U64_POS:REQ;state:STATE_CODE:REQ;row_version:ROW_VERSION:REQ;generation_digest:SHA256:REQ
GenerationCreateRequestV1	PAYLOAD	F57-16	CREATE_CONFIGURED_V1	NONE	NONE	CONFIGURED_CREATE_VALUES_V1	NONE
GenerationDiffQueryV1	PAYLOAD	F57-16	EXECUTE_QUERY_CONFIGURED_V1	NONE	NONE	CONFIGURED_QUERY_VALUES_V1	NONE
GenerationDiffViewV1	RESULT	F57-16	VIEW_CONFIGURED_V1	generation_diff_id	NONE	CONFIGURED_RECORD_VALUES_V1	NONE
GenerationPageV1	RESULT	F57-16	PAGE_V1	NONE	GenerationViewV1	NONE	NONE
GenerationRollbackRequestV1	PAYLOAD	F57-16	EXPLICIT_FIELDS_V1	NONE	NONE	NONE	target_generation_id:U64_POS:REQ;expected_row_version:ROW_VERSION:REQ;reason:STRING_1_4096:REQ;evidence_refs:EVIDENCE_REF_SET:REQ
GenerationSubmitRequestV1	PAYLOAD	F57-16	EXPLICIT_FIELDS_V1	NONE	NONE	NONE	generation_id:U64_POS:REQ;expected_row_version:ROW_VERSION:REQ;evidence_refs:EVIDENCE_REF_SET:REQ
GenerationViewV1	RESULT	F57-16	VIEW_CONFIGURED_V1	generation_id	NONE	CONFIGURED_RECORD_VALUES_V1	NONE
GoodsReceiptAcceptedV1	RESULT	F57-20	ACCEPTED_V1	goods_receipt_id	NONE	NONE	NONE
GoodsReceiptChangeDraftRequestV1	PAYLOAD	F57-20	PATCH_CONFIGURED_V1	goods_receipt_id	NONE	CONFIGURED_PATCH_VALUES_V1	NONE
GoodsReceiptCreateRequestV1	PAYLOAD	F57-20	CREATE_CONFIGURED_V1	NONE	NONE	CONFIGURED_CREATE_VALUES_V1	NONE
GoodsReceiptGetQueryV1	PAYLOAD	F57-20	GET_BY_ID_V1	goods_receipt_id	NONE	NONE	NONE
GoodsReceiptListQueryV1	PAYLOAD	F57-20	LIST_CONFIGURED_V1	NONE	NONE	CONFIGURED_QUERY_VALUES_V1	NONE
GoodsReceiptPageV1	RESULT	F57-20	PAGE_V1	NONE	GoodsReceiptViewV1	NONE	NONE
GoodsReceiptPostRequestV1	PAYLOAD	F57-20	ACTION_CONFIGURED_V1	goods_receipt_id	NONE	CONFIGURED_ACTION_VALUES_V1	NONE
GoodsReceiptViewV1	RESULT	F57-20	VIEW_CONFIGURED_V1	goods_receipt_id	NONE	CONFIGURED_RECORD_VALUES_V1	NONE
ImportProposalAcceptedV1	RESULT	F57-23	EXPLICIT_FIELDS_V1	NONE	NONE	NONE	proposal_id:ENTITY_ID:REQ;state:STATE_CODE:REQ;row_version:ROW_VERSION:REQ
ImportProposalSubmitRequestV1	PAYLOAD	F57-23	EXPLICIT_FIELDS_V1	NONE	NONE	NONE	published_attachment_ref:PUBLISHED_ATTACHMENT_REF:REQ;template_id:ENTITY_ID:REQ;template_version:SEMVER:REQ;proposal_sha256:SHA256:REQ;mode:ENUM(VALIDATE_ONLY|SUBMIT_FOR_APPROVAL):REQ
InventoryAvailabilityGetQueryV1	PAYLOAD	F57-20	GET_BY_ID_V1	inventory_availability_id	NONE	NONE	NONE
InventoryAvailabilityViewV1	RESULT	F57-20	VIEW_CONFIGURED_V1	inventory_availability_id	NONE	CONFIGURED_RECORD_VALUES_V1	NONE
InventoryBalanceGetQueryV1	PAYLOAD	F57-20	GET_BY_ID_V1	inventory_balance_id	NONE	NONE	NONE
InventoryBalanceListQueryV1	PAYLOAD	F57-20	LIST_CONFIGURED_V1	NONE	NONE	CONFIGURED_QUERY_VALUES_V1	NONE
InventoryBalancePageV1	RESULT	F57-20	PAGE_V1	NONE	InventoryBalanceViewV1	NONE	NONE
InventoryBalanceViewV1	RESULT	F57-20	VIEW_CONFIGURED_V1	inventory_balance_id	NONE	CONFIGURED_RECORD_VALUES_V1	NONE
InventoryMovementListQueryV1	PAYLOAD	F57-20	LIST_CONFIGURED_V1	NONE	NONE	CONFIGURED_QUERY_VALUES_V1	NONE
InventoryMovementPageV1	RESULT	F57-20	PAGE_V1	inventory_movement_id	INLINE_CONFIGURED_ITEM_V1	CONFIGURED_RECORD_VALUES_V1	NONE
InventoryValuationGetQueryV1	PAYLOAD	F57-20	GET_BY_ID_V1	inventory_valuation_id	NONE	NONE	NONE
InventoryValuationViewV1	RESULT	F57-20	VIEW_CONFIGURED_V1	inventory_valuation_id	NONE	CONFIGURED_RECORD_VALUES_V1	NONE
InvoiceAcceptedV1	RESULT	F57-20	ACCEPTED_V1	invoice_id	NONE	NONE	NONE
InvoiceGetQueryV1	PAYLOAD	F57-20	GET_BY_ID_V1	invoice_id	NONE	NONE	NONE
InvoiceListQueryV1	PAYLOAD	F57-20	LIST_CONFIGURED_V1	NONE	NONE	CONFIGURED_QUERY_VALUES_V1	NONE
InvoicePageV1	RESULT	F57-20	PAGE_V1	NONE	InvoiceViewV1	NONE	NONE
InvoiceViewV1	RESULT	F57-20	VIEW_CONFIGURED_V1	invoice_id	NONE	CONFIGURED_RECORD_VALUES_V1	NONE
InvoiceVoidRequestV1	PAYLOAD	F57-20	ACTION_CONFIGURED_V1	invoice_id	NONE	CONFIGURED_ACTION_VALUES_V1	NONE
LedgerCorrectionCreateRequestV1	PAYLOAD	F57-20	CREATE_CONFIGURED_V1	NONE	NONE	CONFIGURED_CREATE_VALUES_V1	NONE
LedgerCorrectionDecideRequestV1	PAYLOAD	F57-20	ACTION_CONFIGURED_V1	ledger_correction_id	NONE	CONFIGURED_ACTION_VALUES_V1	NONE
LedgerCorrectionPostRequestV1	PAYLOAD	F57-20	ACTION_CONFIGURED_V1	ledger_correction_id	NONE	CONFIGURED_ACTION_VALUES_V1	NONE
LegalHoldAcceptedV1	RESULT	F57-23	EXPLICIT_FIELDS_V1	NONE	NONE	NONE	hold_id:ENTITY_ID:REQ;state:STATE_CODE:REQ;row_version:ROW_VERSION:REQ
LegalHoldApprovalDecisionRequestV1	PAYLOAD	F57-23	EXPLICIT_FIELDS_V1	NONE	NONE	NONE	hold_id:ENTITY_ID:REQ;expected_row_version:ROW_VERSION:REQ;decision:ENUM(APPROVE|REJECT):REQ;evidence_refs:EVIDENCE_REF_SET:REQ
LegalHoldCreateRequestV1	PAYLOAD	F57-23	EXPLICIT_FIELDS_V1	NONE	NONE	NONE	hold_id:ENTITY_ID:REQ;scope:SCOPE_AST:REQ;legal_basis:STRING_1_1024:REQ;retention_floor:UTC:REQ;reason:STRING_1_4096:REQ;evidence_refs:EVIDENCE_REF_SET:REQ
LegalHoldGetQueryV1	PAYLOAD	F57-23	GET_BY_ID_V1	hold_id	NONE	NONE	NONE
LegalHoldListQueryV1	PAYLOAD	F57-23	LIST_CONFIGURED_V1	NONE	NONE	CONFIGURED_QUERY_VALUES_V1	NONE
LegalHoldPageV1	RESULT	F57-23	PAGE_V1	NONE	LegalHoldViewV1	NONE	NONE
LegalHoldReleaseDecisionRequestV1	PAYLOAD	F57-23	EXPLICIT_FIELDS_V1	NONE	NONE	NONE	hold_id:ENTITY_ID:REQ;expected_row_version:ROW_VERSION:REQ;decision:ENUM(RELEASE|KEEP_ACTIVE):REQ;evidence_refs:EVIDENCE_REF_SET:REQ
LegalHoldReleaseRequestV1	PAYLOAD	F57-23	EXPLICIT_FIELDS_V1	NONE	NONE	NONE	hold_id:ENTITY_ID:REQ;expected_row_version:ROW_VERSION:REQ;reason:STRING_1_4096:REQ;evidence_refs:EVIDENCE_REF_SET:REQ
LegalHoldTransitionRequestV1	PAYLOAD	F57-23	EXPLICIT_FIELDS_V1	NONE	NONE	NONE	hold_id:ENTITY_ID:REQ;expected_row_version:ROW_VERSION:REQ;reason:STRING_1_4096:REQ;evidence_refs:EVIDENCE_REF_SET:REQ
LegalHoldViewV1	RESULT	F57-23	VIEW_CONFIGURED_V1	hold_id	NONE	CONFIGURED_RECORD_VALUES_V1	NONE
MaintenanceOccurrenceListQueryV1	PAYLOAD	F57-21	LIST_CONFIGURED_V1	NONE	NONE	CONFIGURED_QUERY_VALUES_V1	NONE
MaintenanceOccurrencePageV1	RESULT	F57-21	PAGE_V1	maintenance_occurrence_id	INLINE_CONFIGURED_ITEM_V1	CONFIGURED_RECORD_VALUES_V1	NONE
MaintenancePlanAcceptedV1	RESULT	F57-21	ACCEPTED_V1	maintenance_plan_id	NONE	NONE	NONE
MaintenancePlanChangeRequestV1	PAYLOAD	F57-21	ACTION_CONFIGURED_V1	maintenance_plan_id	NONE	CONFIGURED_ACTION_VALUES_V1	NONE
MaintenancePlanCreateRequestV1	PAYLOAD	F57-21	CREATE_CONFIGURED_V1	NONE	NONE	CONFIGURED_CREATE_VALUES_V1	NONE
MaintenancePlanGetQueryV1	PAYLOAD	F57-21	GET_BY_ID_V1	maintenance_plan_id	NONE	NONE	NONE
MaintenancePlanListQueryV1	PAYLOAD	F57-21	LIST_CONFIGURED_V1	NONE	NONE	CONFIGURED_QUERY_VALUES_V1	NONE
MaintenancePlanPageV1	RESULT	F57-21	PAGE_V1	NONE	MaintenancePlanViewV1	NONE	NONE
MaintenancePlanPauseRequestV1	PAYLOAD	F57-21	ACTION_CONFIGURED_V1	maintenance_plan_id	NONE	CONFIGURED_ACTION_VALUES_V1	NONE
MaintenancePlanResumeRequestV1	PAYLOAD	F57-21	ACTION_CONFIGURED_V1	maintenance_plan_id	NONE	CONFIGURED_ACTION_VALUES_V1	NONE
MaintenancePlanTerminateRequestV1	PAYLOAD	F57-21	ACTION_CONFIGURED_V1	maintenance_plan_id	NONE	CONFIGURED_ACTION_VALUES_V1	NONE
MaintenancePlanViewV1	RESULT	F57-21	VIEW_CONFIGURED_V1	maintenance_plan_id	NONE	CONFIGURED_RECORD_VALUES_V1	NONE
ManualOrderAuthorityAcceptedV1	RESULT	F57-19	ACCEPTED_V1	manual_order_authority_id	NONE	NONE	NONE
ManualOrderAuthorityCreateRequestV1	PAYLOAD	F57-19	CREATE_CONFIGURED_V1	NONE	NONE	CONFIGURED_CREATE_VALUES_V1	NONE
ManualOrderAuthorityDecisionRequestV1	PAYLOAD	F57-19	ACTION_CONFIGURED_V1	manual_order_authority_id	NONE	CONFIGURED_ACTION_VALUES_V1	NONE
MasterRecordAcceptedV1	RESULT	F57-19	ACCEPTED_V1	master_record_id	NONE	NONE	NONE
MasterRecordActivateRequestV1	PAYLOAD	F57-19	ACTION_CONFIGURED_V1	mdm_id	NONE	CONFIGURED_ACTION_VALUES_V1	NONE
MasterRecordChangeRequestV1	PAYLOAD	F57-19	ACTION_CONFIGURED_V1	mdm_id	NONE	CONFIGURED_ACTION_VALUES_V1	NONE
MasterRecordCreateRequestV1	PAYLOAD	F57-19	CREATE_CONFIGURED_V1	mdm_id	NONE	CONFIGURED_CREATE_VALUES_V1	NONE
MasterRecordDeactivateRequestV1	PAYLOAD	F57-19	ACTION_CONFIGURED_V1	mdm_id	NONE	CONFIGURED_ACTION_VALUES_V1	NONE
MasterRecordDecisionRequestV1	PAYLOAD	F57-19	ACTION_CONFIGURED_V1	mdm_id	NONE	CONFIGURED_ACTION_VALUES_V1	NONE
MasterRecordGetQueryV1	PAYLOAD	F57-19	GET_BY_ID_V1	mdm_master_record_id	NONE	NONE	NONE
MasterRecordHistoryPageV1	RESULT	F57-19	PAGE_V1	master_record_history_id	INLINE_CONFIGURED_ITEM_V1	CONFIGURED_RECORD_VALUES_V1	NONE
MasterRecordHistoryQueryV1	PAYLOAD	F57-19	EXECUTE_QUERY_CONFIGURED_V1	NONE	NONE	CONFIGURED_QUERY_VALUES_V1	NONE
MasterRecordListQueryV1	PAYLOAD	F57-19	LIST_CONFIGURED_V1	NONE	NONE	CONFIGURED_QUERY_VALUES_V1	NONE
MasterRecordPageV1	RESULT	F57-19	PAGE_V1	NONE	MasterRecordViewV1	NONE	NONE
MasterRecordSubmitRequestV1	PAYLOAD	F57-19	ACTION_CONFIGURED_V1	mdm_id	NONE	CONFIGURED_ACTION_VALUES_V1	NONE
MasterRecordViewV1	RESULT	F57-19	VIEW_CONFIGURED_V1	master_record_id	NONE	CONFIGURED_RECORD_VALUES_V1	NONE
MetricBreakdownGetQueryV1	PAYLOAD	F57-21	GET_BY_ID_V1	metric_breakdown_id	NONE	NONE	NONE
MetricBreakdownViewV1	RESULT	F57-21	VIEW_CONFIGURED_V1	metric_breakdown_id	NONE	CONFIGURED_RECORD_VALUES_V1	NONE
MetricDashboardGetQueryV1	PAYLOAD	F57-21	GET_BY_ID_V1	metric_dashboard_id	NONE	NONE	NONE
MetricDashboardViewV1	RESULT	F57-21	VIEW_CONFIGURED_V1	metric_dashboard_id	NONE	CONFIGURED_RECORD_VALUES_V1	NONE
MetricEvidenceListQueryV1	PAYLOAD	F57-21	LIST_STATELESS_CONFIGURED_V1	NONE	NONE	CONFIGURED_QUERY_VALUES_V1	NONE
MetricEvidencePageV1	RESULT	F57-21	PAGE_STATELESS_CONFIGURED_V1	metric_evidence_id	INLINE_CONFIGURED_ITEM_V1	CONFIGURED_RECORD_VALUES_V1	NONE
MetricResultGetQueryV1	PAYLOAD	F57-21	GET_BY_ID_V1	metric_result_id	NONE	NONE	NONE
MetricResultViewV1	RESULT	F57-21	VIEW_CONFIGURED_V1	metric_result_id	NONE	CONFIGURED_RECORD_VALUES_V1	NONE
NotificationListQueryV1	PAYLOAD	F57-18	LIST_CONFIGURED_V1	NONE	NONE	CONFIGURED_QUERY_VALUES_V1	NONE
NotificationPageV1	RESULT	F57-18	PAGE_V1	notification_id	INLINE_CONFIGURED_ITEM_V1	CONFIGURED_RECORD_VALUES_V1	NONE
ObjectiveChangedV1	RESULT	F57-16	CHANGED_V1	objective_id	NONE	NONE	NONE
OperatingAccountMappingPublishRequestV1	PAYLOAD	F57-20	ACTION_CONFIGURED_V1	operating_account_mapping_id	NONE	CONFIGURED_ACTION_VALUES_V1	NONE
OperatingLedgerAcceptedV1	RESULT	F57-20	ACCEPTED_V1	operating_ledger_id	NONE	NONE	NONE
OperatingPeriodGetQueryV1	PAYLOAD	F57-20	GET_BY_ID_V1	operating_period_id	NONE	NONE	NONE
OperatingPeriodListQueryV1	PAYLOAD	F57-20	LIST_CONFIGURED_V1	NONE	NONE	CONFIGURED_QUERY_VALUES_V1	NONE
OperatingPeriodLockRequestV1	PAYLOAD	F57-20	ACTION_CONFIGURED_V1	operating_period_id	NONE	CONFIGURED_ACTION_VALUES_V1	NONE
OperatingPeriodPageV1	RESULT	F57-20	PAGE_V1	NONE	OperatingPeriodViewV1	NONE	NONE
OperatingPeriodViewV1	RESULT	F57-20	VIEW_CONFIGURED_V1	operating_period_id	NONE	CONFIGURED_RECORD_VALUES_V1	NONE
OpportunityAcceptedV1	RESULT	F57-19	ACCEPTED_V1	opportunity_id	NONE	NONE	NONE
OpportunityAdvanceToCommercialRequestV1	PAYLOAD	F57-19	ACTION_CONFIGURED_V1	opportunity_id	NONE	CONFIGURED_ACTION_VALUES_V1	NONE
OpportunityAdvanceToSolutionRequestV1	PAYLOAD	F57-19	ACTION_CONFIGURED_V1	opportunity_id	NONE	CONFIGURED_ACTION_VALUES_V1	NONE
OpportunityCancelRequestV1	PAYLOAD	F57-19	ACTION_CONFIGURED_V1	opportunity_id	NONE	CONFIGURED_ACTION_VALUES_V1	NONE
OpportunityChangeRequestV1	PAYLOAD	F57-19	ACTION_CONFIGURED_V1	opportunity_id	NONE	CONFIGURED_ACTION_VALUES_V1	NONE
OpportunityCloseLostRequestV1	PAYLOAD	F57-19	ACTION_CONFIGURED_V1	opportunity_id	NONE	CONFIGURED_ACTION_VALUES_V1	NONE
OpportunityCreateRequestV1	PAYLOAD	F57-19	CREATE_CONFIGURED_V1	NONE	NONE	CONFIGURED_CREATE_VALUES_V1	NONE
OpportunityGetQueryV1	PAYLOAD	F57-19	GET_BY_ID_V1	opportunity_id	NONE	NONE	NONE
OpportunityListQueryV1	PAYLOAD	F57-19	LIST_CONFIGURED_V1	NONE	NONE	CONFIGURED_QUERY_VALUES_V1	NONE
OpportunityPageV1	RESULT	F57-19	PAGE_V1	NONE	OpportunityViewV1	NONE	NONE
OpportunityQualifyRequestV1	PAYLOAD	F57-19	ACTION_CONFIGURED_V1	opportunity_id	NONE	CONFIGURED_ACTION_VALUES_V1	NONE
OpportunityReopenRequestV1	PAYLOAD	F57-19	ACTION_CONFIGURED_V1	opportunity_id	NONE	CONFIGURED_ACTION_VALUES_V1	NONE
OpportunityReturnToQualifyingRequestV1	PAYLOAD	F57-19	ACTION_CONFIGURED_V1	opportunity_id	NONE	CONFIGURED_ACTION_VALUES_V1	NONE
OpportunityReturnToSolutionRequestV1	PAYLOAD	F57-19	ACTION_CONFIGURED_V1	opportunity_id	NONE	CONFIGURED_ACTION_VALUES_V1	NONE
OpportunityTimelineQueryV1	PAYLOAD	F57-19	EXECUTE_QUERY_CONFIGURED_V1	NONE	NONE	CONFIGURED_QUERY_VALUES_V1	NONE
OpportunityTimelineViewV1	RESULT	F57-19	VIEW_CONFIGURED_V1	opportunity_timeline_id	NONE	CONFIGURED_RECORD_VALUES_V1	NONE
OpportunityViewV1	RESULT	F57-19	VIEW_CONFIGURED_V1	opportunity_id	NONE	CONFIGURED_RECORD_VALUES_V1	NONE
PackageChangedV1	RESULT	F57-16	EXPLICIT_FIELDS_V1	NONE	NONE	NONE	package_id:ENTITY_ID:REQ;state:STATE_CODE:REQ;row_version:ROW_VERSION:REQ;package_manifest_digest:SHA256:REQ
PackageInstallRequestV1	PAYLOAD	F57-16	EXPLICIT_FIELDS_V1	NONE	NONE	NONE	published_attachment_ref:PUBLISHED_ATTACHMENT_REF:REQ;package_sha256:SHA256:REQ
PackagePageV1	RESULT	F57-16	PAGE_V1	NONE	PackageViewV1	NONE	NONE
PackageRollbackRequestV1	PAYLOAD	F57-16	EXPLICIT_FIELDS_V1	NONE	NONE	NONE	package_id:ENTITY_ID:REQ;expected_row_version:ROW_VERSION:REQ;target_package_version:SEMVER:REQ;reason:STRING_1_4096:REQ;evidence_refs:EVIDENCE_REF_SET:REQ
PackageTransitionRequestV1	PAYLOAD	F57-16	EXPLICIT_FIELDS_V1	NONE	NONE	NONE	package_id:ENTITY_ID:REQ;expected_row_version:ROW_VERSION:REQ;reason:STRING_1_4096:REQ;evidence_refs:EVIDENCE_REF_SET:REQ
PackageUpgradeRequestV1	PAYLOAD	F57-16	EXPLICIT_FIELDS_V1	NONE	NONE	NONE	package_id:ENTITY_ID:REQ;expected_row_version:ROW_VERSION:REQ;published_attachment_ref:PUBLISHED_ATTACHMENT_REF:REQ;package_sha256:SHA256:REQ
PackageViewV1	RESULT	F57-16	VIEW_CONFIGURED_V1	package_id	NONE	CONFIGURED_RECORD_VALUES_V1	NONE
PartUsageAcceptedV1	RESULT	F57-21	ACCEPTED_V1	part_usage_id	NONE	NONE	NONE
PartUsageCancelRequestV1	PAYLOAD	F57-21	ACTION_CONFIGURED_V1	part_usage_id	NONE	CONFIGURED_ACTION_VALUES_V1	NONE
PartUsageListQueryV1	PAYLOAD	F57-21	LIST_CONFIGURED_V1	NONE	NONE	CONFIGURED_QUERY_VALUES_V1	NONE
PartUsageMarkConsumedRequestV1	PAYLOAD	F57-21	ACTION_CONFIGURED_V1	part_usage_id	NONE	CONFIGURED_ACTION_VALUES_V1	NONE
PartUsageMarkIssuedRequestV1	PAYLOAD	F57-21	ACTION_CONFIGURED_V1	part_usage_id	NONE	CONFIGURED_ACTION_VALUES_V1	NONE
PartUsageMarkReservedRequestV1	PAYLOAD	F57-21	ACTION_CONFIGURED_V1	part_usage_id	NONE	CONFIGURED_ACTION_VALUES_V1	NONE
PartUsageMarkReturnedRequestV1	PAYLOAD	F57-21	ACTION_CONFIGURED_V1	part_usage_id	NONE	CONFIGURED_ACTION_VALUES_V1	NONE
PartUsageMarkScrappedRequestV1	PAYLOAD	F57-21	ACTION_CONFIGURED_V1	part_usage_id	NONE	CONFIGURED_ACTION_VALUES_V1	NONE
PartUsagePageV1	RESULT	F57-21	PAGE_V1	part_usage_id	INLINE_CONFIGURED_ITEM_V1	CONFIGURED_RECORD_VALUES_V1	NONE
PartUsageRequestRequestV1	PAYLOAD	F57-21	ACTION_CONFIGURED_V1	part_usage_id	NONE	CONFIGURED_ACTION_VALUES_V1	NONE
PartUsageSplitRequestV1	PAYLOAD	F57-21	ACTION_CONFIGURED_V1	part_usage_id	NONE	CONFIGURED_ACTION_VALUES_V1	NONE
PayableGetQueryV1	PAYLOAD	F57-20	GET_BY_ID_V1	payable_id	NONE	NONE	NONE
PayableListQueryV1	PAYLOAD	F57-20	LIST_CONFIGURED_V1	NONE	NONE	CONFIGURED_QUERY_VALUES_V1	NONE
PayablePageV1	RESULT	F57-20	PAGE_V1	NONE	PayableViewV1	NONE	NONE
PayableViewV1	RESULT	F57-20	VIEW_CONFIGURED_V1	payable_id	NONE	CONFIGURED_RECORD_VALUES_V1	NONE
PaymentAcceptedV1	RESULT	F57-20	ACCEPTED_V1	payment_id	NONE	NONE	NONE
PaymentAllocateRequestV1	PAYLOAD	F57-20	ACTION_CONFIGURED_V1	payment_id	NONE	CONFIGURED_ACTION_VALUES_V1	NONE
PaymentCreateRequestV1	PAYLOAD	F57-20	CREATE_CONFIGURED_V1	NONE	NONE	CONFIGURED_CREATE_VALUES_V1	NONE
PaymentPostRequestV1	PAYLOAD	F57-20	ACTION_CONFIGURED_V1	payment_id	NONE	CONFIGURED_ACTION_VALUES_V1	NONE
PaymentRequestAcceptedV1	RESULT	F57-20	ACCEPTED_V1	payment_request_id	NONE	NONE	NONE
PaymentRequestChangeDraftRequestV1	PAYLOAD	F57-20	PATCH_CONFIGURED_V1	payment_request_id	NONE	CONFIGURED_PATCH_VALUES_V1	NONE
PaymentRequestCloseRequestV1	PAYLOAD	F57-20	ACTION_CONFIGURED_V1	payment_request_id	NONE	CONFIGURED_ACTION_VALUES_V1	NONE
PaymentRequestCreateRequestV1	PAYLOAD	F57-20	CREATE_CONFIGURED_V1	NONE	NONE	CONFIGURED_CREATE_VALUES_V1	NONE
PaymentRequestSubmitRequestV1	PAYLOAD	F57-20	ACTION_CONFIGURED_V1	payment_request_id	NONE	CONFIGURED_ACTION_VALUES_V1	NONE
PaymentRequestVoidRequestV1	PAYLOAD	F57-20	ACTION_CONFIGURED_V1	payment_request_id	NONE	CONFIGURED_ACTION_VALUES_V1	NONE
PaymentRequestWithdrawRequestV1	PAYLOAD	F57-20	ACTION_CONFIGURED_V1	payment_request_id	NONE	CONFIGURED_ACTION_VALUES_V1	NONE
PaymentReverseRequestV1	PAYLOAD	F57-20	ACTION_CONFIGURED_V1	payment_id	NONE	CONFIGURED_ACTION_VALUES_V1	NONE
PermissionSimulationRequestV1	PAYLOAD	F57-16	EXPLICIT_FIELDS_V1	NONE	NONE	NONE	action_code:ACTION_CODE:REQ;object_ref:OBJECT_REF:REQ;proposed_context_digest:SHA256:REQ
PermissionSimulationViewV1	RESULT	F57-16	VIEW_CONFIGURED_V1	permission_simulation_id	NONE	CONFIGURED_RECORD_VALUES_V1	NONE
PortableExportAcceptedV1	RESULT	F57-23	EXPLICIT_FIELDS_V1	NONE	NONE	NONE	export_id:ENTITY_ID:REQ;state:STATE_CODE:REQ;row_version:ROW_VERSION:REQ
PortableExportCreateRequestV1	PAYLOAD	F57-23	EXPLICIT_FIELDS_V1	NONE	NONE	NONE	scope:SCOPE_AST:REQ;format:ENUM(F57_PORTABLE_EXPORT_V1):REQ;redaction_policy_ref:POLICY_REF:REQ;reason:STRING_1_4096:REQ;evidence_refs:EVIDENCE_REF_SET:REQ
PortableExportGetQueryV1	PAYLOAD	F57-23	GET_BY_ID_V1	export_id	NONE	NONE	NONE
PortableExportListQueryV1	PAYLOAD	F57-23	LIST_CONFIGURED_V1	NONE	NONE	CONFIGURED_QUERY_VALUES_V1	NONE
PortableExportPageV1	RESULT	F57-23	PAGE_V1	NONE	PortableExportViewV1	NONE	NONE
PortableExportRequestV1	PAYLOAD	F57-23	EXPLICIT_FIELDS_V1	NONE	NONE	NONE	scope:SCOPE_AST:REQ;format:ENUM(F57_PORTABLE_EXPORT_V1):REQ;reason:STRING_1_4096:REQ
PortableExportViewV1	RESULT	F57-23	VIEW_CONFIGURED_V1	export_id	NONE	CONFIGURED_RECORD_VALUES_V1	NONE
ProcurementDemandAcceptedV1	RESULT	F57-20	ACCEPTED_V1	procurement_demand_id	NONE	NONE	NONE
ProcurementDemandAdmitRequestV1	PAYLOAD	F57-20	ACTION_CONFIGURED_V1	procurement_demand_id	NONE	CONFIGURED_ACTION_VALUES_V1	NONE
ProcurementDemandCancelRequestV1	PAYLOAD	F57-20	ACTION_CONFIGURED_V1	procurement_demand_id	NONE	CONFIGURED_ACTION_VALUES_V1	NONE
ProcurementDemandChangeRequestV1	PAYLOAD	F57-20	ACTION_CONFIGURED_V1	procurement_demand_id	NONE	CONFIGURED_ACTION_VALUES_V1	NONE
ProcurementDemandCloseRequestV1	PAYLOAD	F57-20	ACTION_CONFIGURED_V1	procurement_demand_id	NONE	CONFIGURED_ACTION_VALUES_V1	NONE
ProcurementDemandCreateRequestV1	PAYLOAD	F57-20	CREATE_CONFIGURED_V1	NONE	NONE	CONFIGURED_CREATE_VALUES_V1	NONE
ProcurementDemandGetQueryV1	PAYLOAD	F57-20	GET_BY_ID_V1	procurement_demand_id	NONE	NONE	NONE
ProcurementDemandListQueryV1	PAYLOAD	F57-20	LIST_CONFIGURED_V1	NONE	NONE	CONFIGURED_QUERY_VALUES_V1	NONE
ProcurementDemandMergeRequestV1	PAYLOAD	F57-20	ACTION_CONFIGURED_V1	procurement_demand_id	NONE	CONFIGURED_ACTION_VALUES_V1	NONE
ProcurementDemandPageV1	RESULT	F57-20	PAGE_V1	NONE	ProcurementDemandViewV1	NONE	NONE
ProcurementDemandReopenRequestV1	PAYLOAD	F57-20	ACTION_CONFIGURED_V1	procurement_demand_id	NONE	CONFIGURED_ACTION_VALUES_V1	NONE
ProcurementDemandSplitRequestV1	PAYLOAD	F57-20	ACTION_CONFIGURED_V1	procurement_demand_id	NONE	CONFIGURED_ACTION_VALUES_V1	NONE
ProcurementDemandStartSourcingRequestV1	PAYLOAD	F57-20	ACTION_CONFIGURED_V1	procurement_demand_id	NONE	CONFIGURED_ACTION_VALUES_V1	NONE
ProcurementDemandViewV1	RESULT	F57-20	VIEW_CONFIGURED_V1	procurement_demand_id	NONE	CONFIGURED_RECORD_VALUES_V1	NONE
ProductionEvidenceListQueryV1	PAYLOAD	F57-16	LIST_CONFIGURED_V1	NONE	NONE	CONFIGURED_QUERY_VALUES_V1	NONE
ProductionEvidencePageV1	RESULT	F57-16	PAGE_V1	NONE	ProductionEvidenceViewV1	NONE	NONE
ProductionEvidenceQueryV1	PAYLOAD	F57-16	EXPLICIT_FIELDS_V1	NONE	NONE	NONE	evidence_kinds:EVIDENCE_KIND_SET:REQ;as_of_generation:U64_POS:NULL
ProductionEvidenceViewV1	RESULT	F57-16	VIEW_CONFIGURED_V1	production_evidence_id	NONE	CONFIGURED_RECORD_VALUES_V1	NONE
ProjectAcceptedV1	RESULT	F57-21	ACCEPTED_V1	project_id	NONE	NONE	NONE
ProjectChangeRequestV1	PAYLOAD	F57-21	ACTION_CONFIGURED_V1	project_id	NONE	CONFIGURED_ACTION_VALUES_V1	NONE
ProjectCloseRequestV1	PAYLOAD	F57-21	ACTION_CONFIGURED_V1	project_id	NONE	CONFIGURED_ACTION_VALUES_V1	NONE
ProjectCostDrilldownQueryV1	PAYLOAD	F57-21	EXECUTE_QUERY_CONFIGURED_V1	NONE	NONE	CONFIGURED_QUERY_VALUES_V1	NONE
ProjectCostDrilldownViewV1	RESULT	F57-21	VIEW_CONFIGURED_V1	project_cost_drilldown_id	NONE	CONFIGURED_RECORD_VALUES_V1	NONE
ProjectCreateRequestV1	PAYLOAD	F57-21	CREATE_CONFIGURED_V1	NONE	NONE	CONFIGURED_CREATE_VALUES_V1	NONE
ProjectGetQueryV1	PAYLOAD	F57-21	GET_BY_ID_V1	project_id	NONE	NONE	NONE
ProjectListQueryV1	PAYLOAD	F57-21	LIST_CONFIGURED_V1	NONE	NONE	CONFIGURED_QUERY_VALUES_V1	NONE
ProjectMilestoneAcceptedV1	RESULT	F57-21	ACCEPTED_V1	project_milestone_id	NONE	NONE	NONE
ProjectMilestoneCompleteRequestV1	PAYLOAD	F57-21	ACTION_CONFIGURED_V1	project_milestone_id	NONE	CONFIGURED_ACTION_VALUES_V1	NONE
ProjectMilestoneCreateRequestV1	PAYLOAD	F57-21	CREATE_CONFIGURED_V1	NONE	NONE	CONFIGURED_CREATE_VALUES_V1	NONE
ProjectMilestoneListQueryV1	PAYLOAD	F57-21	LIST_CONFIGURED_V1	NONE	NONE	CONFIGURED_QUERY_VALUES_V1	NONE
ProjectMilestonePageV1	RESULT	F57-21	PAGE_V1	project_milestone_id	INLINE_CONFIGURED_ITEM_V1	CONFIGURED_RECORD_VALUES_V1	NONE
ProjectMilestoneReopenRequestV1	PAYLOAD	F57-21	ACTION_CONFIGURED_V1	project_milestone_id	NONE	CONFIGURED_ACTION_VALUES_V1	NONE
ProjectPageV1	RESULT	F57-21	PAGE_V1	NONE	ProjectViewV1	NONE	NONE
ProjectReceiptMilestoneListQueryV1	PAYLOAD	F57-21	LIST_CONFIGURED_V1	NONE	NONE	CONFIGURED_QUERY_VALUES_V1	NONE
ProjectReceiptMilestonePageV1	RESULT	F57-21	PAGE_V1	project_receipt_milestone_id	INLINE_CONFIGURED_ITEM_V1	CONFIGURED_RECORD_VALUES_V1	NONE
ProjectReopenRequestV1	PAYLOAD	F57-21	ACTION_CONFIGURED_V1	project_id	NONE	CONFIGURED_ACTION_VALUES_V1	NONE
ProjectRiskAcceptResidualRequestV1	PAYLOAD	F57-21	ACTION_CONFIGURED_V1	project_risk_id	NONE	CONFIGURED_ACTION_VALUES_V1	NONE
ProjectRiskAcceptedV1	RESULT	F57-21	ACCEPTED_V1	project_risk_id	NONE	NONE	NONE
ProjectRiskCloseRequestV1	PAYLOAD	F57-21	ACTION_CONFIGURED_V1	project_risk_id	NONE	CONFIGURED_ACTION_VALUES_V1	NONE
ProjectRiskCreateRequestV1	PAYLOAD	F57-21	CREATE_CONFIGURED_V1	NONE	NONE	CONFIGURED_CREATE_VALUES_V1	NONE
ProjectRiskEnterMonitoringRequestV1	PAYLOAD	F57-21	ACTION_CONFIGURED_V1	project_risk_id	NONE	CONFIGURED_ACTION_VALUES_V1	NONE
ProjectRiskGetQueryV1	PAYLOAD	F57-21	GET_BY_ID_V1	project_risk_id	NONE	NONE	NONE
ProjectRiskListQueryV1	PAYLOAD	F57-21	LIST_CONFIGURED_V1	NONE	NONE	CONFIGURED_QUERY_VALUES_V1	NONE
ProjectRiskPageV1	RESULT	F57-21	PAGE_V1	NONE	ProjectRiskViewV1	NONE	NONE
ProjectRiskReopenRequestV1	PAYLOAD	F57-21	ACTION_CONFIGURED_V1	project_risk_id	NONE	CONFIGURED_ACTION_VALUES_V1	NONE
ProjectRiskReviewAcceptanceRequestV1	PAYLOAD	F57-21	ACTION_CONFIGURED_V1	project_risk_id	NONE	CONFIGURED_ACTION_VALUES_V1	NONE
ProjectRiskStartMitigationRequestV1	PAYLOAD	F57-21	ACTION_CONFIGURED_V1	project_risk_id	NONE	CONFIGURED_ACTION_VALUES_V1	NONE
ProjectRiskViewV1	RESULT	F57-21	VIEW_CONFIGURED_V1	project_risk_id	NONE	CONFIGURED_RECORD_VALUES_V1	NONE
ProjectStartRequestV1	PAYLOAD	F57-21	ACTION_CONFIGURED_V1	project_id	NONE	CONFIGURED_ACTION_VALUES_V1	NONE
ProjectViewV1	RESULT	F57-21	VIEW_CONFIGURED_V1	project_id	NONE	CONFIGURED_RECORD_VALUES_V1	NONE
PurchaseInvoiceCreateRequestV1	PAYLOAD	F57-20	CREATE_CONFIGURED_V1	NONE	NONE	CONFIGURED_CREATE_VALUES_V1	NONE
PurchaseInvoicePostRequestV1	PAYLOAD	F57-20	ACTION_CONFIGURED_V1	purchase_invoice_id	NONE	CONFIGURED_ACTION_VALUES_V1	NONE
PurchaseOrderAcceptRescheduleRequestV1	PAYLOAD	F57-20	ACTION_CONFIGURED_V1	purchase_order_id	NONE	CONFIGURED_ACTION_VALUES_V1	NONE
PurchaseOrderAcceptedV1	RESULT	F57-20	ACCEPTED_V1	purchase_order_id	NONE	NONE	NONE
PurchaseOrderChangeDraftRequestV1	PAYLOAD	F57-20	PATCH_CONFIGURED_V1	purchase_order_id	NONE	CONFIGURED_PATCH_VALUES_V1	NONE
PurchaseOrderCloseRequestV1	PAYLOAD	F57-20	ACTION_CONFIGURED_V1	purchase_order_id	NONE	CONFIGURED_ACTION_VALUES_V1	NONE
PurchaseOrderConfirmedV1	RESULT	F57-22	ACCEPTED_V1	purchase_order_id	NONE	NONE	NONE
PurchaseOrderCreateRequestV1	PAYLOAD	F57-20	CREATE_CONFIGURED_V1	NONE	NONE	CONFIGURED_CREATE_VALUES_V1	NONE
PurchaseOrderDecideRequestV1	PAYLOAD	F57-20	ACTION_CONFIGURED_V1	purchase_order_id	NONE	CONFIGURED_ACTION_VALUES_V1	NONE
PurchaseOrderGetQueryV1	PAYLOAD	F57-20	GET_BY_ID_V1	purchase_order_id	NONE	NONE	NONE
PurchaseOrderIssueRequestV1	PAYLOAD	F57-20	ACTION_CONFIGURED_V1	purchase_order_id	NONE	CONFIGURED_ACTION_VALUES_V1	NONE
PurchaseOrderListQueryV1	PAYLOAD	F57-20	LIST_CONFIGURED_V1	NONE	NONE	CONFIGURED_QUERY_VALUES_V1	NONE
PurchaseOrderPageV1	RESULT	F57-20	PAGE_V1	NONE	PurchaseOrderViewV1	NONE	NONE
PurchaseOrderRejectRescheduleRequestV1	PAYLOAD	F57-20	ACTION_CONFIGURED_V1	purchase_order_id	NONE	CONFIGURED_ACTION_VALUES_V1	NONE
PurchaseOrderReviseRequestV1	PAYLOAD	F57-20	ACTION_CONFIGURED_V1	purchase_order_id	NONE	CONFIGURED_ACTION_VALUES_V1	NONE
PurchaseOrderSubmitRequestV1	PAYLOAD	F57-20	ACTION_CONFIGURED_V1	purchase_order_id	NONE	CONFIGURED_ACTION_VALUES_V1	NONE
PurchaseOrderViewV1	RESULT	F57-20	VIEW_CONFIGURED_V1	purchase_order_id	NONE	CONFIGURED_RECORD_VALUES_V1	NONE
PurchaseOrderVoidRequestV1	PAYLOAD	F57-20	ACTION_CONFIGURED_V1	purchase_order_id	NONE	CONFIGURED_ACTION_VALUES_V1	NONE
PurchaseReturnAcceptedV1	RESULT	F57-20	ACCEPTED_V1	purchase_return_id	NONE	NONE	NONE
PurchaseReturnChangeDraftRequestV1	PAYLOAD	F57-20	PATCH_CONFIGURED_V1	purchase_return_id	NONE	CONFIGURED_PATCH_VALUES_V1	NONE
PurchaseReturnCreateRequestV1	PAYLOAD	F57-20	CREATE_CONFIGURED_V1	NONE	NONE	CONFIGURED_CREATE_VALUES_V1	NONE
PurchaseReturnDecideRequestV1	PAYLOAD	F57-20	ACTION_CONFIGURED_V1	purchase_return_id	NONE	CONFIGURED_ACTION_VALUES_V1	NONE
PurchaseReturnGetQueryV1	PAYLOAD	F57-20	GET_BY_ID_V1	purchase_return_id	NONE	NONE	NONE
PurchaseReturnListQueryV1	PAYLOAD	F57-20	LIST_CONFIGURED_V1	NONE	NONE	CONFIGURED_QUERY_VALUES_V1	NONE
PurchaseReturnPageV1	RESULT	F57-20	PAGE_V1	NONE	PurchaseReturnViewV1	NONE	NONE
PurchaseReturnPostRequestV1	PAYLOAD	F57-20	ACTION_CONFIGURED_V1	purchase_return_id	NONE	CONFIGURED_ACTION_VALUES_V1	NONE
PurchaseReturnRecordSupplierRefusalRequestV1	PAYLOAD	F57-20	ACTION_CONFIGURED_V1	purchase_return_id	NONE	CONFIGURED_ACTION_VALUES_V1	NONE
PurchaseReturnSubmitRequestV1	PAYLOAD	F57-20	ACTION_CONFIGURED_V1	purchase_return_id	NONE	CONFIGURED_ACTION_VALUES_V1	NONE
PurchaseReturnViewV1	RESULT	F57-20	VIEW_CONFIGURED_V1	purchase_return_id	NONE	CONFIGURED_RECORD_VALUES_V1	NONE
PurchaseReturnVoidRequestV1	PAYLOAD	F57-20	ACTION_CONFIGURED_V1	purchase_return_id	NONE	CONFIGURED_ACTION_VALUES_V1	NONE
QuoteAcceptedV1	RESULT	F57-19	ACCEPTED_V1	quote_id	NONE	NONE	NONE
QuoteCreateRequestV1	PAYLOAD	F57-19	CREATE_CONFIGURED_V1	NONE	NONE	CONFIGURED_CREATE_VALUES_V1	NONE
QuoteGetQueryV1	PAYLOAD	F57-19	GET_BY_ID_V1	quote_id	NONE	NONE	NONE
QuoteListQueryV1	PAYLOAD	F57-19	LIST_CONFIGURED_V1	NONE	NONE	CONFIGURED_QUERY_VALUES_V1	NONE
QuotePageV1	RESULT	F57-19	PAGE_V1	NONE	QuoteViewV1	NONE	NONE
QuoteVersionAcceptRequestV1	PAYLOAD	F57-19	ACTION_CONFIGURED_V1	quote_version_id	NONE	CONFIGURED_ACTION_VALUES_V1	NONE
QuoteVersionAcceptedV1	RESULT	F57-19	ACCEPTED_V1	quote_version_id	NONE	NONE	NONE
QuoteVersionChangeDraftRequestV1	PAYLOAD	F57-19	PATCH_CONFIGURED_V1	quote_version_id	NONE	CONFIGURED_PATCH_VALUES_V1	NONE
QuoteVersionConvertToContractRequestV1	PAYLOAD	F57-19	ACTION_CONFIGURED_V1	quote_version_id	NONE	CONFIGURED_ACTION_VALUES_V1	NONE
QuoteVersionConvertToOrderRequestV1	PAYLOAD	F57-19	ACTION_CONFIGURED_V1	quote_version_id	NONE	CONFIGURED_ACTION_VALUES_V1	NONE
QuoteVersionCreateRequestV1	PAYLOAD	F57-19	CREATE_CONFIGURED_V1	NONE	NONE	CONFIGURED_CREATE_VALUES_V1	NONE
QuoteVersionDecideRequestV1	PAYLOAD	F57-19	ACTION_CONFIGURED_V1	quote_version_id	NONE	CONFIGURED_ACTION_VALUES_V1	NONE
QuoteVersionGetQueryV1	PAYLOAD	F57-19	GET_BY_ID_V1	quote_version_id	NONE	NONE	NONE
QuoteVersionIssueRequestV1	PAYLOAD	F57-19	ACTION_CONFIGURED_V1	quote_version_id	NONE	CONFIGURED_ACTION_VALUES_V1	NONE
QuoteVersionListQueryV1	PAYLOAD	F57-19	LIST_CONFIGURED_V1	NONE	NONE	CONFIGURED_QUERY_VALUES_V1	NONE
QuoteVersionPageV1	RESULT	F57-19	PAGE_V1	NONE	QuoteVersionViewV1	NONE	NONE
QuoteVersionReconcileIssueRequestV1	PAYLOAD	F57-19	ACTION_CONFIGURED_V1	quote_version_id	NONE	CONFIGURED_ACTION_VALUES_V1	NONE
QuoteVersionReconcileWithdrawalRequestV1	PAYLOAD	F57-19	ACTION_CONFIGURED_V1	quote_version_id	NONE	CONFIGURED_ACTION_VALUES_V1	NONE
QuoteVersionRejectRequestV1	PAYLOAD	F57-19	ACTION_CONFIGURED_V1	quote_version_id	NONE	CONFIGURED_ACTION_VALUES_V1	NONE
QuoteVersionSubmitRequestV1	PAYLOAD	F57-19	ACTION_CONFIGURED_V1	quote_version_id	NONE	CONFIGURED_ACTION_VALUES_V1	NONE
QuoteVersionViewV1	RESULT	F57-19	VIEW_CONFIGURED_V1	quote_version_id	NONE	CONFIGURED_RECORD_VALUES_V1	NONE
QuoteVersionWithdrawRequestV1	PAYLOAD	F57-19	ACTION_CONFIGURED_V1	quote_version_id	NONE	CONFIGURED_ACTION_VALUES_V1	NONE
QuoteViewV1	RESULT	F57-19	VIEW_CONFIGURED_V1	quote_id	NONE	CONFIGURED_RECORD_VALUES_V1	NONE
ReceiptAcceptedV1	RESULT	F57-20	ACCEPTED_V1	receipt_id	NONE	NONE	NONE
ReceiptAllocateRequestV1	PAYLOAD	F57-20	ACTION_CONFIGURED_V1	receipt_id	NONE	CONFIGURED_ACTION_VALUES_V1	NONE
ReceiptCreateRequestV1	PAYLOAD	F57-20	CREATE_CONFIGURED_V1	NONE	NONE	CONFIGURED_CREATE_VALUES_V1	NONE
ReceiptPostRequestV1	PAYLOAD	F57-20	ACTION_CONFIGURED_V1	receipt_id	NONE	CONFIGURED_ACTION_VALUES_V1	NONE
ReceiptRejectionAcceptedV1	RESULT	F57-20	ACCEPTED_V1	receipt_rejection_id	NONE	NONE	NONE
ReceiptRejectionRegisterRequestV1	PAYLOAD	F57-20	ACTION_CONFIGURED_V1	receipt_rejection_id	NONE	CONFIGURED_ACTION_VALUES_V1	NONE
ReceiptReverseRequestV1	PAYLOAD	F57-20	ACTION_CONFIGURED_V1	receipt_id	NONE	CONFIGURED_ACTION_VALUES_V1	NONE
ReceivableGetQueryV1	PAYLOAD	F57-20	GET_BY_ID_V1	receivable_id	NONE	NONE	NONE
ReceivableListQueryV1	PAYLOAD	F57-20	LIST_CONFIGURED_V1	NONE	NONE	CONFIGURED_QUERY_VALUES_V1	NONE
ReceivablePageV1	RESULT	F57-20	PAGE_V1	NONE	ReceivableViewV1	NONE	NONE
ReceivableViewV1	RESULT	F57-20	VIEW_CONFIGURED_V1	receivable_id	NONE	CONFIGURED_RECORD_VALUES_V1	NONE
RefundAcceptedV1	RESULT	F57-20	ACCEPTED_V1	refund_id	NONE	NONE	NONE
RefundCreateRequestV1	PAYLOAD	F57-20	CREATE_CONFIGURED_V1	NONE	NONE	CONFIGURED_CREATE_VALUES_V1	NONE
RefundDecideRequestV1	PAYLOAD	F57-20	ACTION_CONFIGURED_V1	refund_id	NONE	CONFIGURED_ACTION_VALUES_V1	NONE
RefundPostRequestV1	PAYLOAD	F57-20	ACTION_CONFIGURED_V1	refund_id	NONE	CONFIGURED_ACTION_VALUES_V1	NONE
ReportDefinitionGetQueryV1	PAYLOAD	F57-21	GET_BY_ID_V1	report_definition_id	NONE	NONE	NONE
ReportDefinitionListQueryV1	PAYLOAD	F57-21	LIST_CONFIGURED_V1	NONE	NONE	CONFIGURED_QUERY_VALUES_V1	NONE
ReportDefinitionPageV1	RESULT	F57-21	PAGE_V1	NONE	ReportDefinitionViewV1	NONE	NONE
ReportDefinitionViewV1	RESULT	F57-21	VIEW_CONFIGURED_V1	report_definition_id	NONE	CONFIGURED_RECORD_VALUES_V1	NONE
ReportResultGetQueryV1	PAYLOAD	F57-21	GET_BY_ID_V1	report_result_id	NONE	NONE	NONE
ReportResultViewV1	RESULT	F57-21	VIEW_CONFIGURED_V1	report_result_id	NONE	CONFIGURED_RECORD_VALUES_V1	NONE
RfqRoundAcceptedV1	RESULT	F57-20	ACCEPTED_V1	rfq_round_id	NONE	NONE	NONE
RfqRoundBeginEvaluationRequestV1	PAYLOAD	F57-20	ACTION_CONFIGURED_V1	rfq_round_id	NONE	CONFIGURED_ACTION_VALUES_V1	NONE
RfqRoundCancelRequestV1	PAYLOAD	F57-20	ACTION_CONFIGURED_V1	rfq_round_id	NONE	CONFIGURED_ACTION_VALUES_V1	NONE
RfqRoundChangeDraftRequestV1	PAYLOAD	F57-20	PATCH_CONFIGURED_V1	rfq_round_id	NONE	CONFIGURED_PATCH_VALUES_V1	NONE
RfqRoundCloseNoAwardRequestV1	PAYLOAD	F57-20	ACTION_CONFIGURED_V1	rfq_round_id	NONE	CONFIGURED_ACTION_VALUES_V1	NONE
RfqRoundCreateRequestV1	PAYLOAD	F57-20	CREATE_CONFIGURED_V1	NONE	NONE	CONFIGURED_CREATE_VALUES_V1	NONE
RfqRoundDecideRequestV1	PAYLOAD	F57-20	ACTION_CONFIGURED_V1	rfq_round_id	NONE	CONFIGURED_ACTION_VALUES_V1	NONE
RfqRoundGetQueryV1	PAYLOAD	F57-20	GET_BY_ID_V1	rfq_round_id	NONE	NONE	NONE
RfqRoundListQueryV1	PAYLOAD	F57-20	LIST_CONFIGURED_V1	NONE	NONE	CONFIGURED_QUERY_VALUES_V1	NONE
RfqRoundOpenRequestV1	PAYLOAD	F57-20	ACTION_CONFIGURED_V1	rfq_round_id	NONE	CONFIGURED_ACTION_VALUES_V1	NONE
RfqRoundPageV1	RESULT	F57-20	PAGE_V1	NONE	RfqRoundViewV1	NONE	NONE
RfqRoundSubmitRequestV1	PAYLOAD	F57-20	ACTION_CONFIGURED_V1	rfq_round_id	NONE	CONFIGURED_ACTION_VALUES_V1	NONE
RfqRoundViewV1	RESULT	F57-20	VIEW_CONFIGURED_V1	rfq_round_id	NONE	CONFIGURED_RECORD_VALUES_V1	NONE
RootCauseAcceptedV1	RESULT	F57-21	ACCEPTED_V1	root_cause_id	NONE	NONE	NONE
RootCauseRecordRequestV1	PAYLOAD	F57-21	ACTION_CONFIGURED_V1	root_cause_id	NONE	CONFIGURED_ACTION_VALUES_V1	NONE
SalesDeliveryConfirmRequestV1	PAYLOAD	F57-20	ACTION_CONFIGURED_V1	sales_id	NONE	CONFIGURED_ACTION_VALUES_V1	NONE
SalesInvoiceCreateRequestV1	PAYLOAD	F57-20	CREATE_CONFIGURED_V1	NONE	NONE	CONFIGURED_CREATE_VALUES_V1	NONE
SalesInvoicePostRequestV1	PAYLOAD	F57-20	ACTION_CONFIGURED_V1	sales_invoice_id	NONE	CONFIGURED_ACTION_VALUES_V1	NONE
SalesOrderAcceptedV1	RESULT	F57-19	ACCEPTED_V1	sales_order_id	NONE	NONE	NONE
SalesOrderApproveRequestV1	PAYLOAD	F57-19	ACTION_CONFIGURED_V1	sales_order_id	NONE	CONFIGURED_ACTION_VALUES_V1	NONE
SalesOrderCancelRequestV1	PAYLOAD	F57-19	ACTION_CONFIGURED_V1	sales_order_id	NONE	CONFIGURED_ACTION_VALUES_V1	NONE
SalesOrderChangeRequestV1	PAYLOAD	F57-19	ACTION_CONFIGURED_V1	sales_order_id	NONE	CONFIGURED_ACTION_VALUES_V1	NONE
SalesOrderCloseRequestV1	PAYLOAD	F57-19	ACTION_CONFIGURED_V1	sales_order_id	NONE	CONFIGURED_ACTION_VALUES_V1	NONE
SalesOrderCreateFromManualAuthorityRequestV1	PAYLOAD	F57-19	ACTION_CONFIGURED_V1	sales_order_id	NONE	CONFIGURED_ACTION_VALUES_V1	NONE
SalesOrderGetQueryV1	PAYLOAD	F57-19	GET_BY_ID_V1	sales_order_id	NONE	NONE	NONE
SalesOrderListQueryV1	PAYLOAD	F57-19	LIST_CONFIGURED_V1	NONE	NONE	CONFIGURED_QUERY_VALUES_V1	NONE
SalesOrderPageV1	RESULT	F57-19	PAGE_V1	NONE	SalesOrderViewV1	NONE	NONE
SalesOrderReleaseRequestV1	PAYLOAD	F57-19	ACTION_CONFIGURED_V1	sales_order_id	NONE	CONFIGURED_ACTION_VALUES_V1	NONE
SalesOrderSubmitRequestV1	PAYLOAD	F57-19	ACTION_CONFIGURED_V1	sales_order_id	NONE	CONFIGURED_ACTION_VALUES_V1	NONE
SalesOrderVersionListQueryV1	PAYLOAD	F57-19	LIST_CONFIGURED_V1	NONE	NONE	CONFIGURED_QUERY_VALUES_V1	NONE
SalesOrderVersionPageV1	RESULT	F57-19	PAGE_V1	sales_order_version_id	INLINE_CONFIGURED_ITEM_V1	CONFIGURED_RECORD_VALUES_V1	NONE
SalesOrderViewV1	RESULT	F57-19	VIEW_CONFIGURED_V1	sales_order_id	NONE	CONFIGURED_RECORD_VALUES_V1	NONE
SalesReturnAcceptedV1	RESULT	F57-20	ACCEPTED_V1	sales_return_id	NONE	NONE	NONE
SalesReturnCancelRequestV1	PAYLOAD	F57-20	ACTION_CONFIGURED_V1	sales_return_id	NONE	CONFIGURED_ACTION_VALUES_V1	NONE
SalesReturnCloseRequestV1	PAYLOAD	F57-20	ACTION_CONFIGURED_V1	sales_return_id	NONE	CONFIGURED_ACTION_VALUES_V1	NONE
SalesReturnCreateRequestV1	PAYLOAD	F57-20	CREATE_CONFIGURED_V1	NONE	NONE	CONFIGURED_CREATE_VALUES_V1	NONE
SalesReturnGetQueryV1	PAYLOAD	F57-20	GET_BY_ID_V1	sales_return_id	NONE	NONE	NONE
SalesReturnLinkExchangeRequestV1	PAYLOAD	F57-20	ACTION_CONFIGURED_V1	sales_return_id	NONE	CONFIGURED_ACTION_VALUES_V1	NONE
SalesReturnListQueryV1	PAYLOAD	F57-20	LIST_CONFIGURED_V1	NONE	NONE	CONFIGURED_QUERY_VALUES_V1	NONE
SalesReturnPageV1	RESULT	F57-20	PAGE_V1	NONE	SalesReturnViewV1	NONE	NONE
SalesReturnRegisterRequestV1	PAYLOAD	F57-20	ACTION_CONFIGURED_V1	sales_return_id	NONE	CONFIGURED_ACTION_VALUES_V1	NONE
SalesReturnSubmitRequestV1	PAYLOAD	F57-20	ACTION_CONFIGURED_V1	sales_return_id	NONE	CONFIGURED_ACTION_VALUES_V1	NONE
SalesReturnViewV1	RESULT	F57-20	VIEW_CONFIGURED_V1	sales_return_id	NONE	CONFIGURED_RECORD_VALUES_V1	NONE
SatisfactionAcceptedV1	RESULT	F57-21	ACCEPTED_V1	satisfaction_id	NONE	NONE	NONE
SatisfactionRecordRequestV1	PAYLOAD	F57-21	ACTION_CONFIGURED_V1	satisfaction_id	NONE	CONFIGURED_ACTION_VALUES_V1	NONE
SearchDefinitionGetQueryV1	PAYLOAD	F57-23	GET_BY_ID_V1	definition_id	NONE	NONE	NONE
SearchDefinitionListQueryV1	PAYLOAD	F57-23	LIST_CONFIGURED_V1	NONE	NONE	CONFIGURED_QUERY_VALUES_V1	NONE
SearchDefinitionPageV1	RESULT	F57-23	PAGE_V1	NONE	SearchDefinitionViewV1	NONE	NONE
SearchDefinitionPublishRequestV1	PAYLOAD	F57-23	EXPLICIT_FIELDS_V1	NONE	NONE	NONE	definition_id:ENTITY_ID:REQ;expected_row_version:ROW_VERSION:REQ;schema_version:U64_POS:REQ;query_ast:QUERY_AST:REQ;filter_fields:FIELD_ID_SET:REQ;sort_fields:FIELD_ID_SET:REQ;projection_fields:FIELD_ID_SET:REQ;maximum_page_size:U32_1_200:REQ
SearchDefinitionPublishedV1	RESULT	F57-23	EXPLICIT_FIELDS_V1	NONE	NONE	NONE	definition_id:ENTITY_ID:REQ;version:U64_POS:REQ;definition_sha256:SHA256:REQ
SearchDefinitionViewV1	RESULT	F57-23	VIEW_CONFIGURED_V1	definition_id	NONE	CONFIGURED_RECORD_VALUES_V1	NONE
SecurityIncidentAcceptedV1	RESULT	F57-24	EXPLICIT_FIELDS_V1	NONE	NONE	NONE	incident_id:ENTITY_ID:REQ;state:STATE_CODE:REQ;row_version:ROW_VERSION:REQ
SecurityIncidentBeginEradicationRequestV1	PAYLOAD	F57-24	EXPLICIT_FIELDS_V1	NONE	NONE	NONE	incident_id:ENTITY_ID:REQ;expected_row_version:ROW_VERSION:REQ;eradication_plan_digest:SHA256:REQ;evidence_refs:EVIDENCE_REF_SET:REQ
SecurityIncidentBeginReconciliationRequestV1	PAYLOAD	F57-24	EXPLICIT_FIELDS_V1	NONE	NONE	NONE	incident_id:ENTITY_ID:REQ;expected_row_version:ROW_VERSION:REQ;reconciliation_plan_digest:SHA256:REQ;evidence_refs:EVIDENCE_REF_SET:REQ
SecurityIncidentBeginRecoveryRequestV1	PAYLOAD	F57-24	EXPLICIT_FIELDS_V1	NONE	NONE	NONE	incident_id:ENTITY_ID:REQ;expected_row_version:ROW_VERSION:REQ;recovery_checkpoint_id:ENTITY_ID:REQ;evidence_refs:EVIDENCE_REF_SET:REQ
SecurityIncidentCloseFalsePositiveRequestV1	PAYLOAD	F57-24	EXPLICIT_FIELDS_V1	NONE	NONE	NONE	incident_id:ENTITY_ID:REQ;expected_row_version:ROW_VERSION:REQ;rationale:STRING_1_4096:REQ;evidence_refs:EVIDENCE_REF_SET:REQ
SecurityIncidentCloseRequestV1	PAYLOAD	F57-24	EXPLICIT_FIELDS_V1	NONE	NONE	NONE	incident_id:ENTITY_ID:REQ;expected_row_version:ROW_VERSION:REQ;closure_summary:STRING_1_4096:REQ;closure_evidence_refs:EVIDENCE_REF_SET:REQ
SecurityIncidentContainRequestV1	PAYLOAD	F57-24	EXPLICIT_FIELDS_V1	NONE	NONE	NONE	incident_id:ENTITY_ID:REQ;expected_row_version:ROW_VERSION:REQ;containment_scope:SCOPE_AST:REQ;evidence_refs:EVIDENCE_REF_SET:REQ
SecurityIncidentEvidenceAddRequestV1	PAYLOAD	F57-24	EXPLICIT_FIELDS_V1	NONE	NONE	NONE	incident_id:ENTITY_ID:REQ;expected_row_version:ROW_VERSION:REQ;evidence_ref:EVIDENCE_REF:REQ
SecurityIncidentEvidenceListQueryV1	PAYLOAD	F57-24	LIST_STATELESS_CONFIGURED_V1	NONE	NONE	CONFIGURED_QUERY_VALUES_V1	NONE
SecurityIncidentEvidencePageV1	RESULT	F57-24	EXPLICIT_FIELDS_V1	NONE	NONE	NONE	items:INCIDENT_EVIDENCE_VIEW_SEQ:REQ;next_cursor:CURSOR:NULL
SecurityIncidentGetQueryV1	PAYLOAD	F57-24	GET_BY_ID_V1	incident_id	NONE	NONE	NONE
SecurityIncidentListQueryV1	PAYLOAD	F57-24	LIST_CONFIGURED_V1	NONE	NONE	CONFIGURED_QUERY_VALUES_V1	NONE
SecurityIncidentNotificationRecordRequestV1	PAYLOAD	F57-24	EXPLICIT_FIELDS_V1	NONE	NONE	NONE	incident_id:ENTITY_ID:REQ;expected_row_version:ROW_VERSION:REQ;notification_kind:INCIDENT_NOTIFICATION_KIND:REQ;recipient_scope:SCOPE_AST:REQ;notification_receipt_sha256:SHA256:REQ;notified_at:UTC:REQ
SecurityIncidentPageV1	RESULT	F57-24	PAGE_V1	NONE	SecurityIncidentViewV1	NONE	NONE
SecurityIncidentRegisterRequestV1	PAYLOAD	F57-24	EXPLICIT_FIELDS_V1	NONE	NONE	NONE	source_fact_id:ENTITY_ID:REQ;source_kind:INCIDENT_SOURCE_KIND:REQ;detected_at:UTC:REQ;severity:INCIDENT_SEVERITY:REQ;summary:STRING_1_4096:REQ;evidence_refs:EVIDENCE_REF_SET:REQ;affected_subjects:OBJECT_REF_SET:REQ
SecurityIncidentReleaseApprovalRecordRequestV1	PAYLOAD	F57-24	EXPLICIT_FIELDS_V1	NONE	NONE	NONE	incident_id:ENTITY_ID:REQ;expected_row_version:ROW_VERSION:REQ;approval_stage:ENUM(SECURITY|BUSINESS):REQ;decision:ENUM(APPROVE|REJECT):REQ;evidence_refs:EVIDENCE_REF_SET:REQ
SecurityIncidentRotationRecordRequestV1	PAYLOAD	F57-24	EXPLICIT_FIELDS_V1	NONE	NONE	NONE	incident_id:ENTITY_ID:REQ;expected_row_version:ROW_VERSION:REQ;rotation_kind:INCIDENT_ROTATION_KIND:REQ;affected_ref:OBJECT_REF:REQ;rotation_receipt_sha256:SHA256:REQ;completed_at:UTC:REQ
SecurityIncidentTimelineQueryV1	PAYLOAD	F57-24	EXECUTE_QUERY_CONFIGURED_V1	NONE	NONE	CONFIGURED_QUERY_VALUES_V1	NONE
SecurityIncidentTimelineViewV1	RESULT	F57-24	EXPLICIT_FIELDS_V1	NONE	NONE	NONE	incident_id:ENTITY_ID:REQ;transitions:INCIDENT_TRANSITION_SEQ:REQ;milestones:INCIDENT_MILESTONE_SEQ:REQ
SecurityIncidentTriageRequestV1	PAYLOAD	F57-24	EXPLICIT_FIELDS_V1	NONE	NONE	NONE	incident_id:ENTITY_ID:REQ;expected_row_version:ROW_VERSION:REQ;severity:INCIDENT_SEVERITY:REQ;category:INCIDENT_CATEGORY:REQ;triage_summary:STRING_1_4096:REQ;evidence_refs:EVIDENCE_REF_SET:REQ
SecurityIncidentViewV1	RESULT	F57-24	EXPLICIT_FIELDS_V1	NONE	NONE	NONE	incident_id:ENTITY_ID:REQ;state:STATE_CODE:REQ;row_version:ROW_VERSION:REQ;severity:INCIDENT_SEVERITY:REQ;category:INCIDENT_CATEGORY:REQ;opened_at:UTC:REQ;last_transition_at:UTC:REQ;affected_subjects:OBJECT_REF_SET:REQ;evidence_count:U64:REQ;current_milestone:STRING_1_128:NULL;generation:U64_POS:REQ
SerialTraceGetQueryV1	PAYLOAD	F57-20	GET_BY_ID_V1	serial_trace_id	NONE	NONE	NONE
SerialTraceViewV1	RESULT	F57-20	VIEW_CONFIGURED_V1	serial_trace_id	NONE	CONFIGURED_RECORD_VALUES_V1	NONE
ServiceEvidenceAcceptedV1	RESULT	F57-22	ACCEPTED_V1	service_evidence_id	NONE	NONE	NONE
ServiceRequestAcceptedV1	RESULT	F57-22	ACCEPTED_V1	service_request_id	NONE	NONE	NONE
StockAdjustmentAcceptedV1	RESULT	F57-20	ACCEPTED_V1	stock_adjustment_id	NONE	NONE	NONE
StockAdjustmentCreateRequestV1	PAYLOAD	F57-20	CREATE_CONFIGURED_V1	NONE	NONE	CONFIGURED_CREATE_VALUES_V1	NONE
StockAdjustmentDecideRequestV1	PAYLOAD	F57-20	ACTION_CONFIGURED_V1	stock_adjustment_id	NONE	CONFIGURED_ACTION_VALUES_V1	NONE
StockAdjustmentPostRequestV1	PAYLOAD	F57-20	ACTION_CONFIGURED_V1	stock_adjustment_id	NONE	CONFIGURED_ACTION_VALUES_V1	NONE
StockAdjustmentSubmitRequestV1	PAYLOAD	F57-20	ACTION_CONFIGURED_V1	stock_adjustment_id	NONE	CONFIGURED_ACTION_VALUES_V1	NONE
StorageHealthQueryV1	PAYLOAD	F57-16	EXECUTE_QUERY_CONFIGURED_V1	NONE	NONE	CONFIGURED_QUERY_VALUES_V1	NONE
StorageHealthViewV1	RESULT	F57-16	VIEW_CONFIGURED_V1	storage_health_id	NONE	CONFIGURED_RECORD_VALUES_V1	NONE
SubledgerReconciliationGetQueryV1	PAYLOAD	F57-20	GET_BY_ID_V1	subledger_reconciliation_id	NONE	NONE	NONE
SubledgerReconciliationViewV1	RESULT	F57-20	VIEW_CONFIGURED_V1	subledger_reconciliation_id	NONE	CONFIGURED_RECORD_VALUES_V1	NONE
SubmitAcceptanceRequestV1	PAYLOAD	F57-22	ACTION_CONFIGURED_V1	customer_id	NONE	CONFIGURED_ACTION_VALUES_V1	NONE
SubmitAdvanceShippingNoticeRequestV1	PAYLOAD	F57-22	ACTION_CONFIGURED_V1	supplier_id	NONE	CONFIGURED_ACTION_VALUES_V1	NONE
SupplierInvoiceUploadAcceptedV1	RESULT	F57-22	ACCEPTED_V1	supplier_invoice_upload_id	NONE	NONE	NONE
SupplierProfileChangeAcceptedV1	RESULT	F57-22	ACCEPTED_V1	supplier_profile_change_id	NONE	NONE	NONE
SupplierPurchaseOrderGetQueryV1	PAYLOAD	F57-22	GET_BY_ID_V1	supplier_purchase_order_id	NONE	NONE	NONE
SupplierPurchaseOrderViewV1	RESULT	F57-22	VIEW_CONFIGURED_V1	supplier_purchase_order_id	NONE	CONFIGURED_RECORD_VALUES_V1	NONE
SupplierQuoteAcceptedV1	RESULT	F57-20	ACCEPTED_V1	supplier_quote_id	NONE	NONE	NONE
SupplierQuoteGetQueryV1	PAYLOAD	F57-20	GET_BY_ID_V1	supplier_quote_id	NONE	NONE	NONE
SupplierQuoteListQueryV1	PAYLOAD	F57-20	LIST_CONFIGURED_V1	NONE	NONE	CONFIGURED_QUERY_VALUES_V1	NONE
SupplierQuotePageV1	RESULT	F57-20	PAGE_V1	NONE	SupplierQuoteViewV1	NONE	NONE
SupplierQuoteRegisterRequestV1	PAYLOAD	F57-20	ACTION_CONFIGURED_V1	supplier_quote_id	NONE	CONFIGURED_ACTION_VALUES_V1	NONE
SupplierQuoteValidateRequestV1	PAYLOAD	F57-20	ACTION_CONFIGURED_V1	supplier_quote_id	NONE	CONFIGURED_ACTION_VALUES_V1	NONE
SupplierQuoteViewV1	RESULT	F57-20	VIEW_CONFIGURED_V1	supplier_quote_id	NONE	CONFIGURED_RECORD_VALUES_V1	NONE
SupplierQuoteWithdrawRequestV1	PAYLOAD	F57-20	ACTION_CONFIGURED_V1	supplier_quote_id	NONE	CONFIGURED_ACTION_VALUES_V1	NONE
SupplierReconciliationStatementGetQueryV1	PAYLOAD	F57-22	GET_BY_ID_V1	supplier_reconciliation_statement_id	NONE	NONE	NONE
SupplierReconciliationStatementViewV1	RESULT	F57-22	VIEW_CONFIGURED_V1	supplier_reconciliation_statement_id	NONE	CONFIGURED_RECORD_VALUES_V1	NONE
SupportSessionChangedV1	RESULT	F57-16	EXPLICIT_FIELDS_V1	NONE	NONE	NONE	support_session_id:ENTITY_ID:REQ;state:STATE_CODE:REQ;row_version:ROW_VERSION:REQ;expires_at:UTC:REQ
SupportSessionCloseRequestV1	PAYLOAD	F57-16	EXPLICIT_FIELDS_V1	NONE	NONE	NONE	support_session_id:ENTITY_ID:REQ;expected_row_version:ROW_VERSION:REQ;credential_revocation_evidence_ref:EVIDENCE_REF:REQ;sealed_evidence_ref:EVIDENCE_REF:REQ
SupportSessionCreateRequestV1	PAYLOAD	F57-16	EXPLICIT_FIELDS_V1	NONE	NONE	NONE	ticket_id:ENTITY_ID:REQ;support_principal_id:ENTITY_ID:REQ;authenticated_origin:HTTPS_ORIGIN:REQ;object_codes:OBJECT_CODE_SET:REQ;field_codes:FIELD_CODE_SET:REQ;action_codes:ACTION_CODE_SET:REQ;requested_duration_seconds:U32_1_14400:REQ;reason:STRING_1_4096:REQ;evidence_refs:EVIDENCE_REF_SET:REQ
SupportSessionPageV1	RESULT	F57-16	PAGE_V1	NONE	SupportSessionViewV1	NONE	NONE
SupportSessionTransitionRequestV1	PAYLOAD	F57-16	EXPLICIT_FIELDS_V1	NONE	NONE	NONE	support_session_id:ENTITY_ID:REQ;expected_row_version:ROW_VERSION:REQ;reason:STRING_1_4096:REQ;evidence_refs:EVIDENCE_REF_SET:REQ
SupportSessionViewV1	RESULT	F57-16	VIEW_CONFIGURED_V1	support_session_id	NONE	CONFIGURED_RECORD_VALUES_V1	NONE
TimeEntryAcceptedV1	RESULT	F57-21	ACCEPTED_V1	time_entry_id	NONE	NONE	NONE
TimeEntryCorrectRequestV1	PAYLOAD	F57-21	ACTION_CONFIGURED_V1	time_entry_id	NONE	CONFIGURED_ACTION_VALUES_V1	NONE
TimeEntryListQueryV1	PAYLOAD	F57-21	LIST_CONFIGURED_V1	NONE	NONE	CONFIGURED_QUERY_VALUES_V1	NONE
TimeEntryPageV1	RESULT	F57-21	PAGE_V1	time_entry_id	INLINE_CONFIGURED_ITEM_V1	CONFIGURED_RECORD_VALUES_V1	NONE
TimeEntryStartRequestV1	PAYLOAD	F57-21	ACTION_CONFIGURED_V1	time_entry_id	NONE	CONFIGURED_ACTION_VALUES_V1	NONE
TimeEntryStopRequestV1	PAYLOAD	F57-21	ACTION_CONFIGURED_V1	time_entry_id	NONE	CONFIGURED_ACTION_VALUES_V1	NONE
TimeEntrySubmitRequestV1	PAYLOAD	F57-21	ACTION_CONFIGURED_V1	time_entry_id	NONE	CONFIGURED_ACTION_VALUES_V1	NONE
TrialBalanceGetQueryV1	PAYLOAD	F57-20	GET_BY_ID_V1	trial_balance_id	NONE	NONE	NONE
TrialBalanceViewV1	RESULT	F57-20	VIEW_CONFIGURED_V1	trial_balance_id	NONE	CONFIGURED_RECORD_VALUES_V1	NONE
UpdateOwnSupplierProfileRequestV1	PAYLOAD	F57-22	ACTION_CONFIGURED_V1	supplier_id	NONE	CONFIGURED_ACTION_VALUES_V1	NONE
UploadSupplierInvoiceRequestV1	PAYLOAD	F57-22	ACTION_CONFIGURED_V1	supplier_id	NONE	CONFIGURED_ACTION_VALUES_V1	NONE
WorkItemAcceptRequestV1	PAYLOAD	F57-18	ACTION_CONFIGURED_V1	work_item_id	NONE	CONFIGURED_ACTION_VALUES_V1	NONE
WorkItemCancelRequestV1	PAYLOAD	F57-18	ACTION_CONFIGURED_V1	work_item_id	NONE	CONFIGURED_ACTION_VALUES_V1	NONE
WorkItemChangedV1	RESULT	F57-18	CHANGED_V1	work_item_id	NONE	NONE	NONE
WorkItemCompleteRequestV1	PAYLOAD	F57-18	ACTION_CONFIGURED_V1	work_item_id	NONE	CONFIGURED_ACTION_VALUES_V1	NONE
WorkItemGetQueryV1	PAYLOAD	F57-18	GET_BY_ID_V1	work_item_id	NONE	NONE	NONE
WorkItemListQueryV1	PAYLOAD	F57-18	LIST_CONFIGURED_V1	NONE	NONE	CONFIGURED_QUERY_VALUES_V1	NONE
WorkItemPageV1	RESULT	F57-18	PAGE_V1	NONE	WorkItemViewV1	NONE	NONE
WorkItemReassignRequestV1	PAYLOAD	F57-18	ACTION_CONFIGURED_V1	work_item_id	NONE	CONFIGURED_ACTION_VALUES_V1	NONE
WorkItemResumeRequestV1	PAYLOAD	F57-18	ACTION_CONFIGURED_V1	work_item_id	NONE	CONFIGURED_ACTION_VALUES_V1	NONE
WorkItemStartRequestV1	PAYLOAD	F57-18	ACTION_CONFIGURED_V1	work_item_id	NONE	CONFIGURED_ACTION_VALUES_V1	NONE
WorkItemViewV1	RESULT	F57-18	VIEW_CONFIGURED_V1	work_item_id	NONE	CONFIGURED_RECORD_VALUES_V1	NONE
WorkItemWaitRequestV1	PAYLOAD	F57-18	ACTION_CONFIGURED_V1	work_item_id	NONE	CONFIGURED_ACTION_VALUES_V1	NONE
WorkOrderAcceptRequestV1	PAYLOAD	F57-21	ACTION_CONFIGURED_V1	work_order_id	NONE	CONFIGURED_ACTION_VALUES_V1	NONE
WorkOrderAcceptedV1	RESULT	F57-21	ACCEPTED_V1	work_order_id	NONE	NONE	NONE
WorkOrderAddEvidenceRequestV1	PAYLOAD	F57-21	ACTION_CONFIGURED_V1	work_order_id	NONE	CONFIGURED_ACTION_VALUES_V1	NONE
WorkOrderAssignRequestV1	PAYLOAD	F57-21	ACTION_CONFIGURED_V1	work_order_id	NONE	CONFIGURED_ACTION_VALUES_V1	NONE
WorkOrderCancelRequestV1	PAYLOAD	F57-21	ACTION_CONFIGURED_V1	work_order_id	NONE	CONFIGURED_ACTION_VALUES_V1	NONE
WorkOrderCloseRequestV1	PAYLOAD	F57-21	ACTION_CONFIGURED_V1	work_order_id	NONE	CONFIGURED_ACTION_VALUES_V1	NONE
WorkOrderCreateRequestV1	PAYLOAD	F57-21	CREATE_CONFIGURED_V1	NONE	NONE	CONFIGURED_CREATE_VALUES_V1	NONE
WorkOrderEvidenceListQueryV1	PAYLOAD	F57-21	LIST_STATELESS_CONFIGURED_V1	NONE	NONE	CONFIGURED_QUERY_VALUES_V1	NONE
WorkOrderEvidencePageV1	RESULT	F57-21	PAGE_STATELESS_CONFIGURED_V1	work_order_evidence_id	INLINE_CONFIGURED_ITEM_V1	CONFIGURED_RECORD_VALUES_V1	NONE
WorkOrderGetQueryV1	PAYLOAD	F57-21	GET_BY_ID_V1	work_order_id	NONE	NONE	NONE
WorkOrderListQueryV1	PAYLOAD	F57-21	LIST_CONFIGURED_V1	NONE	NONE	CONFIGURED_QUERY_VALUES_V1	NONE
WorkOrderPageV1	RESULT	F57-21	PAGE_V1	NONE	WorkOrderViewV1	NONE	NONE
WorkOrderReassessEntitlementRequestV1	PAYLOAD	F57-21	ACTION_CONFIGURED_V1	work_order_id	NONE	CONFIGURED_ACTION_VALUES_V1	NONE
WorkOrderReopenRequestV1	PAYLOAD	F57-21	ACTION_CONFIGURED_V1	work_order_id	NONE	CONFIGURED_ACTION_VALUES_V1	NONE
WorkOrderResolveRequestV1	PAYLOAD	F57-21	ACTION_CONFIGURED_V1	work_order_id	NONE	CONFIGURED_ACTION_VALUES_V1	NONE
WorkOrderResumeRequestV1	PAYLOAD	F57-21	ACTION_CONFIGURED_V1	work_order_id	NONE	CONFIGURED_ACTION_VALUES_V1	NONE
WorkOrderStartRequestV1	PAYLOAD	F57-21	ACTION_CONFIGURED_V1	work_order_id	NONE	CONFIGURED_ACTION_VALUES_V1	NONE
WorkOrderSubmitClosureReviewRequestV1	PAYLOAD	F57-21	ACTION_CONFIGURED_V1	work_order_id	NONE	CONFIGURED_ACTION_VALUES_V1	NONE
WorkOrderTimelineQueryV1	PAYLOAD	F57-21	EXECUTE_QUERY_CONFIGURED_V1	NONE	NONE	CONFIGURED_QUERY_VALUES_V1	NONE
WorkOrderTimelineViewV1	RESULT	F57-21	VIEW_CONFIGURED_V1	work_order_timeline_id	NONE	CONFIGURED_RECORD_VALUES_V1	NONE
WorkOrderTriageRequestV1	PAYLOAD	F57-21	ACTION_CONFIGURED_V1	work_order_id	NONE	CONFIGURED_ACTION_VALUES_V1	NONE
WorkOrderViewV1	RESULT	F57-21	VIEW_CONFIGURED_V1	work_order_id	NONE	CONFIGURED_RECORD_VALUES_V1	NONE
WorkOrderWaitRequestV1	PAYLOAD	F57-21	ACTION_CONFIGURED_V1	work_order_id	NONE	CONFIGURED_ACTION_VALUES_V1	NONE
