legacy_version	legacy_path	disposition	aggregate_owner_task	aggregate_replacement_paths	mapping_rule
20261012114000	db/migrations/platform_core/V20261012114000__platform_core_alter_reauth_challenges_dual_kind.sql	SUPERSEDED_BY_F57_REBASELINE	F57-23	db/migrations/platform_core/V20261025091500__platform_core_harden_employee_device_state_and_sessions.sql;db/migrations/platform_core/V20261025091930__platform_core_create_external_identity_links.sql	PLATFORM_CORE_IDENTITY_V1
20261012114500	db/migrations/platform_core/V20261012114500__platform_core_add_identity_foreign_keys.sql	SUPERSEDED_BY_F57_REBASELINE	F57-23	db/migrations/platform_core/V20261025091500__platform_core_harden_employee_device_state_and_sessions.sql;db/migrations/platform_core/V20261025091930__platform_core_create_external_identity_links.sql	PLATFORM_CORE_IDENTITY_V1
20261012115000	db/migrations/platform_core/V20261012115000__platform_core_drop_user_accounts_supplier_ref_id.sql	SUPERSEDED_BY_F57_REBASELINE	F57-23	db/migrations/platform_core/V20261025091500__platform_core_harden_employee_device_state_and_sessions.sql;db/migrations/platform_core/V20261025091930__platform_core_create_external_identity_links.sql	PLATFORM_CORE_IDENTITY_V1
20261012115500	db/migrations/platform_authz/V20261012115500__platform_authz_add_missing_foreign_keys.sql	SUPERSEDED_BY_F57_REBASELINE	F57-08	db/migrations/platform_authz/V20261025090200__platform_authz_create_principal_grants.sql	PLATFORM_AUTHZ_V1
20261012120000	db/migrations/platform_authz/V20261012120000__platform_authz_alter_approval_scenario_constraints.sql	SUPERSEDED_BY_F57_REBASELINE	F57-08	db/migrations/platform_authz/V20261025090200__platform_authz_create_principal_grants.sql	PLATFORM_AUTHZ_V1
20261012120500	db/migrations/platform_authz/V20261012120500__platform_authz_backfill_default_approval_chains.sql	SUPERSEDED_BY_F57_REBASELINE	F57-08	db/migrations/platform_authz/V20261025090200__platform_authz_create_principal_grants.sql	PLATFORM_AUTHZ_V1
20261013090000	db/migrations/platform_core/V20261013090000__platform_core_create_number_sequences.sql	SUPERSEDED_BY_F57_REBASELINE	F57-03	db/migrations/clm/V20261025090900__clm_create_contracting.sql;db/migrations/clm/V20261025092240__clm_extend_release_breadth.sql;db/migrations/cpq/V20261025092230__cpq_create_release_breadth.sql;db/migrations/crm/V20261025092220__crm_create_release_breadth.sql;db/migrations/finance/V20261025091310__finance_create_receivable_and_cash.sql;db/migrations/finance/V20261025092340__finance_extend_release_breadth.sql;db/migrations/inventory/V20261025091200__inventory_create_receipt_and_delivery_facts.sql;db/migrations/inventory/V20261025092320__inventory_extend_release_breadth.sql;db/migrations/invoice/V20261025091300__invoice_create_sales_invoicing.sql;db/migrations/invoice/V20261025092330__invoice_extend_release_breadth.sql;db/migrations/ledger/V20261025092350__ledger_create_operating_ledger_release_breadth.sql;db/migrations/mdm/V20261025090800__mdm_create_customer_master.sql;db/migrations/mdm/V20261025092210__mdm_extend_release_breadth.sql;db/migrations/portal/V20261025092200__portal_create_identity_and_customization.sql;db/migrations/procure/V20261025091100__procure_create_sales_order_demand_and_purchase_orders.sql;db/migrations/procure/V20261025092310__procure_extend_release_breadth.sql;db/migrations/project/V20261025092410__project_create_release_breadth.sql;db/migrations/reporting/V20261025092420__reporting_create_release_breadth.sql;db/migrations/sales/V20261025091000__sales_create_standard_orders.sql;db/migrations/sales/V20261025092300__sales_extend_release_breadth.sql;db/migrations/service/V20261025092400__service_create_release_breadth.sql	PLATFORM_CORE_NUMBERING_V1
20261013090100	db/migrations/platform_core/V20261013090100__platform_core_create_module_registrations.sql	SUPERSEDED_BY_F57_REBASELINE	F57-13	db/migrations/platform_meta/V20261025092100__platform_meta_create_capability_packages.sql	PLATFORM_CORE_PACKAGE_V1
20261013090200	db/migrations/platform_core/V20261013090200__platform_core_create_license_grants.sql	SUPERSEDED_BY_F57_REBASELINE	F57-13	db/migrations/platform_meta/V20261025092100__platform_meta_create_capability_packages.sql	PLATFORM_CORE_PACKAGE_V1
20261013090300	db/migrations/platform_core/V20261013090300__platform_core_create_feature_flags.sql	SUPERSEDED_BY_F57_REBASELINE	F57-09	db/migrations/platform_meta/V20261025090400__platform_meta_create_generations_participants_and_pins.sql	PLATFORM_CORE_GENERATION_V1
20261013090400	db/migrations/platform_meta/V20261013090400__platform_meta_create_config_packages.sql	SUPERSEDED_BY_F57_REBASELINE	F57-09	db/migrations/platform_meta/V20261025090400__platform_meta_create_generations_participants_and_pins.sql	PLATFORM_META_GENERATION_V1
20261013090500	db/migrations/platform_meta/V20261013090500__platform_meta_create_config_package_items.sql	SUPERSEDED_BY_F57_REBASELINE	F57-09	db/migrations/platform_meta/V20261025090400__platform_meta_create_generations_participants_and_pins.sql	PLATFORM_META_GENERATION_V1
20261013090600	db/migrations/platform_meta/V20261013090600__platform_meta_create_config_release_orders.sql	SUPERSEDED_BY_F57_REBASELINE	F57-09	db/migrations/platform_meta/V20261025090400__platform_meta_create_generations_participants_and_pins.sql	PLATFORM_META_GENERATION_V1
20261013090700	db/migrations/platform_flow/V20261013090700__platform_flow_create_process_definitions.sql	SUPERSEDED_BY_F57_REBASELINE	F57-12	db/migrations/platform_flow/V20261025090500__platform_flow_create_objectives_effects_and_checkpoints.sql	PLATFORM_FLOW_OBJECTIVE_V1
20261013090800	db/migrations/platform_flow/V20261013090800__platform_flow_create_process_instances.sql	SUPERSEDED_BY_F57_REBASELINE	F57-12	db/migrations/platform_flow/V20261025090500__platform_flow_create_objectives_effects_and_checkpoints.sql	PLATFORM_FLOW_OBJECTIVE_V1
20261013090900	db/migrations/platform_flow/V20261013090900__platform_flow_create_process_steps.sql	SUPERSEDED_BY_F57_REBASELINE	F57-12	db/migrations/platform_flow/V20261025090500__platform_flow_create_objectives_effects_and_checkpoints.sql	PLATFORM_FLOW_OBJECTIVE_V1
20261013091000	db/migrations/platform_flow/V20261013091000__platform_flow_create_process_tasks.sql	SUPERSEDED_BY_F57_REBASELINE	F57-12	db/migrations/platform_flow/V20261025090500__platform_flow_create_objectives_effects_and_checkpoints.sql	PLATFORM_FLOW_OBJECTIVE_V1
20261013091100	db/migrations/platform_flow/V20261013091100__platform_flow_create_process_timers.sql	SUPERSEDED_BY_F57_REBASELINE	F57-12	db/migrations/platform_flow/V20261025090500__platform_flow_create_objectives_effects_and_checkpoints.sql	PLATFORM_FLOW_OBJECTIVE_V1
20261013091200	db/migrations/platform_flow/V20261013091200__platform_flow_create_process_compensations.sql	SUPERSEDED_BY_F57_REBASELINE	F57-12	db/migrations/platform_flow/V20261025090500__platform_flow_create_objectives_effects_and_checkpoints.sql	PLATFORM_FLOW_OBJECTIVE_V1
20261013091300	db/migrations/platform_audit/V20261013091300__platform_audit_create_audit_segments.sql	SUPERSEDED_BY_F57_REBASELINE	F57-11	db/migrations/platform_audit/V20261025090310__platform_audit_create_entries_and_segments.sql	PLATFORM_AUDIT_V1
20261013091400	db/migrations/platform_audit/V20261013091400__platform_audit_create_audit_events.sql	SUPERSEDED_BY_F57_REBASELINE	F57-11	db/migrations/platform_audit/V20261025090310__platform_audit_create_entries_and_segments.sql	PLATFORM_AUDIT_V1
20261013091500	db/migrations/platform_audit/V20261013091500__platform_audit_create_audit_anchors.sql	SUPERSEDED_BY_F57_REBASELINE	F57-11	db/migrations/platform_audit/V20261025090310__platform_audit_create_entries_and_segments.sql	PLATFORM_AUDIT_V1
20261013091600	db/migrations/platform_audit/V20261013091600__platform_audit_create_audit_verifications.sql	SUPERSEDED_BY_F57_REBASELINE	F57-11	db/migrations/platform_audit/V20261025090310__platform_audit_create_entries_and_segments.sql	PLATFORM_AUDIT_V1
20261013091700	db/migrations/platform_msg/V20261013091700__platform_msg_create_outbox_events.sql	SUPERSEDED_BY_F57_REBASELINE	F57-11	db/migrations/platform_msg/V20261025090300__platform_msg_create_command_receipts_and_outbox.sql	PLATFORM_MESSAGE_V1
20261013091800	db/migrations/platform_msg/V20261013091800__platform_msg_create_inbox_consumptions.sql	SUPERSEDED_BY_F57_REBASELINE	F57-11	db/migrations/platform_msg/V20261025090300__platform_msg_create_command_receipts_and_outbox.sql	PLATFORM_MESSAGE_V1
20261013091900	db/migrations/platform_msg/V20261013091900__platform_msg_create_dead_letters.sql	SUPERSEDED_BY_F57_REBASELINE	F57-11	db/migrations/platform_msg/V20261025090300__platform_msg_create_command_receipts_and_outbox.sql	PLATFORM_MESSAGE_V1
20261013092000	db/migrations/platform_msg/V20261013092000__platform_msg_create_notification_templates.sql	SUPERSEDED_BY_F57_REBASELINE	F57-11	db/migrations/platform_msg/V20261025090300__platform_msg_create_command_receipts_and_outbox.sql	PLATFORM_MESSAGE_V1
20261013092100	db/migrations/platform_msg/V20261013092100__platform_msg_create_notifications.sql	SUPERSEDED_BY_F57_REBASELINE	F57-11	db/migrations/platform_msg/V20261025090300__platform_msg_create_command_receipts_and_outbox.sql	PLATFORM_MESSAGE_V1
20261013092200	db/migrations/platform_msg/V20261013092200__platform_msg_create_notification_deliveries.sql	SUPERSEDED_BY_F57_REBASELINE	F57-11	db/migrations/platform_msg/V20261025090300__platform_msg_create_command_receipts_and_outbox.sql	PLATFORM_MESSAGE_V1
20261013092300	db/migrations/platform_msg/V20261013092300__platform_msg_create_push_registrations.sql	SUPERSEDED_BY_F57_REBASELINE	F57-11	db/migrations/platform_msg/V20261025090300__platform_msg_create_command_receipts_and_outbox.sql	PLATFORM_MESSAGE_V1
20261013092400	db/migrations/platform_msg/V20261013092400__platform_msg_create_ops_views.sql	SUPERSEDED_BY_F57_REBASELINE	F57-11	db/migrations/platform_msg/V20261025090300__platform_msg_create_command_receipts_and_outbox.sql	PLATFORM_MESSAGE_V1
20261013092500	db/migrations/platform_msg/V20261013092500__platform_msg_backfill_append_only_registry.sql	SUPERSEDED_BY_F57_REBASELINE	F57-11	db/migrations/platform_msg/V20261025090300__platform_msg_create_command_receipts_and_outbox.sql	PLATFORM_MESSAGE_V1
20261013092600	db/migrations/platform_msg/V20261013092600__platform_msg_backfill_sensitive_field_registry.sql	SUPERSEDED_BY_F57_REBASELINE	F57-11	db/migrations/platform_msg/V20261025090300__platform_msg_create_command_receipts_and_outbox.sql	PLATFORM_MESSAGE_V1
20261013092700	db/migrations/platform_file/V20261013092700__platform_file_create_attachment_objects.sql	SUPERSEDED_BY_F57_REBASELINE	F57-03	db/migrations/platform_file/V20261025090700__platform_file_create_objects_quarantine_and_scan_evidence.sql	PLATFORM_FILE_IDENTITY_V1
20261013092800	db/migrations/platform_file/V20261013092800__platform_file_create_attachment_versions.sql	SUPERSEDED_BY_F57_REBASELINE	F57-03	db/migrations/platform_file/V20261025090700__platform_file_create_objects_quarantine_and_scan_evidence.sql	PLATFORM_FILE_IDENTITY_V1
20261013092900	db/migrations/platform_file/V20261013092900__platform_file_create_upload_sessions.sql	SUPERSEDED_BY_F57_REBASELINE	F57-16	db/migrations/platform_file/V20261025090700__platform_file_create_objects_quarantine_and_scan_evidence.sql	PLATFORM_FILE_SECURE_INTAKE_V1
20261013093000	db/migrations/platform_file/V20261013093000__platform_file_create_upload_parts.sql	SUPERSEDED_BY_F57_REBASELINE	F57-16	db/migrations/platform_file/V20261025090700__platform_file_create_objects_quarantine_and_scan_evidence.sql	PLATFORM_FILE_SECURE_INTAKE_V1
20261013093100	db/migrations/platform_file/V20261013093100__platform_file_create_scan_results.sql	SUPERSEDED_BY_F57_REBASELINE	F57-16	db/migrations/platform_file/V20261025090700__platform_file_create_objects_quarantine_and_scan_evidence.sql	PLATFORM_FILE_SECURE_INTAKE_V1
20261013093200	db/migrations/platform_file/V20261013093200__platform_file_create_watermark_views.sql	SUPERSEDED_BY_F57_REBASELINE	F57-23	db/migrations/platform_file/V20261025091920__platform_file_extend_governed_lifecycle.sql	PLATFORM_FILE_GOVERNED_LIFECYCLE_V1
20261013093300	db/migrations/platform_core/V20261013093300__platform_core_backfill_stage03_unpoliced_table_registry.sql	SUPERSEDED_BY_F57_REBASELINE	F57-25	db/migrations/platform_core/V20261025092530__platform_core_backfill_f57_unpoliced_table_registry.sql	PLATFORM_CORE_REGISTRY_CLOSURE_V1
20261013093400	db/migrations/platform_core/V20261013093400__platform_core_create_impact_assessments.sql	SUPERSEDED_BY_F57_REBASELINE	F57-09	db/migrations/platform_meta/V20261025090400__platform_meta_create_generations_participants_and_pins.sql	PLATFORM_CORE_GENERATION_V1
20261013093500	db/migrations/platform_core/V20261013093500__platform_core_create_impact_disposition_items.sql	SUPERSEDED_BY_F57_REBASELINE	F57-09	db/migrations/platform_meta/V20261025090400__platform_meta_create_generations_participants_and_pins.sql	PLATFORM_CORE_GENERATION_V1
20261013093600	db/migrations/platform_flow/V20261013093600__platform_flow_create_approval_command_snapshots.sql	SUPERSEDED_BY_F57_REBASELINE	F57-23	db/migrations/platform_flow/V20261025091900__platform_flow_create_approval_cases.sql	PLATFORM_FLOW_APPROVAL_V1
20261013093700	db/migrations/platform_flow/V20261013093700__platform_flow_backfill_sensitive_field_registry.sql	SUPERSEDED_BY_F57_REBASELINE	F57-25	db/migrations/platform_core/V20261025092530__platform_core_backfill_f57_unpoliced_table_registry.sql	PLATFORM_FLOW_REGISTRY_CLOSURE_V1
20261014090000	db/migrations/mdm/V20261014090000__mdm_create_uoms.sql	SUPERSEDED_BY_F57_REBASELINE	F57-03	db/migrations/mdm/V20261025090800__mdm_create_customer_master.sql;db/migrations/mdm/V20261025092210__mdm_extend_release_breadth.sql	DOMAIN_MDM_V1
20261014090100	db/migrations/mdm/V20261014090100__mdm_create_classification_items.sql	SUPERSEDED_BY_F57_REBASELINE	F57-03	db/migrations/mdm/V20261025090800__mdm_create_customer_master.sql;db/migrations/mdm/V20261025092210__mdm_extend_release_breadth.sql	DOMAIN_MDM_V1
20261014090200	db/migrations/mdm/V20261014090200__mdm_create_customers.sql	SUPERSEDED_BY_F57_REBASELINE	F57-03	db/migrations/mdm/V20261025090800__mdm_create_customer_master.sql;db/migrations/mdm/V20261025092210__mdm_extend_release_breadth.sql	DOMAIN_MDM_V1
20261014090300	db/migrations/mdm/V20261014090300__mdm_create_products.sql	SUPERSEDED_BY_F57_REBASELINE	F57-03	db/migrations/mdm/V20261025090800__mdm_create_customer_master.sql;db/migrations/mdm/V20261025092210__mdm_extend_release_breadth.sql	DOMAIN_MDM_V1
20261014090400	db/migrations/mdm/V20261014090400__mdm_enable_rls_t0.sql	SUPERSEDED_BY_F57_REBASELINE	F57-03	db/migrations/mdm/V20261025090800__mdm_create_customer_master.sql;db/migrations/mdm/V20261025092210__mdm_extend_release_breadth.sql	DOMAIN_MDM_V1
20261014090500	db/migrations/mdm/V20261014090500__mdm_create_materials.sql	SUPERSEDED_BY_F57_REBASELINE	F57-03	db/migrations/mdm/V20261025090800__mdm_create_customer_master.sql;db/migrations/mdm/V20261025092210__mdm_extend_release_breadth.sql	DOMAIN_MDM_V1
20261014090600	db/migrations/mdm/V20261014090600__mdm_create_customer_contacts.sql	SUPERSEDED_BY_F57_REBASELINE	F57-03	db/migrations/mdm/V20261025090800__mdm_create_customer_master.sql;db/migrations/mdm/V20261025092210__mdm_extend_release_breadth.sql	DOMAIN_MDM_V1
20261014090700	db/migrations/mdm/V20261014090700__mdm_create_customer_addresses.sql	SUPERSEDED_BY_F57_REBASELINE	F57-03	db/migrations/mdm/V20261025090800__mdm_create_customer_master.sql;db/migrations/mdm/V20261025092210__mdm_extend_release_breadth.sql	DOMAIN_MDM_V1
20261014090800	db/migrations/mdm/V20261014090800__mdm_create_customer_invoice_profiles.sql	SUPERSEDED_BY_F57_REBASELINE	F57-03	db/migrations/mdm/V20261025090800__mdm_create_customer_master.sql;db/migrations/mdm/V20261025092210__mdm_extend_release_breadth.sql	DOMAIN_MDM_V1
20261014090900	db/migrations/mdm/V20261014090900__mdm_create_suppliers.sql	SUPERSEDED_BY_F57_REBASELINE	F57-03	db/migrations/mdm/V20261025090800__mdm_create_customer_master.sql;db/migrations/mdm/V20261025092210__mdm_extend_release_breadth.sql	DOMAIN_MDM_V1
20261014091000	db/migrations/mdm/V20261014091000__mdm_create_supplier_contacts.sql	SUPERSEDED_BY_F57_REBASELINE	F57-03	db/migrations/mdm/V20261025090800__mdm_create_customer_master.sql;db/migrations/mdm/V20261025092210__mdm_extend_release_breadth.sql	DOMAIN_MDM_V1
20261014091100	db/migrations/mdm/V20261014091100__mdm_create_supplier_payment_profiles.sql	SUPERSEDED_BY_F57_REBASELINE	F57-03	db/migrations/mdm/V20261025090800__mdm_create_customer_master.sql;db/migrations/mdm/V20261025092210__mdm_extend_release_breadth.sql	DOMAIN_MDM_V1
20261014091200	db/migrations/mdm/V20261014091200__mdm_create_supplier_qualifications.sql	SUPERSEDED_BY_F57_REBASELINE	F57-03	db/migrations/mdm/V20261025090800__mdm_create_customer_master.sql;db/migrations/mdm/V20261025092210__mdm_extend_release_breadth.sql	DOMAIN_MDM_V1
20261014091300	db/migrations/mdm/V20261014091300__mdm_create_supplier_price_records.sql	SUPERSEDED_BY_F57_REBASELINE	F57-03	db/migrations/mdm/V20261025090800__mdm_create_customer_master.sql;db/migrations/mdm/V20261025092210__mdm_extend_release_breadth.sql	DOMAIN_MDM_V1
20261014091400	db/migrations/mdm/V20261014091400__mdm_create_supplier_leadtime_records.sql	SUPERSEDED_BY_F57_REBASELINE	F57-03	db/migrations/mdm/V20261025090800__mdm_create_customer_master.sql;db/migrations/mdm/V20261025092210__mdm_extend_release_breadth.sql	DOMAIN_MDM_V1
20261014091500	db/migrations/mdm/V20261014091500__mdm_create_supplier_risk_records.sql	SUPERSEDED_BY_F57_REBASELINE	F57-03	db/migrations/mdm/V20261025090800__mdm_create_customer_master.sql;db/migrations/mdm/V20261025092210__mdm_extend_release_breadth.sql	DOMAIN_MDM_V1
20261014091600	db/migrations/mdm/V20261014091600__mdm_create_product_material_links.sql	SUPERSEDED_BY_F57_REBASELINE	F57-03	db/migrations/mdm/V20261025090800__mdm_create_customer_master.sql;db/migrations/mdm/V20261025092210__mdm_extend_release_breadth.sql	DOMAIN_MDM_V1
20261014091700	db/migrations/mdm/V20261014091700__mdm_create_change_requests.sql	SUPERSEDED_BY_F57_REBASELINE	F57-03	db/migrations/mdm/V20261025090800__mdm_create_customer_master.sql;db/migrations/mdm/V20261025092210__mdm_extend_release_breadth.sql	DOMAIN_MDM_V1
20261014091800	db/migrations/mdm/V20261014091800__mdm_create_record_versions.sql	SUPERSEDED_BY_F57_REBASELINE	F57-03	db/migrations/mdm/V20261025090800__mdm_create_customer_master.sql;db/migrations/mdm/V20261025092210__mdm_extend_release_breadth.sql	DOMAIN_MDM_V1
20261014091900	db/migrations/mdm/V20261014091900__mdm_create_import_batches.sql	SUPERSEDED_BY_F57_REBASELINE	F57-03	db/migrations/mdm/V20261025090800__mdm_create_customer_master.sql;db/migrations/mdm/V20261025092210__mdm_extend_release_breadth.sql	DOMAIN_MDM_V1
20261014092000	db/migrations/mdm/V20261014092000__mdm_create_import_batch_rows.sql	SUPERSEDED_BY_F57_REBASELINE	F57-03	db/migrations/mdm/V20261025090800__mdm_create_customer_master.sql;db/migrations/mdm/V20261025092210__mdm_extend_release_breadth.sql	DOMAIN_MDM_V1
20261014092100	db/migrations/mdm/V20261014092100__mdm_create_export_jobs.sql	SUPERSEDED_BY_F57_REBASELINE	F57-03	db/migrations/mdm/V20261025090800__mdm_create_customer_master.sql;db/migrations/mdm/V20261025092210__mdm_extend_release_breadth.sql	DOMAIN_MDM_V1
20261014092200	db/migrations/mdm/V20261014092200__mdm_create_attachment_link_tables.sql	SUPERSEDED_BY_F57_REBASELINE	F57-03	db/migrations/mdm/V20261025090800__mdm_create_customer_master.sql;db/migrations/mdm/V20261025092210__mdm_extend_release_breadth.sql	DOMAIN_MDM_V1
20261014092300	db/migrations/mdm/V20261014092300__mdm_enable_rls_rest.sql	SUPERSEDED_BY_F57_REBASELINE	F57-03	db/migrations/mdm/V20261025090800__mdm_create_customer_master.sql;db/migrations/mdm/V20261025092210__mdm_extend_release_breadth.sql	DOMAIN_MDM_V1
20261014092400	db/migrations/mdm/V20261014092400__mdm_create_lookup_indexes.sql	SUPERSEDED_BY_F57_REBASELINE	F57-03	db/migrations/mdm/V20261025090800__mdm_create_customer_master.sql;db/migrations/mdm/V20261025092210__mdm_extend_release_breadth.sql	DOMAIN_MDM_V1
20261014092500	db/migrations/mdm/V20261014092500__mdm_backfill_sensitive_field_registry.sql	SUPERSEDED_BY_F57_REBASELINE	F57-03	db/migrations/mdm/V20261025090800__mdm_create_customer_master.sql;db/migrations/mdm/V20261025092210__mdm_extend_release_breadth.sql	DOMAIN_MDM_V1
20261014092600	db/migrations/mdm/V20261014092600__mdm_create_dataset_views.sql	SUPERSEDED_BY_F57_REBASELINE	F57-03	db/migrations/mdm/V20261025090800__mdm_create_customer_master.sql;db/migrations/mdm/V20261025092210__mdm_extend_release_breadth.sql	DOMAIN_MDM_V1
20261014092700	db/migrations/mdm/V20261014092700__mdm_create_warehouses.sql	SUPERSEDED_BY_F57_REBASELINE	F57-03	db/migrations/mdm/V20261025090800__mdm_create_customer_master.sql;db/migrations/mdm/V20261025092210__mdm_extend_release_breadth.sql	DOMAIN_MDM_V1
20261014092800	db/migrations/mdm/V20261014092800__mdm_enable_rls_warehouses.sql	SUPERSEDED_BY_F57_REBASELINE	F57-03	db/migrations/mdm/V20261025090800__mdm_create_customer_master.sql;db/migrations/mdm/V20261025092210__mdm_extend_release_breadth.sql	DOMAIN_MDM_V1
20261014092900	db/migrations/cpq/V20261014092900__cpq_create_price_lists.sql	SUPERSEDED_BY_F57_REBASELINE	F57-03	db/migrations/cpq/V20261025092230__cpq_create_release_breadth.sql	DOMAIN_CPQ_V1
20261014093000	db/migrations/cpq/V20261014093000__cpq_create_price_list_lines.sql	SUPERSEDED_BY_F57_REBASELINE	F57-03	db/migrations/cpq/V20261025092230__cpq_create_release_breadth.sql	DOMAIN_CPQ_V1
20261014093100	db/migrations/cpq/V20261014093100__cpq_create_price_list_customer_links.sql	SUPERSEDED_BY_F57_REBASELINE	F57-03	db/migrations/cpq/V20261025092230__cpq_create_release_breadth.sql	DOMAIN_CPQ_V1
20261014093200	db/migrations/cpq/V20261014093200__cpq_enable_rls.sql	SUPERSEDED_BY_F57_REBASELINE	F57-03	db/migrations/cpq/V20261025092230__cpq_create_release_breadth.sql	DOMAIN_CPQ_V1
20261014093300	db/migrations/cpq/V20261014093300__cpq_create_lookup_indexes.sql	SUPERSEDED_BY_F57_REBASELINE	F57-03	db/migrations/cpq/V20261025092230__cpq_create_release_breadth.sql	DOMAIN_CPQ_V1
20261015090000	db/migrations/ledger/V20261015090000__ledger_create_accounts.sql	SUPERSEDED_BY_F57_REBASELINE	F57-04	db/migrations/ledger/V20261025092350__ledger_create_operating_ledger_release_breadth.sql	DOMAIN_LEDGER_V1
20261015090100	db/migrations/ledger/V20261015090100__ledger_create_accounting_periods.sql	SUPERSEDED_BY_F57_REBASELINE	F57-04	db/migrations/ledger/V20261025092350__ledger_create_operating_ledger_release_breadth.sql	DOMAIN_LEDGER_V1
20261015090110	db/migrations/platform_core/V20261015090110__platform_core_create_recon_check_definitions.sql	SUPERSEDED_BY_F57_REBASELINE	F57-12	db/migrations/platform_flow/V20261025090500__platform_flow_create_objectives_effects_and_checkpoints.sql	PLATFORM_CORE_RECON_V1
20261015090120	db/migrations/platform_core/V20261015090120__platform_core_create_recon_runs.sql	SUPERSEDED_BY_F57_REBASELINE	F57-12	db/migrations/platform_flow/V20261025090500__platform_flow_create_objectives_effects_and_checkpoints.sql	PLATFORM_CORE_RECON_V1
20261015090130	db/migrations/platform_core/V20261015090130__platform_core_create_recon_discrepancies.sql	SUPERSEDED_BY_F57_REBASELINE	F57-12	db/migrations/platform_flow/V20261025090500__platform_flow_create_objectives_effects_and_checkpoints.sql	PLATFORM_CORE_RECON_V1
20261015090200	db/migrations/ledger/V20261015090200__ledger_create_event_account_bindings.sql	SUPERSEDED_BY_F57_REBASELINE	F57-04	db/migrations/ledger/V20261025092350__ledger_create_operating_ledger_release_breadth.sql	DOMAIN_LEDGER_V1
20261015090300	db/migrations/ledger/V20261015090300__ledger_create_opening_balance_batches.sql	SUPERSEDED_BY_F57_REBASELINE	F57-04	db/migrations/ledger/V20261025092350__ledger_create_operating_ledger_release_breadth.sql	DOMAIN_LEDGER_V1
20261015090400	db/migrations/ledger/V20261015090400__ledger_create_opening_balance_batch_lines.sql	SUPERSEDED_BY_F57_REBASELINE	F57-04	db/migrations/ledger/V20261025092350__ledger_create_operating_ledger_release_breadth.sql	DOMAIN_LEDGER_V1
20261015090500	db/migrations/ledger/V20261015090500__ledger_create_vouchers.sql	SUPERSEDED_BY_F57_REBASELINE	F57-04	db/migrations/ledger/V20261025092350__ledger_create_operating_ledger_release_breadth.sql	DOMAIN_LEDGER_V1
20261015090600	db/migrations/ledger/V20261015090600__ledger_create_voucher_lines.sql	SUPERSEDED_BY_F57_REBASELINE	F57-04	db/migrations/ledger/V20261025092350__ledger_create_operating_ledger_release_breadth.sql	DOMAIN_LEDGER_V1
20261015090700	db/migrations/ledger/V20261015090700__ledger_create_correction_vouchers.sql	SUPERSEDED_BY_F57_REBASELINE	F57-04	db/migrations/ledger/V20261025092350__ledger_create_operating_ledger_release_breadth.sql	DOMAIN_LEDGER_V1
20261015090800	db/migrations/ledger/V20261015090800__ledger_create_correction_voucher_lines.sql	SUPERSEDED_BY_F57_REBASELINE	F57-04	db/migrations/ledger/V20261025092350__ledger_create_operating_ledger_release_breadth.sql	DOMAIN_LEDGER_V1
20261015090900	db/migrations/ledger/V20261015090900__ledger_create_account_period_balances.sql	SUPERSEDED_BY_F57_REBASELINE	F57-04	db/migrations/ledger/V20261025092350__ledger_create_operating_ledger_release_breadth.sql	DOMAIN_LEDGER_V1
20261015091300	db/migrations/ledger/V20261015091300__ledger_create_posting_trigger_event_types.sql	SUPERSEDED_BY_F57_REBASELINE	F57-04	db/migrations/ledger/V20261025092350__ledger_create_operating_ledger_release_breadth.sql	DOMAIN_LEDGER_V1
20261015091400	db/migrations/ledger/V20261015091400__ledger_create_ledger_views.sql	SUPERSEDED_BY_F57_REBASELINE	F57-04	db/migrations/ledger/V20261025092350__ledger_create_operating_ledger_release_breadth.sql	DOMAIN_LEDGER_V1
20261015091500	db/migrations/ledger/V20261015091500__ledger_backfill_posting_trigger_event_types.sql	SUPERSEDED_BY_F57_REBASELINE	F57-04	db/migrations/ledger/V20261025092350__ledger_create_operating_ledger_release_breadth.sql	DOMAIN_LEDGER_V1
20261015091600	db/migrations/ledger/V20261015091600__ledger_create_dataset_views.sql	SUPERSEDED_BY_F57_REBASELINE	F57-04	db/migrations/ledger/V20261025092350__ledger_create_operating_ledger_release_breadth.sql	DOMAIN_LEDGER_V1
20261015091700	db/migrations/ledger/V20261015091700__ledger_backfill_append_only_registry.sql	SUPERSEDED_BY_F57_REBASELINE	F57-04	db/migrations/ledger/V20261025092350__ledger_create_operating_ledger_release_breadth.sql	DOMAIN_LEDGER_V1
20261016090000	db/migrations/inventory/V20261016090000__inventory_create_stock_movements.sql	SUPERSEDED_BY_F57_REBASELINE	F57-04	db/migrations/inventory/V20261025091200__inventory_create_receipt_and_delivery_facts.sql;db/migrations/inventory/V20261025092320__inventory_extend_release_breadth.sql	DOMAIN_INVENTORY_V1
20261016090100	db/migrations/inventory/V20261016090100__inventory_create_stock_qty_entries.sql	SUPERSEDED_BY_F57_REBASELINE	F57-04	db/migrations/inventory/V20261025091200__inventory_create_receipt_and_delivery_facts.sql;db/migrations/inventory/V20261025092320__inventory_extend_release_breadth.sql	DOMAIN_INVENTORY_V1
20261016090200	db/migrations/inventory/V20261016090200__inventory_create_stock_value_entries.sql	SUPERSEDED_BY_F57_REBASELINE	F57-04	db/migrations/inventory/V20261025091200__inventory_create_receipt_and_delivery_facts.sql;db/migrations/inventory/V20261025092320__inventory_extend_release_breadth.sql	DOMAIN_INVENTORY_V1
20261016090300	db/migrations/inventory/V20261016090300__inventory_create_variance_splits.sql	SUPERSEDED_BY_F57_REBASELINE	F57-04	db/migrations/inventory/V20261025091200__inventory_create_receipt_and_delivery_facts.sql;db/migrations/inventory/V20261025092320__inventory_extend_release_breadth.sql	DOMAIN_INVENTORY_V1
20261016090400	db/migrations/inventory/V20261016090400__inventory_create_stock_qty_balances.sql	SUPERSEDED_BY_F57_REBASELINE	F57-04	db/migrations/inventory/V20261025091200__inventory_create_receipt_and_delivery_facts.sql;db/migrations/inventory/V20261025092320__inventory_extend_release_breadth.sql	DOMAIN_INVENTORY_V1
20261016090500	db/migrations/inventory/V20261016090500__inventory_create_stock_value_balances.sql	SUPERSEDED_BY_F57_REBASELINE	F57-04	db/migrations/inventory/V20261025091200__inventory_create_receipt_and_delivery_facts.sql;db/migrations/inventory/V20261025092320__inventory_extend_release_breadth.sql	DOMAIN_INVENTORY_V1
20261016090600	db/migrations/inventory/V20261016090600__inventory_create_variance_coverage_balances.sql	SUPERSEDED_BY_F57_REBASELINE	F57-04	db/migrations/inventory/V20261025091200__inventory_create_receipt_and_delivery_facts.sql;db/migrations/inventory/V20261025092320__inventory_extend_release_breadth.sql	DOMAIN_INVENTORY_V1
20261016090700	db/migrations/inventory/V20261016090700__inventory_create_serial_states.sql	SUPERSEDED_BY_F57_REBASELINE	F57-04	db/migrations/inventory/V20261025091200__inventory_create_receipt_and_delivery_facts.sql;db/migrations/inventory/V20261025092320__inventory_extend_release_breadth.sql	DOMAIN_INVENTORY_V1
20261016090800	db/migrations/inventory/V20261016090800__inventory_create_movement_serials.sql	SUPERSEDED_BY_F57_REBASELINE	F57-04	db/migrations/inventory/V20261025091200__inventory_create_receipt_and_delivery_facts.sql;db/migrations/inventory/V20261025092320__inventory_extend_release_breadth.sql	DOMAIN_INVENTORY_V1
20261016090900	db/migrations/inventory/V20261016090900__inventory_create_replenishment_policies.sql	SUPERSEDED_BY_F57_REBASELINE	F57-04	db/migrations/inventory/V20261025091200__inventory_create_receipt_and_delivery_facts.sql;db/migrations/inventory/V20261025092320__inventory_extend_release_breadth.sql	DOMAIN_INVENTORY_V1
20261016091000	db/migrations/inventory/concurrent/V20261016091000__inventory_create_report_indexes.sql	SUPERSEDED_BY_F57_REBASELINE	F57-04	db/migrations/inventory/V20261025091200__inventory_create_receipt_and_delivery_facts.sql;db/migrations/inventory/V20261025092320__inventory_extend_release_breadth.sql	DOMAIN_INVENTORY_V1
20261016091100	db/migrations/inventory/V20261016091100__inventory_backfill_append_only_registry.sql	SUPERSEDED_BY_F57_REBASELINE	F57-04	db/migrations/inventory/V20261025091200__inventory_create_receipt_and_delivery_facts.sql;db/migrations/inventory/V20261025092320__inventory_extend_release_breadth.sql	DOMAIN_INVENTORY_V1
20261016091200	db/migrations/inventory/V20261016091200__inventory_create_dataset_views.sql	SUPERSEDED_BY_F57_REBASELINE	F57-04	db/migrations/inventory/V20261025091200__inventory_create_receipt_and_delivery_facts.sql;db/migrations/inventory/V20261025092320__inventory_extend_release_breadth.sql	DOMAIN_INVENTORY_V1
20261017090000	db/migrations/cpq/V20261017090000__cpq_create_price_authorities.sql	SUPERSEDED_BY_F57_REBASELINE	F57-03	db/migrations/cpq/V20261025092230__cpq_create_release_breadth.sql	DOMAIN_CPQ_V1
20261017090100	db/migrations/clm/V20261017090100__clm_create_contract_types.sql	SUPERSEDED_BY_F57_REBASELINE	F57-03	db/migrations/clm/V20261025090900__clm_create_contracting.sql;db/migrations/clm/V20261025092240__clm_extend_release_breadth.sql	DOMAIN_CLM_V1
20261017090200	db/migrations/clm/V20261017090200__clm_create_contract_templates.sql	SUPERSEDED_BY_F57_REBASELINE	F57-03	db/migrations/clm/V20261025090900__clm_create_contracting.sql;db/migrations/clm/V20261025092240__clm_extend_release_breadth.sql	DOMAIN_CLM_V1
20261017090300	db/migrations/clm/V20261017090300__clm_create_clauses.sql	SUPERSEDED_BY_F57_REBASELINE	F57-03	db/migrations/clm/V20261025090900__clm_create_contracting.sql;db/migrations/clm/V20261025092240__clm_extend_release_breadth.sql	DOMAIN_CLM_V1
20261017090400	db/migrations/clm/V20261017090400__clm_create_contracts.sql	SUPERSEDED_BY_F57_REBASELINE	F57-03	db/migrations/clm/V20261025090900__clm_create_contracting.sql;db/migrations/clm/V20261025092240__clm_extend_release_breadth.sql	DOMAIN_CLM_V1
20261017090500	db/migrations/clm/V20261017090500__clm_create_contract_lines.sql	SUPERSEDED_BY_F57_REBASELINE	F57-03	db/migrations/clm/V20261025090900__clm_create_contracting.sql;db/migrations/clm/V20261025092240__clm_extend_release_breadth.sql	DOMAIN_CLM_V1
20261017090600	db/migrations/clm/V20261017090600__clm_create_contract_terms.sql	SUPERSEDED_BY_F57_REBASELINE	F57-03	db/migrations/clm/V20261025090900__clm_create_contracting.sql;db/migrations/clm/V20261025092240__clm_extend_release_breadth.sql	DOMAIN_CLM_V1
20261017090700	db/migrations/clm/V20261017090700__clm_create_contract_milestones.sql	SUPERSEDED_BY_F57_REBASELINE	F57-03	db/migrations/clm/V20261025090900__clm_create_contracting.sql;db/migrations/clm/V20261025092240__clm_extend_release_breadth.sql	DOMAIN_CLM_V1
20261017090800	db/migrations/clm/V20261017090800__clm_create_contract_obligations.sql	SUPERSEDED_BY_F57_REBASELINE	F57-03	db/migrations/clm/V20261025090900__clm_create_contracting.sql;db/migrations/clm/V20261025092240__clm_extend_release_breadth.sql	DOMAIN_CLM_V1
20261017090900	db/migrations/clm/V20261017090900__clm_create_contract_payment_schedules.sql	SUPERSEDED_BY_F57_REBASELINE	F57-03	db/migrations/clm/V20261025090900__clm_create_contracting.sql;db/migrations/clm/V20261025092240__clm_extend_release_breadth.sql	DOMAIN_CLM_V1
20261017091000	db/migrations/clm/V20261017091000__clm_create_contract_attachments.sql	SUPERSEDED_BY_F57_REBASELINE	F57-03	db/migrations/clm/V20261025090900__clm_create_contracting.sql;db/migrations/clm/V20261025092240__clm_extend_release_breadth.sql	DOMAIN_CLM_V1
20261017091100	db/migrations/clm/V20261017091100__clm_create_contract_annotations.sql	SUPERSEDED_BY_F57_REBASELINE	F57-03	db/migrations/clm/V20261025090900__clm_create_contracting.sql;db/migrations/clm/V20261025092240__clm_extend_release_breadth.sql	DOMAIN_CLM_V1
20261017091200	db/migrations/clm/V20261017091200__clm_create_contract_versions.sql	SUPERSEDED_BY_F57_REBASELINE	F57-03	db/migrations/clm/V20261025090900__clm_create_contracting.sql;db/migrations/clm/V20261025092240__clm_extend_release_breadth.sql	DOMAIN_CLM_V1
20261017091300	db/migrations/clm/V20261017091300__clm_create_contract_approvals.sql	SUPERSEDED_BY_F57_REBASELINE	F57-03	db/migrations/clm/V20261025090900__clm_create_contracting.sql;db/migrations/clm/V20261025092240__clm_extend_release_breadth.sql	DOMAIN_CLM_V1
20261017091400	db/migrations/clm/V20261017091400__clm_create_signature_requests.sql	SUPERSEDED_BY_F57_REBASELINE	F57-03	db/migrations/clm/V20261025090900__clm_create_contracting.sql;db/migrations/clm/V20261025092240__clm_extend_release_breadth.sql	DOMAIN_CLM_V1
20261017091500	db/migrations/clm/V20261017091500__clm_create_signature_events.sql	SUPERSEDED_BY_F57_REBASELINE	F57-03	db/migrations/clm/V20261025090900__clm_create_contracting.sql;db/migrations/clm/V20261025092240__clm_extend_release_breadth.sql	DOMAIN_CLM_V1
20261017091600	db/migrations/clm/V20261017091600__clm_create_seal_usages.sql	SUPERSEDED_BY_F57_REBASELINE	F57-03	db/migrations/clm/V20261025090900__clm_create_contracting.sql;db/migrations/clm/V20261025092240__clm_extend_release_breadth.sql	DOMAIN_CLM_V1
20261017091700	db/migrations/clm/V20261017091700__clm_create_contract_derivations.sql	SUPERSEDED_BY_F57_REBASELINE	F57-03	db/migrations/clm/V20261025090900__clm_create_contracting.sql;db/migrations/clm/V20261025092240__clm_extend_release_breadth.sql	DOMAIN_CLM_V1
20261017091800	db/migrations/clm/V20261017091800__clm_create_contract_validations.sql	SUPERSEDED_BY_F57_REBASELINE	F57-03	db/migrations/clm/V20261025090900__clm_create_contracting.sql;db/migrations/clm/V20261025092240__clm_extend_release_breadth.sql	DOMAIN_CLM_V1
20261017091900	db/migrations/clm/V20261017091900__clm_create_contract_merge_links.sql	SUPERSEDED_BY_F57_REBASELINE	F57-03	db/migrations/clm/V20261025090900__clm_create_contracting.sql;db/migrations/clm/V20261025092240__clm_extend_release_breadth.sql	DOMAIN_CLM_V1
20261017092000	db/migrations/clm/V20261017092000__clm_create_reminder_views.sql	SUPERSEDED_BY_F57_REBASELINE	F57-03	db/migrations/clm/V20261025090900__clm_create_contracting.sql;db/migrations/clm/V20261025092240__clm_extend_release_breadth.sql	DOMAIN_CLM_V1
20261017092100	db/migrations/clm/V20261017092100__clm_create_dataset_views.sql	SUPERSEDED_BY_F57_REBASELINE	F57-03	db/migrations/clm/V20261025090900__clm_create_contracting.sql;db/migrations/clm/V20261025092240__clm_extend_release_breadth.sql	DOMAIN_CLM_V1
20261017092200	db/migrations/sales/V20261017092200__sales_create_credit_policies.sql	SUPERSEDED_BY_F57_REBASELINE	F57-03	db/migrations/sales/V20261025091000__sales_create_standard_orders.sql;db/migrations/sales/V20261025092300__sales_extend_release_breadth.sql	DOMAIN_SALES_V1
20261017092300	db/migrations/sales/V20261017092300__sales_create_customer_credit_controls.sql	SUPERSEDED_BY_F57_REBASELINE	F57-03	db/migrations/sales/V20261025091000__sales_create_standard_orders.sql;db/migrations/sales/V20261025092300__sales_extend_release_breadth.sql	DOMAIN_SALES_V1
20261017092400	db/migrations/sales/V20261017092400__sales_create_sales_orders.sql	SUPERSEDED_BY_F57_REBASELINE	F57-03	db/migrations/sales/V20261025091000__sales_create_standard_orders.sql;db/migrations/sales/V20261025092300__sales_extend_release_breadth.sql	DOMAIN_SALES_V1
20261017092500	db/migrations/sales/V20261017092500__sales_create_sales_order_lines.sql	SUPERSEDED_BY_F57_REBASELINE	F57-03	db/migrations/sales/V20261025091000__sales_create_standard_orders.sql;db/migrations/sales/V20261025092300__sales_extend_release_breadth.sql	DOMAIN_SALES_V1
20261017092600	db/migrations/sales/V20261017092600__sales_create_delivery_schedules.sql	SUPERSEDED_BY_F57_REBASELINE	F57-03	db/migrations/sales/V20261025091000__sales_create_standard_orders.sql;db/migrations/sales/V20261025092300__sales_extend_release_breadth.sql	DOMAIN_SALES_V1
20261017092700	db/migrations/sales/V20261017092700__sales_create_delivery_confirmations.sql	SUPERSEDED_BY_F57_REBASELINE	F57-03	db/migrations/sales/V20261025091000__sales_create_standard_orders.sql;db/migrations/sales/V20261025092300__sales_extend_release_breadth.sql	DOMAIN_SALES_V1
20261017092800	db/migrations/sales/V20261017092800__sales_create_delivery_confirmation_lines.sql	SUPERSEDED_BY_F57_REBASELINE	F57-03	db/migrations/sales/V20261025091000__sales_create_standard_orders.sql;db/migrations/sales/V20261025092300__sales_extend_release_breadth.sql	DOMAIN_SALES_V1
20261017092900	db/migrations/sales/V20261017092900__sales_create_sales_order_versions.sql	SUPERSEDED_BY_F57_REBASELINE	F57-03	db/migrations/sales/V20261025091000__sales_create_standard_orders.sql;db/migrations/sales/V20261025092300__sales_extend_release_breadth.sql	DOMAIN_SALES_V1
20261017093000	db/migrations/sales/V20261017093000__sales_create_sales_order_changes.sql	SUPERSEDED_BY_F57_REBASELINE	F57-03	db/migrations/sales/V20261025091000__sales_create_standard_orders.sql;db/migrations/sales/V20261025092300__sales_extend_release_breadth.sql	DOMAIN_SALES_V1
20261017093100	db/migrations/sales/V20261017093100__sales_create_sales_returns.sql	SUPERSEDED_BY_F57_REBASELINE	F57-03	db/migrations/sales/V20261025091000__sales_create_standard_orders.sql;db/migrations/sales/V20261025092300__sales_extend_release_breadth.sql	DOMAIN_SALES_V1
20261017093200	db/migrations/sales/V20261017093200__sales_create_return_line_delivery_links.sql	SUPERSEDED_BY_F57_REBASELINE	F57-03	db/migrations/sales/V20261025091000__sales_create_standard_orders.sql;db/migrations/sales/V20261025092300__sales_extend_release_breadth.sql	DOMAIN_SALES_V1
20261017093300	db/migrations/sales/V20261017093300__sales_create_exchange_links.sql	SUPERSEDED_BY_F57_REBASELINE	F57-03	db/migrations/sales/V20261025091000__sales_create_standard_orders.sql;db/migrations/sales/V20261025092300__sales_extend_release_breadth.sql	DOMAIN_SALES_V1
20261017093400	db/migrations/sales/V20261017093400__sales_create_order_validations.sql	SUPERSEDED_BY_F57_REBASELINE	F57-03	db/migrations/sales/V20261025091000__sales_create_standard_orders.sql;db/migrations/sales/V20261025092300__sales_extend_release_breadth.sql	DOMAIN_SALES_V1
20261017093500	db/migrations/sales/V20261017093500__sales_create_credit_exposure_view.sql	SUPERSEDED_BY_F57_REBASELINE	F57-03	db/migrations/sales/V20261025091000__sales_create_standard_orders.sql;db/migrations/sales/V20261025092300__sales_extend_release_breadth.sql	DOMAIN_SALES_V1
20261017093600	db/migrations/sales/V20261017093600__sales_create_dataset_views.sql	SUPERSEDED_BY_F57_REBASELINE	F57-03	db/migrations/sales/V20261025091000__sales_create_standard_orders.sql;db/migrations/sales/V20261025092300__sales_extend_release_breadth.sql	DOMAIN_SALES_V1
20261017093630	db/migrations/sales/V20261017093630__sales_backfill_append_only_registry.sql	SUPERSEDED_BY_F57_REBASELINE	F57-03	db/migrations/sales/V20261025091000__sales_create_standard_orders.sql;db/migrations/sales/V20261025092300__sales_extend_release_breadth.sql	DOMAIN_SALES_V1
20261017093700	db/migrations/clm/V20261017093700__clm_add_cross_schema_foreign_keys.sql	SUPERSEDED_BY_F57_REBASELINE	F57-03	db/migrations/clm/V20261025090900__clm_create_contracting.sql;db/migrations/clm/V20261025092240__clm_extend_release_breadth.sql	DOMAIN_CLM_V1
20261018090000	db/migrations/procure/V20261018090000__procure_create_supplier_admissions.sql	SUPERSEDED_BY_F57_REBASELINE	F57-04	db/migrations/procure/V20261025091100__procure_create_sales_order_demand_and_purchase_orders.sql;db/migrations/procure/V20261025092310__procure_extend_release_breadth.sql	DOMAIN_PROCURE_V1
20261018090100	db/migrations/procure/V20261018090100__procure_create_supplier_quality_records.sql	SUPERSEDED_BY_F57_REBASELINE	F57-04	db/migrations/procure/V20261025091100__procure_create_sales_order_demand_and_purchase_orders.sql;db/migrations/procure/V20261025092310__procure_extend_release_breadth.sql	DOMAIN_PROCURE_V1
20261018090200	db/migrations/procure/V20261018090200__procure_create_purchase_requisitions.sql	SUPERSEDED_BY_F57_REBASELINE	F57-04	db/migrations/procure/V20261025091100__procure_create_sales_order_demand_and_purchase_orders.sql;db/migrations/procure/V20261025092310__procure_extend_release_breadth.sql	DOMAIN_PROCURE_V1
20261018090300	db/migrations/procure/V20261018090300__procure_create_purchase_orders.sql	SUPERSEDED_BY_F57_REBASELINE	F57-04	db/migrations/procure/V20261025091100__procure_create_sales_order_demand_and_purchase_orders.sql;db/migrations/procure/V20261025092310__procure_extend_release_breadth.sql	DOMAIN_PROCURE_V1
20261018090400	db/migrations/procure/V20261018090400__procure_create_purchase_order_lines.sql	SUPERSEDED_BY_F57_REBASELINE	F57-04	db/migrations/procure/V20261025091100__procure_create_sales_order_demand_and_purchase_orders.sql;db/migrations/procure/V20261025092310__procure_extend_release_breadth.sql	DOMAIN_PROCURE_V1
20261018090500	db/migrations/procure/V20261018090500__procure_create_purchase_order_line_batches.sql	SUPERSEDED_BY_F57_REBASELINE	F57-04	db/migrations/procure/V20261025091100__procure_create_sales_order_demand_and_purchase_orders.sql;db/migrations/procure/V20261025092310__procure_extend_release_breadth.sql	DOMAIN_PROCURE_V1
20261018090600	db/migrations/procure/V20261018090600__procure_create_purchase_order_payment_plans.sql	SUPERSEDED_BY_F57_REBASELINE	F57-04	db/migrations/procure/V20261025091100__procure_create_sales_order_demand_and_purchase_orders.sql;db/migrations/procure/V20261025092310__procure_extend_release_breadth.sql	DOMAIN_PROCURE_V1
20261018090700	db/migrations/procure/V20261018090700__procure_create_goods_receipts.sql	SUPERSEDED_BY_F57_REBASELINE	F57-04	db/migrations/procure/V20261025091100__procure_create_sales_order_demand_and_purchase_orders.sql;db/migrations/procure/V20261025092310__procure_extend_release_breadth.sql	DOMAIN_PROCURE_V1
20261018090800	db/migrations/procure/V20261018090800__procure_create_goods_receipt_lines.sql	SUPERSEDED_BY_F57_REBASELINE	F57-04	db/migrations/procure/V20261025091100__procure_create_sales_order_demand_and_purchase_orders.sql;db/migrations/procure/V20261025092310__procure_extend_release_breadth.sql	DOMAIN_PROCURE_V1
20261018090900	db/migrations/procure/V20261018090900__procure_create_goods_receipt_line_serials.sql	SUPERSEDED_BY_F57_REBASELINE	F57-04	db/migrations/procure/V20261025091100__procure_create_sales_order_demand_and_purchase_orders.sql;db/migrations/procure/V20261025092310__procure_extend_release_breadth.sql	DOMAIN_PROCURE_V1
20261018091000	db/migrations/procure/V20261018091000__procure_create_goods_receipt_line_costings.sql	SUPERSEDED_BY_F57_REBASELINE	F57-04	db/migrations/procure/V20261025091100__procure_create_sales_order_demand_and_purchase_orders.sql;db/migrations/procure/V20261025092310__procure_extend_release_breadth.sql	DOMAIN_PROCURE_V1
20261018091100	db/migrations/procure/V20261018091100__procure_create_receipt_rejections.sql	SUPERSEDED_BY_F57_REBASELINE	F57-04	db/migrations/procure/V20261025091100__procure_create_sales_order_demand_and_purchase_orders.sql;db/migrations/procure/V20261025092310__procure_extend_release_breadth.sql	DOMAIN_PROCURE_V1
20261018091200	db/migrations/procure/V20261018091200__procure_create_purchase_returns.sql	SUPERSEDED_BY_F57_REBASELINE	F57-04	db/migrations/procure/V20261025091100__procure_create_sales_order_demand_and_purchase_orders.sql;db/migrations/procure/V20261025092310__procure_extend_release_breadth.sql	DOMAIN_PROCURE_V1
20261018091300	db/migrations/procure/V20261018091300__procure_create_purchase_return_lines.sql	SUPERSEDED_BY_F57_REBASELINE	F57-04	db/migrations/procure/V20261025091100__procure_create_sales_order_demand_and_purchase_orders.sql;db/migrations/procure/V20261025092310__procure_extend_release_breadth.sql	DOMAIN_PROCURE_V1
20261018091400	db/migrations/procure/V20261018091400__procure_create_purchase_return_line_serials.sql	SUPERSEDED_BY_F57_REBASELINE	F57-04	db/migrations/procure/V20261025091100__procure_create_sales_order_demand_and_purchase_orders.sql;db/migrations/procure/V20261025092310__procure_extend_release_breadth.sql	DOMAIN_PROCURE_V1
20261018091500	db/migrations/procure/V20261018091500__procure_create_payment_requests.sql	SUPERSEDED_BY_F57_REBASELINE	F57-04	db/migrations/procure/V20261025091100__procure_create_sales_order_demand_and_purchase_orders.sql;db/migrations/procure/V20261025092310__procure_extend_release_breadth.sql	DOMAIN_PROCURE_V1
20261018091600	db/migrations/procure/V20261018091600__procure_create_payment_request_lines.sql	SUPERSEDED_BY_F57_REBASELINE	F57-04	db/migrations/procure/V20261025091100__procure_create_sales_order_demand_and_purchase_orders.sql;db/migrations/procure/V20261025092310__procure_extend_release_breadth.sql	DOMAIN_PROCURE_V1
20261018091700	db/migrations/procure/V20261018091700__procure_create_payable_reservations.sql	SUPERSEDED_BY_F57_REBASELINE	F57-04	db/migrations/procure/V20261025091100__procure_create_sales_order_demand_and_purchase_orders.sql;db/migrations/procure/V20261025092310__procure_extend_release_breadth.sql	DOMAIN_PROCURE_V1
20261018091800	db/migrations/procure/V20261018091800__procure_create_purchase_order_attachments.sql	SUPERSEDED_BY_F57_REBASELINE	F57-04	db/migrations/procure/V20261025091100__procure_create_sales_order_demand_and_purchase_orders.sql;db/migrations/procure/V20261025092310__procure_extend_release_breadth.sql	DOMAIN_PROCURE_V1
20261018091900	db/migrations/procure/V20261018091900__procure_create_goods_receipt_attachments.sql	SUPERSEDED_BY_F57_REBASELINE	F57-04	db/migrations/procure/V20261025091100__procure_create_sales_order_demand_and_purchase_orders.sql;db/migrations/procure/V20261025092310__procure_extend_release_breadth.sql	DOMAIN_PROCURE_V1
20261018092000	db/migrations/procure/V20261018092000__procure_create_purchase_return_attachments.sql	SUPERSEDED_BY_F57_REBASELINE	F57-04	db/migrations/procure/V20261025091100__procure_create_sales_order_demand_and_purchase_orders.sql;db/migrations/procure/V20261025092310__procure_extend_release_breadth.sql	DOMAIN_PROCURE_V1
20261018092100	db/migrations/procure/V20261018092100__procure_create_payment_request_attachments.sql	SUPERSEDED_BY_F57_REBASELINE	F57-04	db/migrations/procure/V20261025091100__procure_create_sales_order_demand_and_purchase_orders.sql;db/migrations/procure/V20261025092310__procure_extend_release_breadth.sql	DOMAIN_PROCURE_V1
20261018092200	db/migrations/procure/V20261018092200__procure_create_receipt_rejection_attachments.sql	SUPERSEDED_BY_F57_REBASELINE	F57-04	db/migrations/procure/V20261025091100__procure_create_sales_order_demand_and_purchase_orders.sql;db/migrations/procure/V20261025092310__procure_extend_release_breadth.sql	DOMAIN_PROCURE_V1
20261018092300	db/migrations/procure/V20261018092300__procure_backfill_append_only_registry.sql	SUPERSEDED_BY_F57_REBASELINE	F57-04	db/migrations/procure/V20261025091100__procure_create_sales_order_demand_and_purchase_orders.sql;db/migrations/procure/V20261025092310__procure_extend_release_breadth.sql	DOMAIN_PROCURE_V1
20261018092400	db/migrations/portal/V20261018092400__portal_create_supplier_portal_users.sql	SUPERSEDED_BY_F57_REBASELINE	F57-05	db/migrations/portal/V20261025092200__portal_create_identity_and_customization.sql	DOMAIN_PORTAL_V1
20261018092500	db/migrations/portal/V20261018092500__portal_create_delivery_notices.sql	SUPERSEDED_BY_F57_REBASELINE	F57-05	db/migrations/portal/V20261025092200__portal_create_identity_and_customization.sql	DOMAIN_PORTAL_V1
20261018092600	db/migrations/portal/V20261018092600__portal_create_delivery_notice_lines.sql	SUPERSEDED_BY_F57_REBASELINE	F57-05	db/migrations/portal/V20261025092200__portal_create_identity_and_customization.sql	DOMAIN_PORTAL_V1
20261018092700	db/migrations/portal/V20261018092700__portal_create_delivery_notice_line_serials.sql	SUPERSEDED_BY_F57_REBASELINE	F57-05	db/migrations/portal/V20261025092200__portal_create_identity_and_customization.sql	DOMAIN_PORTAL_V1
20261018092800	db/migrations/portal/V20261018092800__portal_create_delivery_notice_attachments.sql	SUPERSEDED_BY_F57_REBASELINE	F57-05	db/migrations/portal/V20261025092200__portal_create_identity_and_customization.sql	DOMAIN_PORTAL_V1
20261018092900	db/migrations/portal/V20261018092900__portal_create_supplier_invoice_uploads.sql	SUPERSEDED_BY_F57_REBASELINE	F57-05	db/migrations/portal/V20261025092200__portal_create_identity_and_customization.sql	DOMAIN_PORTAL_V1
20261018093000	db/migrations/portal/V20261018093000__portal_create_supplier_invoice_upload_lines.sql	SUPERSEDED_BY_F57_REBASELINE	F57-05	db/migrations/portal/V20261025092200__portal_create_identity_and_customization.sql	DOMAIN_PORTAL_V1
20261018093100	db/migrations/portal/V20261018093100__portal_create_supplier_invoice_upload_attachments.sql	SUPERSEDED_BY_F57_REBASELINE	F57-05	db/migrations/portal/V20261025092200__portal_create_identity_and_customization.sql	DOMAIN_PORTAL_V1
20261018093200	db/migrations/procure/V20261018093200__procure_add_portal_foreign_keys.sql	SUPERSEDED_BY_F57_REBASELINE	F57-04	db/migrations/procure/V20261025091100__procure_create_sales_order_demand_and_purchase_orders.sql;db/migrations/procure/V20261025092310__procure_extend_release_breadth.sql	DOMAIN_PROCURE_V1
20261019090000	db/migrations/invoice/V20261019090000__invoice_create_tax_rate_options.sql	SUPERSEDED_BY_F57_REBASELINE	F57-04	db/migrations/invoice/V20261025091300__invoice_create_sales_invoicing.sql;db/migrations/invoice/V20261025092330__invoice_extend_release_breadth.sql	DOMAIN_INVOICE_V1
20261019090100	db/migrations/invoice/V20261019090100__invoice_create_invoice_applications.sql	SUPERSEDED_BY_F57_REBASELINE	F57-04	db/migrations/invoice/V20261025091300__invoice_create_sales_invoicing.sql;db/migrations/invoice/V20261025092330__invoice_extend_release_breadth.sql	DOMAIN_INVOICE_V1
20261019090200	db/migrations/invoice/V20261019090200__invoice_create_invoice_application_link_tables.sql	SUPERSEDED_BY_F57_REBASELINE	F57-04	db/migrations/invoice/V20261025091300__invoice_create_sales_invoicing.sql;db/migrations/invoice/V20261025092330__invoice_extend_release_breadth.sql	DOMAIN_INVOICE_V1
20261019090300	db/migrations/invoice/V20261019090300__invoice_create_invoice_number_registry.sql	SUPERSEDED_BY_F57_REBASELINE	F57-04	db/migrations/invoice/V20261025091300__invoice_create_sales_invoicing.sql;db/migrations/invoice/V20261025092330__invoice_extend_release_breadth.sql	DOMAIN_INVOICE_V1
20261019090400	db/migrations/invoice/V20261019090400__invoice_create_sales_invoices.sql	SUPERSEDED_BY_F57_REBASELINE	F57-04	db/migrations/invoice/V20261025091300__invoice_create_sales_invoicing.sql;db/migrations/invoice/V20261025092330__invoice_extend_release_breadth.sql	DOMAIN_INVOICE_V1
20261019090500	db/migrations/invoice/V20261019090500__invoice_create_sales_invoice_lines.sql	SUPERSEDED_BY_F57_REBASELINE	F57-04	db/migrations/invoice/V20261025091300__invoice_create_sales_invoicing.sql;db/migrations/invoice/V20261025092330__invoice_extend_release_breadth.sql	DOMAIN_INVOICE_V1
20261019090600	db/migrations/invoice/V20261019090600__invoice_create_invoice_reversals.sql	SUPERSEDED_BY_F57_REBASELINE	F57-04	db/migrations/invoice/V20261025091300__invoice_create_sales_invoicing.sql;db/migrations/invoice/V20261025092330__invoice_extend_release_breadth.sql	DOMAIN_INVOICE_V1
20261019090700	db/migrations/invoice/V20261019090700__invoice_create_invoice_reversal_lines.sql	SUPERSEDED_BY_F57_REBASELINE	F57-04	db/migrations/invoice/V20261025091300__invoice_create_sales_invoicing.sql;db/migrations/invoice/V20261025092330__invoice_extend_release_breadth.sql	DOMAIN_INVOICE_V1
20261019090800	db/migrations/invoice/V20261019090800__invoice_create_purchase_invoices.sql	SUPERSEDED_BY_F57_REBASELINE	F57-04	db/migrations/invoice/V20261025091300__invoice_create_sales_invoicing.sql;db/migrations/invoice/V20261025092330__invoice_extend_release_breadth.sql	DOMAIN_INVOICE_V1
20261019090830	db/migrations/portal/V20261019090830__portal_add_invoice_foreign_keys.sql	SUPERSEDED_BY_F57_REBASELINE	F57-05	db/migrations/portal/V20261025092200__portal_create_identity_and_customization.sql	DOMAIN_PORTAL_V1
20261019090900	db/migrations/invoice/V20261019090900__invoice_create_purchase_invoice_lines.sql	SUPERSEDED_BY_F57_REBASELINE	F57-04	db/migrations/invoice/V20261025091300__invoice_create_sales_invoicing.sql;db/migrations/invoice/V20261025092330__invoice_extend_release_breadth.sql	DOMAIN_INVOICE_V1
20261019090910	db/migrations/inventory/V20261019090910__inventory_add_invoice_foreign_keys.sql	SUPERSEDED_BY_F57_REBASELINE	F57-04	db/migrations/inventory/V20261025091200__inventory_create_receipt_and_delivery_facts.sql;db/migrations/inventory/V20261025092320__inventory_extend_release_breadth.sql	DOMAIN_INVENTORY_V1
20261019090930	db/migrations/procure/V20261019090930__procure_add_invoice_foreign_keys.sql	SUPERSEDED_BY_F57_REBASELINE	F57-04	db/migrations/procure/V20261025091100__procure_create_sales_order_demand_and_purchase_orders.sql;db/migrations/procure/V20261025092310__procure_extend_release_breadth.sql	DOMAIN_PROCURE_V1
20261019091000	db/migrations/invoice/V20261019091000__invoice_create_invoice_receipt_plan_links.sql	SUPERSEDED_BY_F57_REBASELINE	F57-04	db/migrations/invoice/V20261025091300__invoice_create_sales_invoicing.sql;db/migrations/invoice/V20261025092330__invoice_extend_release_breadth.sql	DOMAIN_INVOICE_V1
20261019091100	db/migrations/invoice/V20261019091100__invoice_create_invoice_import_batches.sql	SUPERSEDED_BY_F57_REBASELINE	F57-04	db/migrations/invoice/V20261025091300__invoice_create_sales_invoicing.sql;db/migrations/invoice/V20261025092330__invoice_extend_release_breadth.sql	DOMAIN_INVOICE_V1
20261019091200	db/migrations/invoice/V20261019091200__invoice_create_attachment_link_tables.sql	SUPERSEDED_BY_F57_REBASELINE	F57-04	db/migrations/invoice/V20261025091300__invoice_create_sales_invoicing.sql;db/migrations/invoice/V20261025092330__invoice_extend_release_breadth.sql	DOMAIN_INVOICE_V1
20261019091300	db/migrations/invoice/V20261019091300__invoice_enable_row_level_security.sql	SUPERSEDED_BY_F57_REBASELINE	F57-04	db/migrations/invoice/V20261025091300__invoice_create_sales_invoicing.sql;db/migrations/invoice/V20261025092330__invoice_extend_release_breadth.sql	DOMAIN_INVOICE_V1
20261019091400	db/migrations/invoice/concurrent/V20261019091400__invoice_create_indexes.sql	SUPERSEDED_BY_F57_REBASELINE	F57-04	db/migrations/invoice/V20261025091300__invoice_create_sales_invoicing.sql;db/migrations/invoice/V20261025092330__invoice_extend_release_breadth.sql	DOMAIN_INVOICE_V1
20261019091500	db/migrations/invoice/V20261019091500__invoice_backfill_seed_tax_rate_options.sql	SUPERSEDED_BY_F57_REBASELINE	F57-04	db/migrations/invoice/V20261025091300__invoice_create_sales_invoicing.sql;db/migrations/invoice/V20261025092330__invoice_extend_release_breadth.sql	DOMAIN_INVOICE_V1
20261019091600	db/migrations/invoice/V20261019091600__invoice_create_dataset_views.sql	SUPERSEDED_BY_F57_REBASELINE	F57-04	db/migrations/invoice/V20261025091300__invoice_create_sales_invoicing.sql;db/migrations/invoice/V20261025092330__invoice_extend_release_breadth.sql	DOMAIN_INVOICE_V1
20261019091700	db/migrations/finance/V20261019091700__finance_create_aging_bucket_definitions.sql	SUPERSEDED_BY_F57_REBASELINE	F57-04	db/migrations/finance/V20261025091310__finance_create_receivable_and_cash.sql;db/migrations/finance/V20261025092340__finance_extend_release_breadth.sql	DOMAIN_FINANCE_V1
20261019091800	db/migrations/finance/V20261019091800__finance_create_cash_accounts.sql	SUPERSEDED_BY_F57_REBASELINE	F57-04	db/migrations/finance/V20261025091310__finance_create_receivable_and_cash.sql;db/migrations/finance/V20261025092340__finance_extend_release_breadth.sql	DOMAIN_FINANCE_V1
20261019091900	db/migrations/finance/V20261019091900__finance_create_receivable_entries.sql	SUPERSEDED_BY_F57_REBASELINE	F57-04	db/migrations/finance/V20261025091310__finance_create_receivable_and_cash.sql;db/migrations/finance/V20261025092340__finance_extend_release_breadth.sql	DOMAIN_FINANCE_V1
20261019092000	db/migrations/finance/V20261019092000__finance_create_payable_entries.sql	SUPERSEDED_BY_F57_REBASELINE	F57-04	db/migrations/finance/V20261025091310__finance_create_receivable_and_cash.sql;db/migrations/finance/V20261025092340__finance_extend_release_breadth.sql	DOMAIN_FINANCE_V1
20261019092100	db/migrations/finance/V20261019092100__finance_create_advance_receipt_entries.sql	SUPERSEDED_BY_F57_REBASELINE	F57-04	db/migrations/finance/V20261025091310__finance_create_receivable_and_cash.sql;db/migrations/finance/V20261025092340__finance_extend_release_breadth.sql	DOMAIN_FINANCE_V1
20261019092200	db/migrations/finance/V20261019092200__finance_create_advance_payment_entries.sql	SUPERSEDED_BY_F57_REBASELINE	F57-04	db/migrations/finance/V20261025091310__finance_create_receivable_and_cash.sql;db/migrations/finance/V20261025092340__finance_extend_release_breadth.sql	DOMAIN_FINANCE_V1
20261019092300	db/migrations/finance/V20261019092300__finance_create_unbilled_ar_entries.sql	SUPERSEDED_BY_F57_REBASELINE	F57-04	db/migrations/finance/V20261025091310__finance_create_receivable_and_cash.sql;db/migrations/finance/V20261025092340__finance_extend_release_breadth.sql	DOMAIN_FINANCE_V1
20261019092400	db/migrations/finance/V20261019092400__finance_create_overbilling_entries.sql	SUPERSEDED_BY_F57_REBASELINE	F57-04	db/migrations/finance/V20261025091310__finance_create_receivable_and_cash.sql;db/migrations/finance/V20261025092340__finance_extend_release_breadth.sql	DOMAIN_FINANCE_V1
20261019092430	db/migrations/invoice/V20261019092430__invoice_add_finance_foreign_keys.sql	SUPERSEDED_BY_F57_REBASELINE	F57-04	db/migrations/invoice/V20261025091300__invoice_create_sales_invoicing.sql;db/migrations/invoice/V20261025092330__invoice_extend_release_breadth.sql	DOMAIN_INVOICE_V1
20261019092500	db/migrations/finance/V20261019092500__finance_create_overbilling_settlements.sql	SUPERSEDED_BY_F57_REBASELINE	F57-04	db/migrations/finance/V20261025091310__finance_create_receivable_and_cash.sql;db/migrations/finance/V20261025092340__finance_extend_release_breadth.sql	DOMAIN_FINANCE_V1
20261019092600	db/migrations/finance/V20261019092600__finance_create_receipts.sql	SUPERSEDED_BY_F57_REBASELINE	F57-04	db/migrations/finance/V20261025091310__finance_create_receivable_and_cash.sql;db/migrations/finance/V20261025092340__finance_extend_release_breadth.sql	DOMAIN_FINANCE_V1
20261019092700	db/migrations/finance/V20261019092700__finance_create_payments.sql	SUPERSEDED_BY_F57_REBASELINE	F57-04	db/migrations/finance/V20261025091310__finance_create_receivable_and_cash.sql;db/migrations/finance/V20261025092340__finance_extend_release_breadth.sql	DOMAIN_FINANCE_V1
20261019092800	db/migrations/finance/V20261019092800__finance_create_refunds.sql	SUPERSEDED_BY_F57_REBASELINE	F57-04	db/migrations/finance/V20261025091310__finance_create_receivable_and_cash.sql;db/migrations/finance/V20261025092340__finance_extend_release_breadth.sql	DOMAIN_FINANCE_V1
20261019092900	db/migrations/finance/V20261019092900__finance_create_refund_source_payment_links.sql	SUPERSEDED_BY_F57_REBASELINE	F57-04	db/migrations/finance/V20261025091310__finance_create_receivable_and_cash.sql;db/migrations/finance/V20261025092340__finance_extend_release_breadth.sql	DOMAIN_FINANCE_V1
20261019093000	db/migrations/finance/V20261019093000__finance_create_cash_document_reversals.sql	SUPERSEDED_BY_F57_REBASELINE	F57-04	db/migrations/finance/V20261025091310__finance_create_receivable_and_cash.sql;db/migrations/finance/V20261025092340__finance_extend_release_breadth.sql	DOMAIN_FINANCE_V1
20261019093100	db/migrations/finance/V20261019093100__finance_create_settlement_link_tables.sql	SUPERSEDED_BY_F57_REBASELINE	F57-04	db/migrations/finance/V20261025091310__finance_create_receivable_and_cash.sql;db/migrations/finance/V20261025092340__finance_extend_release_breadth.sql	DOMAIN_FINANCE_V1
20261019093130	db/migrations/finance/V20261019093130__finance_add_deferred_foreign_keys.sql	SUPERSEDED_BY_F57_REBASELINE	F57-04	db/migrations/finance/V20261025091310__finance_create_receivable_and_cash.sql;db/migrations/finance/V20261025092340__finance_extend_release_breadth.sql	DOMAIN_FINANCE_V1
20261019093200	db/migrations/finance/V20261019093200__finance_create_cash_ledger_entries.sql	SUPERSEDED_BY_F57_REBASELINE	F57-04	db/migrations/finance/V20261025091310__finance_create_receivable_and_cash.sql;db/migrations/finance/V20261025092340__finance_extend_release_breadth.sql	DOMAIN_FINANCE_V1
20261019093300	db/migrations/finance/V20261019093300__finance_create_attachment_link_tables.sql	SUPERSEDED_BY_F57_REBASELINE	F57-04	db/migrations/finance/V20261025091310__finance_create_receivable_and_cash.sql;db/migrations/finance/V20261025092340__finance_extend_release_breadth.sql	DOMAIN_FINANCE_V1
20261019093400	db/migrations/finance/V20261019093400__finance_enable_row_level_security.sql	SUPERSEDED_BY_F57_REBASELINE	F57-04	db/migrations/finance/V20261025091310__finance_create_receivable_and_cash.sql;db/migrations/finance/V20261025092340__finance_extend_release_breadth.sql	DOMAIN_FINANCE_V1
20261019093500	db/migrations/finance/concurrent/V20261019093500__finance_create_indexes.sql	SUPERSEDED_BY_F57_REBASELINE	F57-04	db/migrations/finance/V20261025091310__finance_create_receivable_and_cash.sql;db/migrations/finance/V20261025092340__finance_extend_release_breadth.sql	DOMAIN_FINANCE_V1
20261019093600	db/migrations/finance/V20261019093600__finance_create_reconciliation_views.sql	SUPERSEDED_BY_F57_REBASELINE	F57-04	db/migrations/finance/V20261025091310__finance_create_receivable_and_cash.sql;db/migrations/finance/V20261025092340__finance_extend_release_breadth.sql	DOMAIN_FINANCE_V1
20261019093700	db/migrations/finance/V20261019093700__finance_backfill_seed_aging_buckets.sql	SUPERSEDED_BY_F57_REBASELINE	F57-04	db/migrations/finance/V20261025091310__finance_create_receivable_and_cash.sql;db/migrations/finance/V20261025092340__finance_extend_release_breadth.sql	DOMAIN_FINANCE_V1
20261019093800	db/migrations/finance/V20261019093800__finance_create_dataset_views.sql	SUPERSEDED_BY_F57_REBASELINE	F57-04	db/migrations/finance/V20261025091310__finance_create_receivable_and_cash.sql;db/migrations/finance/V20261025092340__finance_extend_release_breadth.sql	DOMAIN_FINANCE_V1
20261019093900	db/migrations/finance/V20261019093900__finance_backfill_append_only_registry.sql	SUPERSEDED_BY_F57_REBASELINE	F57-04	db/migrations/finance/V20261025091310__finance_create_receivable_and_cash.sql;db/migrations/finance/V20261025092340__finance_extend_release_breadth.sql	DOMAIN_FINANCE_V1
20261019094000	db/migrations/finance/V20261019094000__finance_backfill_sensitive_field_registry.sql	SUPERSEDED_BY_F57_REBASELINE	F57-04	db/migrations/finance/V20261025091310__finance_create_receivable_and_cash.sql;db/migrations/finance/V20261025092340__finance_extend_release_breadth.sql	DOMAIN_FINANCE_V1
20261020090000	db/migrations/costing/V20261020090000__costing_create_cost_entries.sql	SUPERSEDED_BY_F57_REBASELINE	F57-04	db/migrations/inventory/V20261025091200__inventory_create_receipt_and_delivery_facts.sql;db/migrations/inventory/V20261025092320__inventory_extend_release_breadth.sql	DOMAIN_COSTING_V1
20261020090100	db/migrations/costing/V20261020090100__costing_create_revenue_entries.sql	SUPERSEDED_BY_F57_REBASELINE	F57-04	db/migrations/inventory/V20261025091200__inventory_create_receipt_and_delivery_facts.sql;db/migrations/inventory/V20261025092320__inventory_extend_release_breadth.sql	DOMAIN_COSTING_V1
20261020090130	db/migrations/sales/V20261020090130__sales_add_costing_capture_foreign_keys.sql	SUPERSEDED_BY_F57_REBASELINE	F57-03	db/migrations/sales/V20261025091000__sales_create_standard_orders.sql;db/migrations/sales/V20261025092300__sales_extend_release_breadth.sql	DOMAIN_SALES_V1
20261020090200	db/migrations/costing/V20261020090200__costing_create_dataset_views.sql	SUPERSEDED_BY_F57_REBASELINE	F57-04	db/migrations/inventory/V20261025091200__inventory_create_receipt_and_delivery_facts.sql;db/migrations/inventory/V20261025092320__inventory_extend_release_breadth.sql	DOMAIN_COSTING_V1
20261020090300	db/migrations/costing/V20261020090300__costing_grant_analyst_ro.sql	SUPERSEDED_BY_F57_REBASELINE	F57-04	db/migrations/inventory/V20261025091200__inventory_create_receipt_and_delivery_facts.sql;db/migrations/inventory/V20261025092320__inventory_extend_release_breadth.sql	DOMAIN_COSTING_V1
20261020090400	db/migrations/reporting/V20261020090400__reporting_backfill_seed_datasets.sql	SUPERSEDED_BY_F57_REBASELINE	F57-05	db/migrations/reporting/V20261025092420__reporting_create_release_breadth.sql	DOMAIN_REPORTING_V1
20261020090500	db/migrations/reporting/V20261020090500__reporting_backfill_seed_dataset_fields.sql	SUPERSEDED_BY_F57_REBASELINE	F57-05	db/migrations/reporting/V20261025092420__reporting_create_release_breadth.sql	DOMAIN_REPORTING_V1
20261020090600	db/migrations/reporting/V20261020090600__reporting_create_datasets.sql	SUPERSEDED_BY_F57_REBASELINE	F57-05	db/migrations/reporting/V20261025092420__reporting_create_release_breadth.sql	DOMAIN_REPORTING_V1
20261020090700	db/migrations/reporting/V20261020090700__reporting_create_dataset_fields.sql	SUPERSEDED_BY_F57_REBASELINE	F57-05	db/migrations/reporting/V20261025092420__reporting_create_release_breadth.sql	DOMAIN_REPORTING_V1
20261020090800	db/migrations/reporting/V20261020090800__reporting_create_report_objects.sql	SUPERSEDED_BY_F57_REBASELINE	F57-05	db/migrations/reporting/V20261025092420__reporting_create_release_breadth.sql	DOMAIN_REPORTING_V1
20261020090900	db/migrations/reporting/V20261020090900__reporting_create_report_object_versions.sql	SUPERSEDED_BY_F57_REBASELINE	F57-05	db/migrations/reporting/V20261025092420__reporting_create_release_breadth.sql	DOMAIN_REPORTING_V1
20261020091000	db/migrations/reporting/V20261020091000__reporting_create_report_object_publications.sql	SUPERSEDED_BY_F57_REBASELINE	F57-05	db/migrations/reporting/V20261025092420__reporting_create_release_breadth.sql	DOMAIN_REPORTING_V1
20261020091100	db/migrations/reporting/V20261020091100__reporting_create_report_object_dependencies.sql	SUPERSEDED_BY_F57_REBASELINE	F57-05	db/migrations/reporting/V20261025092420__reporting_create_release_breadth.sql	DOMAIN_REPORTING_V1
20261020091200	db/migrations/reporting/V20261020091200__reporting_create_aging_bucket_profiles.sql	SUPERSEDED_BY_F57_REBASELINE	F57-05	db/migrations/reporting/V20261025092420__reporting_create_release_breadth.sql	DOMAIN_REPORTING_V1
20261020091300	db/migrations/reporting/V20261020091300__reporting_create_aging_bucket_lines.sql	SUPERSEDED_BY_F57_REBASELINE	F57-05	db/migrations/reporting/V20261025092420__reporting_create_release_breadth.sql	DOMAIN_REPORTING_V1
20261020091400	db/migrations/reporting/V20261020091400__reporting_create_render_tasks.sql	SUPERSEDED_BY_F57_REBASELINE	F57-05	db/migrations/reporting/V20261025092420__reporting_create_release_breadth.sql	DOMAIN_REPORTING_V1
20261020091500	db/migrations/reporting/V20261020091500__reporting_grant_analyst_ro.sql	SUPERSEDED_BY_F57_REBASELINE	F57-05	db/migrations/reporting/V20261025092420__reporting_create_release_breadth.sql	DOMAIN_REPORTING_V1
20261020091600	db/migrations/reporting/V20261020091600__reporting_backfill_migrate_aging_buckets_from_finance.sql	SUPERSEDED_BY_F57_REBASELINE	F57-05	db/migrations/reporting/V20261025092420__reporting_create_release_breadth.sql	DOMAIN_REPORTING_V1
20261020091700	db/migrations/reporting/V20261020091700__reporting_drop_finance_aging_bucket_definitions.sql	SUPERSEDED_BY_F57_REBASELINE	F57-05	db/migrations/reporting/V20261025092420__reporting_create_release_breadth.sql	DOMAIN_REPORTING_V1
20261020091800	db/migrations/platform_core/V20261020091800__platform_core_backfill_stage11_unpoliced_table_registry.sql	SUPERSEDED_BY_F57_REBASELINE	F57-25	db/migrations/platform_core/V20261025092530__platform_core_backfill_f57_unpoliced_table_registry.sql	PLATFORM_CORE_REGISTRY_CLOSURE_V1
20261020091900	db/migrations/ledger/V20261020091900__ledger_create_close_serialization_slots.sql	SUPERSEDED_BY_F57_REBASELINE	F57-04	db/migrations/ledger/V20261025092350__ledger_create_operating_ledger_release_breadth.sql	DOMAIN_LEDGER_V1
20261020092000	db/migrations/ledger/V20261020092000__ledger_create_period_close_requests.sql	SUPERSEDED_BY_F57_REBASELINE	F57-04	db/migrations/ledger/V20261025092350__ledger_create_operating_ledger_release_breadth.sql	DOMAIN_LEDGER_V1
20261020092100	db/migrations/ledger/V20261020092100__ledger_create_year_end_closings.sql	SUPERSEDED_BY_F57_REBASELINE	F57-04	db/migrations/ledger/V20261025092350__ledger_create_operating_ledger_release_breadth.sql	DOMAIN_LEDGER_V1
20261021090000	db/migrations/project/V20261021090000__project_create_projects.sql	SUPERSEDED_BY_F57_REBASELINE	F57-05	db/migrations/project/V20261025092410__project_create_release_breadth.sql	DOMAIN_PROJECT_V1
20261021090030	db/migrations/procure/V20261021090030__procure_add_project_foreign_keys.sql	SUPERSEDED_BY_F57_REBASELINE	F57-04	db/migrations/procure/V20261025091100__procure_create_sales_order_demand_and_purchase_orders.sql;db/migrations/procure/V20261025092310__procure_extend_release_breadth.sql	DOMAIN_PROCURE_V1
20261021090040	db/migrations/costing/V20261021090040__costing_add_project_foreign_keys.sql	SUPERSEDED_BY_F57_REBASELINE	F57-04	db/migrations/inventory/V20261025091200__inventory_create_receipt_and_delivery_facts.sql;db/migrations/inventory/V20261025092320__inventory_extend_release_breadth.sql	DOMAIN_COSTING_V1
20261021090100	db/migrations/project/V20261021090100__project_create_project_tasks.sql	SUPERSEDED_BY_F57_REBASELINE	F57-05	db/migrations/project/V20261025092410__project_create_release_breadth.sql	DOMAIN_PROJECT_V1
20261021090200	db/migrations/project/V20261021090200__project_create_task_requisition_links.sql	SUPERSEDED_BY_F57_REBASELINE	F57-05	db/migrations/project/V20261025092410__project_create_release_breadth.sql	DOMAIN_PROJECT_V1
20261021090300	db/migrations/project/V20261021090300__project_create_attachment_links.sql	SUPERSEDED_BY_F57_REBASELINE	F57-05	db/migrations/project/V20261025092410__project_create_release_breadth.sql	DOMAIN_PROJECT_V1
20261021090400	db/migrations/project/V20261021090400__project_create_dataset_views.sql	SUPERSEDED_BY_F57_REBASELINE	F57-05	db/migrations/project/V20261025092410__project_create_release_breadth.sql	DOMAIN_PROJECT_V1
20261021090500	db/migrations/service/V20261021090500__service_create_dictionaries.sql	SUPERSEDED_BY_F57_REBASELINE	F57-05	db/migrations/service/V20261025092400__service_create_release_breadth.sql	DOMAIN_SERVICE_V1
20261021090600	db/migrations/service/V20261021090600__service_create_equipment_records.sql	SUPERSEDED_BY_F57_REBASELINE	F57-05	db/migrations/service/V20261025092400__service_create_release_breadth.sql	DOMAIN_SERVICE_V1
20261021090700	db/migrations/service/V20261021090700__service_create_customer_complaints.sql	SUPERSEDED_BY_F57_REBASELINE	F57-05	db/migrations/service/V20261025092400__service_create_release_breadth.sql	DOMAIN_SERVICE_V1
20261021090800	db/migrations/service/V20261021090800__service_create_work_orders.sql	SUPERSEDED_BY_F57_REBASELINE	F57-05	db/migrations/service/V20261025092400__service_create_release_breadth.sql	DOMAIN_SERVICE_V1
20261021090900	db/migrations/service/V20261021090900__service_create_work_order_lines.sql	SUPERSEDED_BY_F57_REBASELINE	F57-05	db/migrations/service/V20261025092400__service_create_release_breadth.sql	DOMAIN_SERVICE_V1
20261021091000	db/migrations/service/V20261021091000__service_create_work_order_logs.sql	SUPERSEDED_BY_F57_REBASELINE	F57-05	db/migrations/service/V20261025092400__service_create_release_breadth.sql	DOMAIN_SERVICE_V1
20261021091100	db/migrations/service/V20261021091100__service_create_reminder_policies.sql	SUPERSEDED_BY_F57_REBASELINE	F57-05	db/migrations/service/V20261025092400__service_create_release_breadth.sql	DOMAIN_SERVICE_V1
20261021091200	db/migrations/service/V20261021091200__service_create_attachment_links.sql	SUPERSEDED_BY_F57_REBASELINE	F57-05	db/migrations/service/V20261025092400__service_create_release_breadth.sql	DOMAIN_SERVICE_V1
20261021091300	db/migrations/service/V20261021091300__service_backfill_seed_dictionaries.sql	SUPERSEDED_BY_F57_REBASELINE	F57-05	db/migrations/service/V20261025092400__service_create_release_breadth.sql	DOMAIN_SERVICE_V1
20261022090000	db/migrations/platform_meta/V20261022090000__platform_meta_custom_object_model.sql	SUPERSEDED_BY_F57_REBASELINE	F57-10	db/migrations/platform_meta/V20261025092000__platform_meta_create_customer_model_specs.sql	PLATFORM_META_MODEL_V1
20261022090100	db/migrations/platform_meta/V20261022090100__platform_meta_ddl_plan.sql	SUPERSEDED_BY_F57_REBASELINE	F57-10	db/migrations/platform_meta/V20261025092000__platform_meta_create_customer_model_specs.sql	PLATFORM_META_MODEL_V1
20261022090200	db/migrations/platform_meta/V20261022090200__platform_meta_ui_layouts.sql	SUPERSEDED_BY_F57_REBASELINE	F57-16	db/migrations/platform_meta/V20261025091400__platform_meta_create_ui_schema_versions.sql	PLATFORM_META_UI_V1
20261022090300	db/migrations/platform_meta/V20261022090300__platform_meta_client_capability_values.sql	SUPERSEDED_BY_F57_REBASELINE	F57-16	db/migrations/platform_meta/V20261025091400__platform_meta_create_ui_schema_versions.sql	PLATFORM_META_UI_V1
20261022090400	db/migrations/platform_meta/V20261022090400__platform_meta_backfill_capability_matrix.sql	SUPERSEDED_BY_F57_REBASELINE	F57-16	db/migrations/platform_meta/V20261025091400__platform_meta_create_ui_schema_versions.sql	PLATFORM_META_UI_V1
20261022090500	db/migrations/platform_meta/V20261022090500__platform_meta_alter_config_package.sql	SUPERSEDED_BY_F57_REBASELINE	F57-09	db/migrations/platform_meta/V20261025090400__platform_meta_create_generations_participants_and_pins.sql	PLATFORM_META_GENERATION_V1
20261022090600	db/migrations/platform_meta/V20261022090600__platform_meta_config_release.sql	SUPERSEDED_BY_F57_REBASELINE	F57-09	db/migrations/platform_meta/V20261025090400__platform_meta_create_generations_participants_and_pins.sql	PLATFORM_META_GENERATION_V1
20261022090700	db/migrations/platform_meta/V20261022090700__platform_meta_backfill_release_mutex_row.sql	SUPERSEDED_BY_F57_REBASELINE	F57-09	db/migrations/platform_meta/V20261025090400__platform_meta_create_generations_participants_and_pins.sql	PLATFORM_META_GENERATION_V1
20261022090800	db/migrations/platform_meta/V20261022090800__platform_meta_brand_profiles.sql	SUPERSEDED_BY_F57_REBASELINE	F57-16	db/migrations/platform_meta/V20261025091400__platform_meta_create_ui_schema_versions.sql	PLATFORM_META_UI_V1
20261022090900	db/migrations/platform_meta/V20261022090900__platform_meta_client_releases.sql	SUPERSEDED_BY_F57_REBASELINE	F57-16	db/migrations/platform_meta/V20261025091400__platform_meta_create_ui_schema_versions.sql	PLATFORM_META_UI_V1
20261022091000	db/migrations/platform_meta/V20261022091000__platform_meta_extensions.sql	SUPERSEDED_BY_F57_REBASELINE	F57-13	db/migrations/platform_meta/V20261025092100__platform_meta_create_capability_packages.sql	PLATFORM_META_PACKAGE_V1
20261022091100	db/migrations/platform_meta/V20261022091100__platform_meta_extension_invocations.sql	SUPERSEDED_BY_F57_REBASELINE	F57-14	db/migrations/platform_meta/V20261025091600__platform_meta_create_provider_manifests.sql;db/migrations/platform_meta/V20261025091800__platform_meta_extend_provider_and_mcp_registry.sql	PLATFORM_META_PROVIDER_V1
20261022091200	db/migrations/platform_meta/V20261022091200__platform_meta_client_bootstrap_dispatches.sql	SUPERSEDED_BY_F57_REBASELINE	F57-16	db/migrations/platform_meta/V20261025091400__platform_meta_create_ui_schema_versions.sql	PLATFORM_META_UI_V1
20261022091300	db/migrations/platform_core/V20261022091300__platform_core_backfill_stage13_unpoliced_table_registry.sql	SUPERSEDED_BY_F57_REBASELINE	F57-25	db/migrations/platform_core/V20261025092530__platform_core_backfill_f57_unpoliced_table_registry.sql	PLATFORM_CORE_REGISTRY_CLOSURE_V1
20261023090000	db/migrations/platform_ops/V20261023090000__platform_ops_backfill_singletons.sql	SUPERSEDED_BY_F57_REBASELINE	F57-02	db/migrations/platform_ops/V20261025090000__platform_ops_create_deployment_manifests.sql	PLATFORM_OPS_DEPLOYMENT_V1
20261023090100	db/migrations/platform_ops/V20261023090100__platform_ops_deployment_records.sql	SUPERSEDED_BY_F57_REBASELINE	F57-02	db/migrations/platform_ops/V20261025090000__platform_ops_create_deployment_manifests.sql	PLATFORM_OPS_DEPLOYMENT_V1
20261023090200	db/migrations/platform_ops/V20261023090200__platform_ops_offsite_sinks.sql	SUPERSEDED_BY_F57_REBASELINE	F57-24	db/migrations/platform_ops/V20261025092500__platform_ops_create_authority_service_fences.sql;db/migrations/platform_ops/V20261025092510__platform_ops_create_backup_sets_media_and_certification.sql;db/migrations/platform_ops/V20261025092520__platform_ops_create_security_incidents_and_recovery_cuts.sql	PLATFORM_OPS_RECOVERY_V1
20261023090300	db/migrations/platform_ops/V20261023090300__platform_ops_extend_degradation_windows.sql	SUPERSEDED_BY_F57_REBASELINE	F57-07	db/migrations/platform_ops/V20261025090600__platform_ops_create_capacity_evidence.sql	PLATFORM_OPS_CAPACITY_V1
20261023090350	db/migrations/platform_ops/concurrent/V20261023090350__platform_ops_add_degradation_window_indexes.sql	SUPERSEDED_BY_F57_REBASELINE	F57-07	db/migrations/platform_ops/V20261025090600__platform_ops_create_capacity_evidence.sql	PLATFORM_OPS_CAPACITY_V1
20261023090400	db/migrations/platform_ops/V20261023090400__platform_ops_writeout_runs.sql	SUPERSEDED_BY_F57_REBASELINE	F57-24	db/migrations/platform_ops/V20261025092500__platform_ops_create_authority_service_fences.sql;db/migrations/platform_ops/V20261025092510__platform_ops_create_backup_sets_media_and_certification.sql;db/migrations/platform_ops/V20261025092520__platform_ops_create_security_incidents_and_recovery_cuts.sql	PLATFORM_OPS_RECOVERY_V1
20261023090500	db/migrations/platform_ops/V20261023090500__platform_ops_attachment_watermarks.sql	SUPERSEDED_BY_F57_REBASELINE	F57-24	db/migrations/platform_ops/V20261025092500__platform_ops_create_authority_service_fences.sql;db/migrations/platform_ops/V20261025092510__platform_ops_create_backup_sets_media_and_certification.sql;db/migrations/platform_ops/V20261025092520__platform_ops_create_security_incidents_and_recovery_cuts.sql	PLATFORM_OPS_RECOVERY_V1
20261023090600	db/migrations/platform_ops/V20261023090600__platform_ops_backup_sets.sql	SUPERSEDED_BY_F57_REBASELINE	F57-24	db/migrations/platform_ops/V20261025092500__platform_ops_create_authority_service_fences.sql;db/migrations/platform_ops/V20261025092510__platform_ops_create_backup_sets_media_and_certification.sql;db/migrations/platform_ops/V20261025092520__platform_ops_create_security_incidents_and_recovery_cuts.sql	PLATFORM_OPS_RECOVERY_V1
20261023090700	db/migrations/platform_ops/V20261023090700__platform_ops_backup_runner_slot.sql	SUPERSEDED_BY_F57_REBASELINE	F57-24	db/migrations/platform_ops/V20261025092500__platform_ops_create_authority_service_fences.sql;db/migrations/platform_ops/V20261025092510__platform_ops_create_backup_sets_media_and_certification.sql;db/migrations/platform_ops/V20261025092520__platform_ops_create_security_incidents_and_recovery_cuts.sql	PLATFORM_OPS_RECOVERY_V1
20261023090800	db/migrations/platform_ops/V20261023090800__platform_ops_backup_verifications.sql	SUPERSEDED_BY_F57_REBASELINE	F57-24	db/migrations/platform_ops/V20261025092500__platform_ops_create_authority_service_fences.sql;db/migrations/platform_ops/V20261025092510__platform_ops_create_backup_sets_media_and_certification.sql;db/migrations/platform_ops/V20261025092520__platform_ops_create_security_incidents_and_recovery_cuts.sql	PLATFORM_OPS_RECOVERY_V1
20261023090900	db/migrations/platform_ops/V20261023090900__platform_ops_archive_channel.sql	SUPERSEDED_BY_F57_REBASELINE	F57-24	db/migrations/platform_ops/V20261025092500__platform_ops_create_authority_service_fences.sql;db/migrations/platform_ops/V20261025092510__platform_ops_create_backup_sets_media_and_certification.sql;db/migrations/platform_ops/V20261025092520__platform_ops_create_security_incidents_and_recovery_cuts.sql	PLATFORM_OPS_RECOVERY_V1
20261023091000	db/migrations/platform_ops/V20261023091000__platform_ops_archive_channel_transitions.sql	SUPERSEDED_BY_F57_REBASELINE	F57-24	db/migrations/platform_ops/V20261025092500__platform_ops_create_authority_service_fences.sql;db/migrations/platform_ops/V20261025092510__platform_ops_create_backup_sets_media_and_certification.sql;db/migrations/platform_ops/V20261025092520__platform_ops_create_security_incidents_and_recovery_cuts.sql	PLATFORM_OPS_RECOVERY_V1
20261023091100	db/migrations/platform_ops/V20261023091100__platform_ops_replication_reports.sql	SUPERSEDED_BY_F57_REBASELINE	F57-24	db/migrations/platform_ops/V20261025092500__platform_ops_create_authority_service_fences.sql;db/migrations/platform_ops/V20261025092510__platform_ops_create_backup_sets_media_and_certification.sql;db/migrations/platform_ops/V20261025092520__platform_ops_create_security_incidents_and_recovery_cuts.sql	PLATFORM_OPS_RECOVERY_V1
20261023091200	db/migrations/platform_ops/V20261023091200__platform_ops_wal_retention_samples.sql	SUPERSEDED_BY_F57_REBASELINE	F57-24	db/migrations/platform_ops/V20261025092500__platform_ops_create_authority_service_fences.sql;db/migrations/platform_ops/V20261025092510__platform_ops_create_backup_sets_media_and_certification.sql;db/migrations/platform_ops/V20261025092520__platform_ops_create_security_incidents_and_recovery_cuts.sql	PLATFORM_OPS_RECOVERY_V1
20261023091300	db/migrations/platform_ops/V20261023091300__platform_ops_capacity_samples.sql	SUPERSEDED_BY_F57_REBASELINE	F57-07	db/migrations/platform_ops/V20261025090600__platform_ops_create_capacity_evidence.sql	PLATFORM_OPS_CAPACITY_V1
20261023091400	db/migrations/platform_ops/V20261023091400__platform_ops_key_recovery_materials.sql	SUPERSEDED_BY_F57_REBASELINE	F57-24	db/migrations/platform_ops/V20261025092500__platform_ops_create_authority_service_fences.sql;db/migrations/platform_ops/V20261025092510__platform_ops_create_backup_sets_media_and_certification.sql;db/migrations/platform_ops/V20261025092520__platform_ops_create_security_incidents_and_recovery_cuts.sql	PLATFORM_OPS_RECOVERY_V1
20261023091500	db/migrations/platform_ops/V20261023091500__platform_ops_key_recovery_verifications.sql	SUPERSEDED_BY_F57_REBASELINE	F57-24	db/migrations/platform_ops/V20261025092500__platform_ops_create_authority_service_fences.sql;db/migrations/platform_ops/V20261025092510__platform_ops_create_backup_sets_media_and_certification.sql;db/migrations/platform_ops/V20261025092520__platform_ops_create_security_incidents_and_recovery_cuts.sql	PLATFORM_OPS_RECOVERY_V1
20261023091600	db/migrations/platform_ops/V20261023091600__platform_ops_recovery_drills.sql	SUPERSEDED_BY_F57_REBASELINE	F57-24	db/migrations/platform_ops/V20261025092500__platform_ops_create_authority_service_fences.sql;db/migrations/platform_ops/V20261025092510__platform_ops_create_backup_sets_media_and_certification.sql;db/migrations/platform_ops/V20261025092520__platform_ops_create_security_incidents_and_recovery_cuts.sql	PLATFORM_OPS_RECOVERY_V1
20261023091700	db/migrations/platform_ops/V20261023091700__platform_ops_alert_suppressions.sql	SUPERSEDED_BY_F57_REBASELINE	F57-24	db/migrations/platform_ops/V20261025092500__platform_ops_create_authority_service_fences.sql;db/migrations/platform_ops/V20261025092510__platform_ops_create_backup_sets_media_and_certification.sql;db/migrations/platform_ops/V20261025092520__platform_ops_create_security_incidents_and_recovery_cuts.sql	PLATFORM_OPS_RECOVERY_V1
20261023091800	db/migrations/platform_ops/V20261023091800__platform_ops_data_migration_batches.sql	SUPERSEDED_BY_F57_REBASELINE	F57-23	db/migrations/platform_file/V20261025091920__platform_file_extend_governed_lifecycle.sql;db/migrations/platform_flow/V20261025091900__platform_flow_create_approval_cases.sql	PLATFORM_OPS_IMPORT_EXPORT_V1
20261023091900	db/migrations/platform_ops/V20261023091900__platform_ops_data_migration_records.sql	SUPERSEDED_BY_F57_REBASELINE	F57-23	db/migrations/platform_file/V20261025091920__platform_file_extend_governed_lifecycle.sql;db/migrations/platform_flow/V20261025091900__platform_flow_create_approval_cases.sql	PLATFORM_OPS_IMPORT_EXPORT_V1
20261023092000	db/migrations/platform_ops/V20261023092000__platform_ops_data_migration_reconciliations.sql	SUPERSEDED_BY_F57_REBASELINE	F57-23	db/migrations/platform_file/V20261025091920__platform_file_extend_governed_lifecycle.sql;db/migrations/platform_flow/V20261025091900__platform_flow_create_approval_cases.sql	PLATFORM_OPS_IMPORT_EXPORT_V1
20261023092100	db/migrations/platform_ops/V20261023092100__platform_ops_data_migration_known_differences.sql	SUPERSEDED_BY_F57_REBASELINE	F57-23	db/migrations/platform_file/V20261025091920__platform_file_extend_governed_lifecycle.sql;db/migrations/platform_flow/V20261025091900__platform_flow_create_approval_cases.sql	PLATFORM_OPS_IMPORT_EXPORT_V1
20261023092200	db/migrations/platform_ops/V20261023092200__platform_ops_views.sql	SUPERSEDED_BY_F57_REBASELINE	F57-24	db/migrations/platform_ops/V20261025092500__platform_ops_create_authority_service_fences.sql;db/migrations/platform_ops/V20261025092510__platform_ops_create_backup_sets_media_and_certification.sql;db/migrations/platform_ops/V20261025092520__platform_ops_create_security_incidents_and_recovery_cuts.sql	PLATFORM_OPS_RECOVERY_V1
20261023092300	db/migrations/platform_ops/V20261023092300__platform_ops_grants_ops_ro.sql	SUPERSEDED_BY_F57_REBASELINE	F57-24	db/migrations/platform_ops/V20261025092500__platform_ops_create_authority_service_fences.sql;db/migrations/platform_ops/V20261025092510__platform_ops_create_backup_sets_media_and_certification.sql;db/migrations/platform_ops/V20261025092520__platform_ops_create_security_incidents_and_recovery_cuts.sql	PLATFORM_OPS_RECOVERY_V1
20261023092400	db/migrations/platform_core/V20261023092400__platform_core_backfill_stage14_unpoliced_table_registry.sql	SUPERSEDED_BY_F57_REBASELINE	F57-25	db/migrations/platform_core/V20261025092530__platform_core_backfill_f57_unpoliced_table_registry.sql	PLATFORM_CORE_REGISTRY_CLOSURE_V1
20261023092500	db/migrations/platform_ops/V20261023092500__platform_ops_harden_backup_evidence_graph.sql	SUPERSEDED_BY_F57_REBASELINE	F57-24	db/migrations/platform_ops/V20261025092500__platform_ops_create_authority_service_fences.sql;db/migrations/platform_ops/V20261025092510__platform_ops_create_backup_sets_media_and_certification.sql;db/migrations/platform_ops/V20261025092520__platform_ops_create_security_incidents_and_recovery_cuts.sql	PLATFORM_OPS_RECOVERY_V1
20261023092600	db/migrations/platform_ops/V20261023092600__platform_ops_harden_data_migration_evidence_graph.sql	SUPERSEDED_BY_F57_REBASELINE	F57-23	db/migrations/platform_file/V20261025091920__platform_file_extend_governed_lifecycle.sql;db/migrations/platform_flow/V20261025091900__platform_flow_create_approval_cases.sql	PLATFORM_OPS_IMPORT_EXPORT_V1
20261023092700	db/migrations/clm/V20261023092700__clm_harden_contract_economic_graph.sql	SUPERSEDED_BY_F57_REBASELINE	F57-03	db/migrations/clm/V20261025090900__clm_create_contracting.sql;db/migrations/clm/V20261025092240__clm_extend_release_breadth.sql	DOMAIN_CLM_V1
20261023092800	db/migrations/sales/V20261023092800__sales_harden_order_delivery_economic_graph.sql	SUPERSEDED_BY_F57_REBASELINE	F57-03	db/migrations/sales/V20261025091000__sales_create_standard_orders.sql;db/migrations/sales/V20261025092300__sales_extend_release_breadth.sql	DOMAIN_SALES_V1
