version	path	baseline_class	source_sha256	target_contract_id
20260901090000	db/migrations/platform_core/V20260901090000__platform_core_create_schema.sql	APPLY_IMMUTABLE_BASELINE	04a1696faaa9d2cc7cc6f95bac3db5f75bf6380fb2c5f796defe0dd378e12f63	IMMUTABLE_BYTES
20260901090500	db/migrations/platform_core/V20260901090500__platform_core_conventions.sql	APPLY_IMMUTABLE_BASELINE	8ad2e9af5030f00ed6ac6108d09e25f70ad0f6543c2fd2718e6dace218751d05	IMMUTABLE_BYTES
20260901091000	db/migrations/platform_core/V20260901091000__platform_core_legal_entities.sql	APPLY_IMMUTABLE_BASELINE	756e3c2175e20312ff55ba825decd68c771ba8701a96e3c21f33a3df441b1b4f	IMMUTABLE_BYTES
20260901091500	db/migrations/platform_core/V20260901091500__platform_core_key_domains.sql	REWRITE_THEN_APPLY	2ab89d0214e9ca9f927ccb36f7345a6095c14e7c64a84bf229d33e620c5a1ce4	KEY_DOMAINS_TARGET_V1
20260901092000	db/migrations/platform_core/V20260901092000__platform_core_data_keys.sql	REWRITE_THEN_APPLY	9c8c5d4a376a1825e83470efed3a64390ab13bad10537a61a514739acca64638	DATA_KEYS_DUAL_RECIPIENT_TARGET_V1
20260901092500	db/migrations/platform_core/V20260901092500__platform_core_sensitive_field_registry.sql	APPLY_IMMUTABLE_BASELINE	83e2a51da0655014d1cc7a49d80ce25c09b5728a129a9ec85c10350991e1a898	IMMUTABLE_BYTES
20260901093000	db/migrations/platform_core/V20260901093000__platform_core_append_only_registry.sql	APPLY_IMMUTABLE_BASELINE	4062da6ac223527d8f5583dd77af5bc6ac9c2c92d8c971a0a9312498bb752d0b	IMMUTABLE_BYTES
20260901093500	db/migrations/platform_core/V20260901093500__platform_core_migration_windows.sql	APPLY_IMMUTABLE_BASELINE	43081c3bc6d42ec3acf93ccca484b4546aca3e7b7233cf0d3f911e7d1fcc8078	IMMUTABLE_BYTES
20260901094000	db/migrations/platform_core/V20260901094000__platform_core_enterprise_groups.sql	APPLY_IMMUTABLE_BASELINE	ba4c9424cfee6443753ae463389ceccc209d25ac06195858d468dbd365c67435	IMMUTABLE_BYTES
20260901094500	db/migrations/platform_core/V20260901094500__platform_core_organizations.sql	APPLY_IMMUTABLE_BASELINE	36af577c3acc1f5d17043c9e3f44e8c8761deb7cc56a91a5af6e9e636ee92210	IMMUTABLE_BYTES
20260901095000	db/migrations/platform_core/V20260901095000__platform_core_departments.sql	APPLY_IMMUTABLE_BASELINE	fd4a7c749a73490435f0e7bfa10f5b090270e0d5dc9526d6b9b02918fe5ba92d	IMMUTABLE_BYTES
20260901095500	db/migrations/platform_core/V20260901095500__platform_core_positions.sql	APPLY_IMMUTABLE_BASELINE	9d4c6f8b2cb04ba94159c6f34bb76df310f1a6d0bc9a2c816d7bba6651e74027	IMMUTABLE_BYTES
20260901100000	db/migrations/platform_core/V20260901100000__platform_core_department_closures.sql	APPLY_IMMUTABLE_BASELINE	0a4171988514d56e060936da1f9631a18042ff451cc75ebdd08e862edc9864f0	IMMUTABLE_BYTES
20260901100200	db/migrations/platform_core/V20260901100200__platform_core_unpoliced_table_registry.sql	APPLY_IMMUTABLE_BASELINE	75d893f32ebaf3c70f54397dc8423fc9eb231b2a3edf49769429d15afa7f6c74	IMMUTABLE_BYTES
20260901100500	db/migrations/platform_core/V20260901100500__platform_core_grants.sql	APPLY_IMMUTABLE_BASELINE	593089f847c6b0db60d7cbddc9f61886ca0ed343f5fa8d77c815daa1ef47298e	IMMUTABLE_BYTES
20260901101000	db/migrations/platform_authz/V20260901101000__platform_authz_create_schema.sql	APPLY_IMMUTABLE_BASELINE	77be3e06ae3f1bf4e50f41160f14eb3168e753ad7e2f298566c360192adb627b	IMMUTABLE_BYTES
20260901101500	db/migrations/platform_meta/V20260901101500__platform_meta_create_schema.sql	APPLY_IMMUTABLE_BASELINE	8568d48389e66710f31c4ac95d2d495569b3596bf70681738ccdc5f9e8cf36e8	IMMUTABLE_BYTES
20260901102000	db/migrations/platform_flow/V20260901102000__platform_flow_create_schema.sql	APPLY_IMMUTABLE_BASELINE	3c5f68e71d3307beffa5a408c4e89bd6143628e111c39fc6d92147e3ad80f27e	IMMUTABLE_BYTES
20260901102500	db/migrations/platform_audit/V20260901102500__platform_audit_create_schema.sql	APPLY_IMMUTABLE_BASELINE	c59c2c39e688406093e53fa488b29daa4a002ecc21bb65abaff461dedcaee73b	IMMUTABLE_BYTES
20260901103000	db/migrations/platform_msg/V20260901103000__platform_msg_create_schema.sql	APPLY_IMMUTABLE_BASELINE	fddaaad15e5a803582aa9f9040f056928aa4997d8d804375625dd792cabd0b1f	IMMUTABLE_BYTES
20260901103500	db/migrations/platform_file/V20260901103500__platform_file_create_schema.sql	APPLY_IMMUTABLE_BASELINE	e2116e74fa8b396b6f5041d260bf5ea80695e994fab31348f0db6f8bcd7f1f14	IMMUTABLE_BYTES
20260901104000	db/migrations/platform_ops/V20260901104000__platform_ops_create_schema.sql	APPLY_IMMUTABLE_BASELINE	2a77ee1554ae704bbad3e98dd854f6c9de3c963027aac5a0d032002986b0ece9	IMMUTABLE_BYTES
20260901104500	db/migrations/platform_ops/V20260901104500__platform_ops_create_degradation_windows.sql	APPLY_IMMUTABLE_BASELINE	06d6f9d8851f89a32d023700a5e7f927b3c4d3bd272204e7e4535927fed77924	IMMUTABLE_BYTES
20260901105000	db/migrations/ext/V20260901105000__ext_create_schema.sql	APPLY_IMMUTABLE_BASELINE	9640940e72bc78fa33f02bfc82e27ae450d61c547246c0f34fd35285a33bea99	IMMUTABLE_BYTES
20260901110000	db/migrations/mdm/V20260901110000__mdm_create_schema.sql	APPLY_IMMUTABLE_BASELINE	4c74ee23602ea200ae206790c87e1f67edb0c7a4014867a3ea075fd853957904	IMMUTABLE_BYTES
20260901110500	db/migrations/crm/V20260901110500__crm_create_schema.sql	APPLY_IMMUTABLE_BASELINE	2ecc8c39b4feec2fa0289790f4016847264338da8d70a4364b11700831513a24	IMMUTABLE_BYTES
20260901111000	db/migrations/cpq/V20260901111000__cpq_create_schema.sql	APPLY_IMMUTABLE_BASELINE	50eb264a7c8ed0f18d20f0bfa38a3be56285275156f3957ddd6e774c127b5475	IMMUTABLE_BYTES
20260901111500	db/migrations/clm/V20260901111500__clm_create_schema.sql	APPLY_IMMUTABLE_BASELINE	b7afa0aee519bb3e989d31b4df38c6a6189b6925a642b9ca97328e0068a0ec37	IMMUTABLE_BYTES
20260901112000	db/migrations/sales/V20260901112000__sales_create_schema.sql	APPLY_IMMUTABLE_BASELINE	0fa8c40d35dcfb821a2910db7654e145e1592da385b23782467385818b40fc8b	IMMUTABLE_BYTES
20260901112500	db/migrations/procure/V20260901112500__procure_create_schema.sql	APPLY_IMMUTABLE_BASELINE	6ee8ba576a8a416fab216a46ab6277915b212c0ff4a4c6a97c608131ef0cc4a5	IMMUTABLE_BYTES
20260901113000	db/migrations/inventory/V20260901113000__inventory_create_schema.sql	APPLY_IMMUTABLE_BASELINE	0b1ac10f9b8837c3be375574227fbe4d7afaecb8fbd0ffc2cde0a3c323dc05a5	IMMUTABLE_BYTES
20260901113500	db/migrations/costing/V20260901113500__costing_create_schema.sql	APPLY_IMMUTABLE_BASELINE	958f629bfedf509472a6177e4c2a9c42d200091ba8c3f08969ca9b1e672c7c0f	IMMUTABLE_BYTES
20260901114000	db/migrations/project/V20260901114000__project_create_schema.sql	APPLY_IMMUTABLE_BASELINE	79d570ed2181c3567e914008059cc72a6453e1a9fd2d510eadb0f5e6c2f1168d	IMMUTABLE_BYTES
20260901114500	db/migrations/service/V20260901114500__service_create_schema.sql	APPLY_IMMUTABLE_BASELINE	b6afdd59d1097d837f30739cd3939d911b2c946e6097c0f827ff2cbdcb08211e	IMMUTABLE_BYTES
20260901115000	db/migrations/finance/V20260901115000__finance_create_schema.sql	APPLY_IMMUTABLE_BASELINE	3628a6cce1332371489bfa83203137f096888f8672481cc05e6d88354828b688	IMMUTABLE_BYTES
20260901115500	db/migrations/ledger/V20260901115500__ledger_create_schema.sql	APPLY_IMMUTABLE_BASELINE	1ab8496a1e8c368a80451964a2494599596192f319770eccf18f88d67b03204f	IMMUTABLE_BYTES
20260901120000	db/migrations/invoice/V20260901120000__invoice_create_schema.sql	APPLY_IMMUTABLE_BASELINE	71f32ba4747df444d09604106abb4a1b00c4b20b28a6328e713829cc4a0b957e	IMMUTABLE_BYTES
20260901120500	db/migrations/portal/V20260901120500__portal_create_schema.sql	APPLY_IMMUTABLE_BASELINE	aba92acd524570f2d3d63dd177eb8da3a3457ba4a060c451de198318880a5877	IMMUTABLE_BYTES
20260901121000	db/migrations/reporting/V20260901121000__reporting_create_schema.sql	APPLY_IMMUTABLE_BASELINE	a8f078c43f24261959551729c01bafb0ba00701f552745c1672e04343641578a	IMMUTABLE_BYTES
20260915090000	db/migrations/platform_msg/V20260915090000__platform_msg_create_idempotency_keys.sql	APPLY_IMMUTABLE_BASELINE	d2ed6f6f1d7d22a5178f52eb945b6ad23a7c7c73ef28f4ab535bcb06c9304b43	IMMUTABLE_BYTES
20261012090000	db/migrations/platform_core/V20261012090000__platform_core_identity_user_accounts.sql	APPLY_IMMUTABLE_BASELINE	f567c5a860ec9c05b4b04dc02ba04f17caddff61ab25db93999cadb18c814441	IMMUTABLE_BYTES
20261012090500	db/migrations/platform_core/V20261012090500__platform_core_identity_user_credentials.sql	REWRITE_THEN_APPLY	3d98dab69e79b103c788cbf91cd2230d5a5ecb1dfbe90d69920684f5dc314fbd	IDENTITY_CREDENTIAL_SECRET_TARGET_V1
20261012091000	db/migrations/platform_core/V20261012091000__platform_core_identity_user_password_history.sql	APPLY_IMMUTABLE_BASELINE	998ed9d4b83a1f58aaa4e44b7f2500102c4d44c024b533bd3ab872dbca23a32a	IMMUTABLE_BYTES
20261012091500	db/migrations/platform_core/V20261012091500__platform_core_identity_user_devices.sql	APPLY_IMMUTABLE_BASELINE	589a736ab6500b395bddc9cc8958a6104431069c7cc1dc90180e006a8ad6c940	IMMUTABLE_BYTES
20261012092000	db/migrations/platform_core/V20261012092000__platform_core_identity_sessions.sql	APPLY_IMMUTABLE_BASELINE	8a61e85d0b18bb23c4351a78ee7fe9c15fd5cd3cb64195c58d3e62469b958cef	IMMUTABLE_BYTES
20261012092500	db/migrations/platform_core/V20261012092500__platform_core_identity_reauth_challenges.sql	APPLY_IMMUTABLE_BASELINE	117c5fd0c0878bebcda26ee922c2ce5844e72700c38cec233102b4146a386db6	IMMUTABLE_BYTES
20261012093000	db/migrations/platform_core/V20261012093000__platform_core_identity_login_attempts.sql	APPLY_IMMUTABLE_BASELINE	a125f42ca3573daba464b84d5a521f01a28fc007531cc6c54140696b0b666580	IMMUTABLE_BYTES
20261012093500	db/migrations/platform_core/V20261012093500__platform_core_identity_account_lockouts.sql	APPLY_IMMUTABLE_BASELINE	6b25253500af6603df72babb072ca99716029152f8945ba1473e9c75822ece68	IMMUTABLE_BYTES
20261012094000	db/migrations/platform_core/V20261012094000__platform_core_identity_breakglass_activations.sql	APPLY_IMMUTABLE_BASELINE	e2cae9713d4bb6092bbc31fd1fa8d735e716e402b1f5c0684a8122c10c90426c	IMMUTABLE_BYTES
20261012094500	db/migrations/platform_core/V20261012094500__platform_core_backfill_system_principal_account.sql	APPLY_IMMUTABLE_BASELINE	ee3daa49a446c714e09b89e12c6b9d27658b7e254fd0e9cc29db0223fd321ef6	IMMUTABLE_BYTES
20261012100000	db/migrations/platform_authz/V20261012100000__platform_authz_permission_items.sql	APPLY_IMMUTABLE_BASELINE	d3c8a83169b50799b542f99b2b2f803b2149f10b1f703ac1d1435356f801485b	IMMUTABLE_BYTES
20261012100500	db/migrations/platform_authz/V20261012100500__platform_authz_object_scope_bindings.sql	APPLY_IMMUTABLE_BASELINE	fb29dbb378c6ffc47e63943a87e98bc66dd399c9e853b0ce007d6772252a72a3	IMMUTABLE_BYTES
20261012101000	db/migrations/platform_authz/V20261012101000__platform_authz_roles.sql	APPLY_IMMUTABLE_BASELINE	20d17b0d02747c5996b013de2dd4eb0f1a32cc741358f2bd61bb8124d5dbecc8	IMMUTABLE_BYTES
20261012101500	db/migrations/platform_authz/V20261012101500__platform_authz_role_permission_grants.sql	APPLY_IMMUTABLE_BASELINE	2700cc168880fcab45c6bf4f5cc108cfac2ef76ceb3894c407d119766a8252c4	IMMUTABLE_BYTES
20261012102000	db/migrations/platform_authz/V20261012102000__platform_authz_access_policies.sql	APPLY_IMMUTABLE_BASELINE	5c8d1fbd1fbf12b627d84abd7036a2d57d85a9317f2f12857fb24c30c7b015a3	IMMUTABLE_BYTES
20261012102500	db/migrations/platform_authz/V20261012102500__platform_authz_field_permissions.sql	APPLY_IMMUTABLE_BASELINE	23ae07b22473331fced248bc3045c022105e868e1ea99f70d535fc9961840d15	IMMUTABLE_BYTES
20261012103500	db/migrations/platform_authz/V20261012103500__platform_authz_user_legal_entity_grants.sql	APPLY_IMMUTABLE_BASELINE	a91e78161d79090d3cbcb232f75cc9c4e14aae9cd96ae9f3e6f8de94e16586b7	IMMUTABLE_BYTES
20261012104000	db/migrations/platform_authz/V20261012104000__platform_authz_user_role_grants.sql	APPLY_IMMUTABLE_BASELINE	eceba5dd3dffae31ce7c8ba0cfb120cb2c10bbe4ecb506a7236cb2fc72a4898a	IMMUTABLE_BYTES
20261012104500	db/migrations/platform_authz/V20261012104500__platform_authz_user_org_assignments.sql	APPLY_IMMUTABLE_BASELINE	6ec8b984b53b759d7cdc25020da6a0fa1589e4ff7651755e53c49a136182f086	IMMUTABLE_BYTES
20261012105000	db/migrations/platform_authz/V20261012105000__platform_authz_user_scope_grants.sql	APPLY_IMMUTABLE_BASELINE	e6560ec4d6d2115b1738841ad66a623f6b619c2eabc1bb215a913649b6d4c37d	IMMUTABLE_BYTES
20261012105500	db/migrations/platform_authz/V20261012105500__platform_authz_sod_rules.sql	APPLY_IMMUTABLE_BASELINE	41f99fa9324ded46a460abddc66b06d7c8b257c7eedc71f7ce5b6cf23ca33af7	IMMUTABLE_BYTES
20261012110000	db/migrations/platform_authz/V20261012110000__platform_authz_approval_chains.sql	APPLY_IMMUTABLE_BASELINE	107fe1d944e9dee2febdc1a356f76150cc73b44da36a40ee20f796d00903929a	IMMUTABLE_BYTES
20261012110500	db/migrations/platform_authz/V20261012110500__platform_authz_approval_chain_nodes.sql	APPLY_IMMUTABLE_BASELINE	99fa8dfd0193d5cdf42b2d9276383a8959f7c1191e8156bb52b57ee15c7e002b	IMMUTABLE_BYTES
20261012111000	db/migrations/platform_authz/V20261012111000__platform_authz_high_risk_requests.sql	APPLY_IMMUTABLE_BASELINE	5cbd3c139e5041873a0c7509b3b5419a925f076c9006f638ca4bd85a82ebe1b8	IMMUTABLE_BYTES
20261012111500	db/migrations/platform_authz/V20261012111500__platform_authz_authz_config_versions.sql	APPLY_IMMUTABLE_BASELINE	2dec81e43ed890385eadbe451220b9064c942201a9dff9ada6a07b29f3040430	IMMUTABLE_BYTES
20261012112000	db/migrations/platform_authz/V20261012112000__platform_authz_backfill_permission_item_seed.sql	APPLY_IMMUTABLE_BASELINE	d676125bab2d2ed8bbbba704350c4256da118623bdbfe9ac625b5f3ce239434d	IMMUTABLE_BYTES
20261012112500	db/migrations/platform_authz/V20261012112500__platform_authz_backfill_admin_duty_roles.sql	APPLY_IMMUTABLE_BASELINE	6d2800f6a4593997abaafe3c146aab4343ca8b2d3f5ac449faf1504772bb59d8	IMMUTABLE_BYTES
20261012113000	db/migrations/platform_authz/V20261012113000__platform_authz_backfill_default_sod_rules.sql	APPLY_IMMUTABLE_BASELINE	43468a4fc6fc4d0dbe3283a2cd7dcd0c4a466c9679e24279a4c9fd05147c8179	IMMUTABLE_BYTES
20261012113500	db/migrations/platform_core/V20261012113500__platform_core_backfill_unpoliced_table_registry.sql	APPLY_IMMUTABLE_BASELINE	f3e5d9a546ab07772c387977da549c449fc393609ef4c2a14dfdcfc2bd271c20	IMMUTABLE_BYTES
20261024090000	db/migrations/platform_ops/V20261024090000__platform_ops_create_ai_model_packages.sql	ABSENT_DEFERRED_WITH_INTERFACE	-	LOCAL_AI_DEFERRED
20261024090100	db/migrations/platform_meta/V20261024090100__platform_meta_create_mcp_connectors.sql	ABSENT_SUPERSEDED_BY_F57	-	PROVIDER_MCP_F57
20261024090200	db/migrations/platform_meta/V20261024090200__platform_meta_create_mcp_manifest_versions.sql	ABSENT_SUPERSEDED_BY_F57	-	PROVIDER_MCP_F57
20261024090300	db/migrations/platform_authz/V20261024090300__platform_authz_create_mcp_human_grants.sql	ABSENT_SUPERSEDED_BY_F57	-	DYNAMIC_GRANT_F57
20261024090400	db/migrations/platform_meta/V20261024090400__platform_meta_add_server_admin_capability_rows.sql	ABSENT_SUPERSEDED_BY_F57	-	CONTROL_CENTER_F57
20261024090500	db/migrations/platform_core/V20261024090500__platform_core_add_server_admin_client_kind.sql	ABSENT_SUPERSEDED_BY_F57	-	CONTROL_CENTER_F57
20261024090600	db/migrations/platform_audit/V20261024090600__platform_audit_add_server_admin_and_mcp_clients.sql	ABSENT_SUPERSEDED_BY_F57	-	CONTROL_MCP_ORIGIN_F57
20261024090700	db/migrations/platform_ops/V20261024090700__platform_ops_add_deployment_carrier.sql	ABSENT_SUPERSEDED_BY_F57	-	SIGNED_TOPOLOGY_F57
20261024090800	db/migrations/platform_core/V20261024090800__platform_core_backfill_f55_unpoliced_table_registry.sql	ABSENT_DEFERRED_WITH_INTERFACE	-	LOCAL_AI_DEFERRED
