requirement_id	first_due_profile	slice_probe_profiles_json	rationale
MDM-001	G5_INTEGRATION	[]	full_org_user_device_idp_lifecycle_is_not_ctc01
MDM-002	G5_INTEGRATION	["G2_CTC_DATA","G4_CTC01"]	ctc01_probes_customer_only_not_full_master_set
MDM-003	G5_INTEGRATION	["G2_CTC_DATA","G4_CTC01"]	ctc01_probes_customer_lifecycle_not_all_master_types
MDM-004	G5_INTEGRATION	[]	duplicate_merge_and_rollback_are_release_breadth
MDM-005	G5_INTEGRATION	["G2_CTC_DATA","G4_CTC01"]	ctc01_probes_contract_order_snapshot_only
CRM-001	G5_INTEGRATION	[]	crm_cross_domain_projection_is_not_in_ctc01
CRM-002	G5_INTEGRATION	[]	full_customer_360_is_not_in_ctc01
CRM-003	G5_INTEGRATION	[]	opportunity_state_machine_is_not_in_ctc01
CRM-004	G5_INTEGRATION	[]	crm_merge_complaint_projection_is_not_in_ctc01
CPQ-001	G5_INTEGRATION	[]	quote_lifecycle_is_not_in_contract_source_ctc01
CLM-001	G4_CTC01	["G2_CTC_DATA"]	ctc01_fully_proves_key_terms_payment_schedule_and_attachment
CLM-002	G5_INTEGRATION	["G2_CTC_DATA","G4_CTC01"]	ctc01_probes_version_and_signature_not_full_template_clause_comment_scope
CLM-003	G5_INTEGRATION	["G2_CTC_DATA","G4_CTC01"]	ctc01_probes_approval_sod_not_full_cosign_scope
CLM-004	G5_INTEGRATION	["G2_CTC_DATA","G4_CTC01"]	ctc01_omits_project_and_full_responsibility_fanout
CLM-005	G5_INTEGRATION	[]	contract_change_impact_is_release_breadth
CLM-006	G5_INTEGRATION	[]	reminder_renewal_expiry_merge_are_release_breadth
CLM-007	G5_INTEGRATION	[]	termination_impact_closure_is_release_breadth
SAL-001	G5_INTEGRATION	["G2_CTC_DATA","G4_CTC01"]	ctc01_proves_contract_source_only_not_three_source_exact_set
SAL-002	G4_CTC01	["G2_CTC_DATA"]	ctc01_fully_proves_standard_order_commercial_fields
SAL-003	G5_INTEGRATION	["G2_CTC_DATA","G4_CTC01"]	ctc01_probes_contract_checks_not_full_price_inventory_delivery_credit_matrix
SAL-004	G5_INTEGRATION	[]	change_split_merge_cancel_are_release_breadth
PROC-001	G5_INTEGRATION	["G2_CTC_DATA","G4_CTC01"]	ctc01_proves_sales_order_source_only_not_six_source_matrix
PROC-002	G5_INTEGRATION	["G2_CTC_DATA","G4_CTC01"]	ctc01_probes_single_source_trace_not_full_merge_split
PROC-004	G5_INTEGRATION	["G2_CTC_DATA","G4_CTC01"]	ctc01_probes_po_issue_not_full_batch_and_supplier_confirmation
PROC-005	G5_INTEGRATION	["G2_CTC_DATA","G4_CTC01"]	ctc01_probes_normal_receipt_not_over_short_reject_matrix
INV-001	G5_INTEGRATION	["G2_CTC_DATA","G4_CTC01"]	ctc01_probes_same_entity_rows_before_full_inventory_scope
INV-004	G5_INTEGRATION	["G2_CTC_DATA","G4_CTC01"]	ctc01_probes_receipt_delivery_not_all_five_event_classes
INV-005	G5_INTEGRATION	["G2_CTC_DATA","G4_CTC01"]	ctc01_probes_idempotent_movement_not_full_negative_stock_matrix
FIN-002	G5_INTEGRATION	["G2_CTC_DATA","G4_CTC01"]	ctc01_probes_sales_invoice_issue_not_full_request_approval
FIN-003	G5_INTEGRATION	["G2_CTC_DATA","G4_CTC01"]	ctc01_probes_sales_invoice_subset_not_purchase_invoice_scope
FIN-005	G5_INTEGRATION	["G2_CTC_DATA","G4_CTC01"]	ctc01_probes_receipt_allocation_not_full_receipt_payment_many_to_many
FIN-008	G5_INTEGRATION	["G2_CTC_DATA","G4_CTC01"]	ctc01_probes_receivable_balance_not_payable_and_aging
FIN-009	G5_INTEGRATION	["G2_CTC_DATA","G4_CTC01"]	ctc01_probes_po_effect_unknown_before_full_external_matrix
AUT-001	G1_AUTHORITY_SPINE	["G2_CTC_DATA","G4_CTC01"]	g1_proves_registry_engine_then_ctc01_proves_real_handlers
AUT-002	G1_AUTHORITY_SPINE	["G4_CTC01"]	g1_proves_engine_faults_then_ctc01_proves_real_restart
AUT-005	G1_AUTHORITY_SPINE	["G4_CTC01"]	g1_proves_reopen_mechanism_then_ctc01_proves_cash_reversal_cycle
AUT-007	G1_AUTHORITY_SPINE	["G4_CTC01"]	g1_proves_decision_contract_then_ctc01_proves_real_unknown_reconcile
AUTH-001	G1_AUTHORITY_SPINE	["G2_CTC_DATA","G4_CTC01"]	g1_proves_policy_then_ctc01_proves_real_business_scope
AUTH-004	G1_AUTHORITY_SPINE	["G2_CTC_DATA","G4_CTC01"]	g1_proves_sod_then_ctc01_proves_contract_and_closure_review
AUTH-005	G1_AUTHORITY_SPINE	["G2_CTC_DATA","G4_CTC01"]	g1_proves_rls_projection_then_ctc01_proves_real_rows
CLI-001	G5_INTEGRATION	["G3_CLIENT_SHELL","G4_CTC01"]	windows_slice_precedes_full_cross_module_four_platform_workbench
CLI-009	G5_INTEGRATION	["G3_CLIENT_SHELL","G4_CTC01"]	windows_employee_api_probe_precedes_four_platform_contract
INT-001	G5_INTEGRATION	["G4_CTC01"]	ctc01_uses_minimum_carriers_not_full_adapter_registry
INT-002	G5_INTEGRATION	["G4_CTC01"]	ctc01_probes_file_excel_csv_rest_mcp_not_full_document_set
MCP-001	G5_INTEGRATION	["G4_CTC01"]	ctc01_read_only_probe_precedes_full_mcp_protocol
MCP-002	G5_INTEGRATION	["G4_CTC01"]	ctc01_read_only_probe_precedes_dynamic_tool_manifest
MCP-003	G5_INTEGRATION	["G4_CTC01"]	ctc01_probes_containment_not_full_unknown_and_revocation_matrix
OPS-001	G6_RELEASE	["G3_CLIENT_SHELL","G5_INTEGRATION"]	minimum_control_health_precedes_full_backup_package_recovery_certificate_and_permanent_degradation_truth
SEC-002	G6_RELEASE	["G1_AUTHORITY_SPINE","G5_INTEGRATION"]	logical_key_domains_precede_real_volume_backup_rotation_and_recovery_evidence
SEC-006	G5_INTEGRATION	["G3_CLIENT_SHELL"]	g3_truthfully_displays_remote_support_disabled_before_full_lifecycle
SEC-009	G6_RELEASE	["G1_AUTHORITY_SPINE"]	customer_key_control_contract_precedes_real_tpm_hsm_withdrawal_rotation_and_recovery
SEC-010	G6_RELEASE	["G1_AUTHORITY_SPINE","G4_CTC01","G5_INTEGRATION"]	audit_engine_and_domain_probes_precede_full_ai_provider_import_key_backup_and_recovery_field_coverage
SEC-012	G6_RELEASE	["G1_AUTHORITY_SPINE"]	logical_protector_boundaries_precede_real_bitlocker_tpm_pcr_ntfs_power_loss_and_dual_custody_evidence
SEC-014	G6_RELEASE	["G1_AUTHORITY_SPINE"]	secret_broker_contract_precedes_real_piv_shamir_clean_cross_machine_recovery
SEC-015	G5_INTEGRATION	["G3_CLIENT_SHELL","G4_CTC01"]	windows_online_dlp_probe_precedes_full_four_platform_offline_matrix
NFR-002	G6_RELEASE	["G0_BOOTSTRAP","G1_AUTHORITY_SPINE"]	signed_storage_contract_and_path_probes_precede_final_handle_hdd_residency_tpm_rollback_and_power_fault_evidence
NFR-015	G6_RELEASE	["G0_BOOTSTRAP"]	boot_contract_precedes_real_cold_boot_pcr_tpm_os_disk_damage_and_stolen_recovery_key_drills
