surface	variant_kind	wire_literal	owner_task	introduced_version	payload_schema	result_schema	error_schema	subject_cas_mode	audience	operation_error_code
CONTROL	COMMAND	automation.effect.decide	F57-16	1.0.0-f57	ControlHumanEffectDecisionRequestV1	AutomationEffectChangedV1	ControlAutomationEffectDecideErrorsV1	CONTROL_PAYLOAD_CAS	CONTROL_CENTER	NONE
CONTROL	COMMAND	capability.grant.create	F57-16	1.0.0-f57	CapabilityGrantCreateRequestV1	CapabilityGrantChangedV1	ControlCapabilityGrantCreateErrorsV1	CONTROL_CREATE_NO_CAS	CONTROL_CENTER	NONE
CONTROL	COMMAND	capability.grant.revoke	F57-16	1.0.0-f57	CapabilityGrantRevokeRequestV1	CapabilityGrantChangedV1	ControlCapabilityGrantRevokeErrorsV1	CONTROL_PAYLOAD_CAS	CONTROL_CENTER	NONE
CONTROL	COMMAND	generation.activate	F57-16	1.0.0-f57	GenerationActivateRequestV1	GenerationChangedV1	ControlGenerationActivateErrorsV1	CONTROL_PAYLOAD_CAS	CONTROL_CENTER	NONE
CONTROL	COMMAND	generation.approve	F57-16	1.0.0-f57	GenerationApprovalRequestV1	GenerationChangedV1	ControlGenerationApproveErrorsV1	CONTROL_PAYLOAD_CAS	CONTROL_CENTER	NONE
CONTROL	COMMAND	generation.create	F57-16	1.0.0-f57	GenerationCreateRequestV1	GenerationChangedV1	ControlGenerationCreateErrorsV1	CONTROL_CREATE_NO_CAS	CONTROL_CENTER	NONE
CONTROL	COMMAND	generation.rollback	F57-16	1.0.0-f57	GenerationRollbackRequestV1	GenerationChangedV1	ControlGenerationRollbackErrorsV1	CONTROL_PAYLOAD_CAS	CONTROL_CENTER	NONE
CONTROL	COMMAND	generation.submit	F57-16	1.0.0-f57	GenerationSubmitRequestV1	GenerationChangedV1	ControlGenerationSubmitErrorsV1	CONTROL_PAYLOAD_CAS	CONTROL_CENTER	NONE
CONTROL	COMMAND	objective.reopen	F57-16	1.0.0-f57	ControlObjectiveReopenRequestV1	ObjectiveChangedV1	ControlObjectiveReopenErrorsV1	CONTROL_PAYLOAD_CAS	CONTROL_CENTER	NONE
CONTROL	COMMAND	objective.terminate	F57-16	1.0.0-f57	ControlObjectiveTerminationRequestV1	ObjectiveChangedV1	ControlObjectiveTerminateErrorsV1	CONTROL_PAYLOAD_CAS	CONTROL_CENTER	NONE
CONTROL	COMMAND	package.disable	F57-16	1.0.0-f57	PackageTransitionRequestV1	PackageChangedV1	ControlPackageDisableErrorsV1	CONTROL_PAYLOAD_CAS	CONTROL_CENTER	NONE
CONTROL	COMMAND	package.enable	F57-16	1.0.0-f57	PackageTransitionRequestV1	PackageChangedV1	ControlPackageEnableErrorsV1	CONTROL_PAYLOAD_CAS	CONTROL_CENTER	NONE
CONTROL	COMMAND	package.install	F57-16	1.0.0-f57	PackageInstallRequestV1	PackageChangedV1	ControlPackageInstallErrorsV1	CONTROL_CREATE_NO_CAS	CONTROL_CENTER	NONE
CONTROL	COMMAND	package.rollback_version	F57-16	1.0.0-f57	PackageRollbackRequestV1	PackageChangedV1	ControlPackageRollbackVersionErrorsV1	CONTROL_PAYLOAD_CAS	CONTROL_CENTER	NONE
CONTROL	COMMAND	package.upgrade	F57-16	1.0.0-f57	PackageUpgradeRequestV1	PackageChangedV1	ControlPackageUpgradeErrorsV1	CONTROL_PAYLOAD_CAS	CONTROL_CENTER	NONE
CONTROL	COMMAND	support_session.activate	F57-16	1.0.0-f57	SupportSessionTransitionRequestV1	SupportSessionChangedV1	ControlSupportSessionActivateErrorsV1	CONTROL_PAYLOAD_CAS	CONTROL_CENTER	NONE
CONTROL	COMMAND	support_session.approve	F57-16	1.0.0-f57	SupportSessionTransitionRequestV1	SupportSessionChangedV1	ControlSupportSessionApproveErrorsV1	CONTROL_PAYLOAD_CAS	CONTROL_CENTER	NONE
CONTROL	COMMAND	support_session.close	F57-16	1.0.0-f57	SupportSessionCloseRequestV1	SupportSessionChangedV1	ControlSupportSessionCloseErrorsV1	CONTROL_PAYLOAD_CAS	CONTROL_CENTER	NONE
CONTROL	COMMAND	support_session.create	F57-16	1.0.0-f57	SupportSessionCreateRequestV1	SupportSessionChangedV1	ControlSupportSessionCreateErrorsV1	CONTROL_CREATE_NO_CAS	CONTROL_CENTER	NONE
CONTROL	COMMAND	support_session.revoke	F57-16	1.0.0-f57	SupportSessionTransitionRequestV1	SupportSessionChangedV1	ControlSupportSessionRevokeErrorsV1	CONTROL_PAYLOAD_CAS	CONTROL_CENTER	NONE
CONTROL	QUERY	automation.effect.get	F57-16	1.0.0-f57	ControlObjectIdQueryV1	AutomationEffectViewV1	ControlAutomationEffectGetErrorsV1	QUERY_NONE	CONTROL_CENTER	NONE
CONTROL	QUERY	automation.effect.list	F57-16	1.0.0-f57	AutomationEffectListQueryV1	AutomationEffectPageV1	ControlAutomationEffectListErrorsV1	QUERY_NONE	CONTROL_CENTER	NONE
CONTROL	QUERY	capability.grant.get	F57-16	1.0.0-f57	ControlObjectIdQueryV1	CapabilityGrantViewV1	ControlCapabilityGrantGetErrorsV1	QUERY_NONE	CONTROL_CENTER	NONE
CONTROL	QUERY	capability.grant.list	F57-16	1.0.0-f57	CapabilityGrantListQueryV1	CapabilityGrantPageV1	ControlCapabilityGrantListErrorsV1	QUERY_NONE	CONTROL_CENTER	NONE
CONTROL	QUERY	generation.diff	F57-16	1.0.0-f57	GenerationDiffQueryV1	GenerationDiffViewV1	ControlGenerationDiffErrorsV1	QUERY_NONE	CONTROL_CENTER	NONE
CONTROL	QUERY	generation.get	F57-16	1.0.0-f57	ControlObjectIdQueryV1	GenerationViewV1	ControlGenerationGetErrorsV1	QUERY_NONE	CONTROL_CENTER	NONE
CONTROL	QUERY	generation.list	F57-16	1.0.0-f57	ControlListQueryV1	GenerationPageV1	ControlGenerationListErrorsV1	QUERY_NONE	CONTROL_CENTER	NONE
CONTROL	QUERY	objective.get	F57-16	1.0.0-f57	ControlObjectIdQueryV1	ControlObjectiveViewV1	ControlObjectiveGetErrorsV1	QUERY_NONE	CONTROL_CENTER	NONE
CONTROL	QUERY	objective.list	F57-16	1.0.0-f57	ControlObjectiveListQueryV1	ControlObjectivePageV1	ControlObjectiveListErrorsV1	QUERY_NONE	CONTROL_CENTER	NONE
CONTROL	QUERY	package.get	F57-16	1.0.0-f57	ControlObjectIdQueryV1	PackageViewV1	ControlPackageGetErrorsV1	QUERY_NONE	CONTROL_CENTER	NONE
CONTROL	QUERY	package.list	F57-16	1.0.0-f57	ControlListQueryV1	PackagePageV1	ControlPackageListErrorsV1	QUERY_NONE	CONTROL_CENTER	NONE
CONTROL	QUERY	permission.simulate	F57-16	1.0.0-f57	PermissionSimulationRequestV1	PermissionSimulationViewV1	ControlPermissionSimulateErrorsV1	QUERY_NONE	CONTROL_CENTER	NONE
CONTROL	QUERY	production_evidence.get	F57-16	1.0.0-f57	ProductionEvidenceQueryV1	ProductionEvidenceViewV1	ControlProductionEvidenceGetErrorsV1	QUERY_NONE	CONTROL_CENTER	NONE
CONTROL	QUERY	production_evidence.list	F57-16	1.0.0-f57	ProductionEvidenceListQueryV1	ProductionEvidencePageV1	ControlProductionEvidenceListErrorsV1	QUERY_NONE	CONTROL_CENTER	NONE
CONTROL	QUERY	storage_health.get	F57-16	1.0.0-f57	StorageHealthQueryV1	StorageHealthViewV1	ControlStorageHealthGetErrorsV1	QUERY_NONE	CONTROL_CENTER	NONE
CONTROL	QUERY	support_session.get	F57-16	1.0.0-f57	ControlObjectIdQueryV1	SupportSessionViewV1	ControlSupportSessionGetErrorsV1	QUERY_NONE	CONTROL_CENTER	NONE
CONTROL	QUERY	support_session.list	F57-16	1.0.0-f57	ControlListQueryV1	SupportSessionPageV1	ControlSupportSessionListErrorsV1	QUERY_NONE	CONTROL_CENTER	NONE
CONTROL	COMMAND	approval.case.create	F57-23	1.1.0-f57	ApprovalCaseCreateRequestV1	ApprovalCaseAcceptedV1	ControlApprovalCaseCreateErrorsV1	CONTROL_CREATE_NO_CAS	CONTROL_CENTER	PLATFORM.APPROVAL.REQUEST_INVALID
CONTROL	COMMAND	approval.case.decide	F57-23	1.1.0-f57	ControlApprovalCaseDecisionRequestV1	ApprovalCaseAcceptedV1	ControlApprovalCaseDecideErrorsV1	CONTROL_PAYLOAD_CAS	CONTROL_CENTER	PLATFORM.APPROVAL.INVALID_TRANSITION
CONTROL	COMMAND	disposition.case.approve	F57-23	1.1.0-f57	DispositionDecisionRequestV1	DispositionCaseAcceptedV1	ControlDispositionCaseApproveErrorsV1	CONTROL_PAYLOAD_CAS	CONTROL_CENTER	PLATFORM.DISPOSITION.INVALID_TRANSITION
CONTROL	COMMAND	disposition.case.assess_impact	F57-23	1.1.0-f57	DispositionImpactRequestV1	DispositionCaseAcceptedV1	ControlDispositionCaseAssessImpactErrorsV1	CONTROL_PAYLOAD_CAS	CONTROL_CENTER	PLATFORM.DISPOSITION.IMPACT_INVALID
CONTROL	COMMAND	disposition.case.close	F57-23	1.1.0-f57	DispositionTransitionRequestV1	DispositionCaseAcceptedV1	ControlDispositionCaseCloseErrorsV1	CONTROL_PAYLOAD_CAS	CONTROL_CENTER	PLATFORM.DISPOSITION.INVALID_TRANSITION
CONTROL	COMMAND	disposition.case.create	F57-23	1.1.0-f57	DispositionCaseCreateRequestV1	DispositionCaseAcceptedV1	ControlDispositionCaseCreateErrorsV1	CONTROL_CREATE_NO_CAS	CONTROL_CENTER	PLATFORM.DISPOSITION.REQUEST_INVALID
CONTROL	COMMAND	disposition.case.execute	F57-23	1.1.0-f57	DispositionExecuteRequestV1	DispositionCaseAcceptedV1	ControlDispositionCaseExecuteErrorsV1	CONTROL_PAYLOAD_CAS	CONTROL_CENTER	PLATFORM.DISPOSITION.EXECUTION_DENIED
CONTROL	COMMAND	disposition.case.resume	F57-23	1.1.0-f57	DispositionResumeRequestV1	DispositionCaseAcceptedV1	ControlDispositionCaseResumeErrorsV1	CONTROL_PAYLOAD_CAS	CONTROL_CENTER	PLATFORM.DISPOSITION.RESUME_DENIED
CONTROL	COMMAND	disposition.case.verify	F57-23	1.1.0-f57	DispositionVerifyRequestV1	DispositionCaseAcceptedV1	ControlDispositionCaseVerifyErrorsV1	CONTROL_PAYLOAD_CAS	CONTROL_CENTER	PLATFORM.DISPOSITION.VERIFICATION_FAILED
CONTROL	COMMAND	identity.external_link.create	F57-23	1.1.0-f57	ExternalIdentityLinkCreateRequestV1	ExternalIdentityLinkChangedV1	ControlIdentityExternalLinkCreateErrorsV1	CONTROL_CREATE_NO_CAS	CONTROL_CENTER	PLATFORM.IDENTITY.EXTERNAL_LINK_CONFLICT
CONTROL	COMMAND	identity.external_link.revoke	F57-23	1.1.0-f57	ExternalIdentityLinkRevokeRequestV1	ExternalIdentityLinkChangedV1	ControlIdentityExternalLinkRevokeErrorsV1	CONTROL_PAYLOAD_CAS	CONTROL_CENTER	PLATFORM.IDENTITY.EXTERNAL_LINK_INVALID
CONTROL	COMMAND	legal_hold.activate	F57-23	1.1.0-f57	LegalHoldTransitionRequestV1	LegalHoldAcceptedV1	ControlLegalHoldActivateErrorsV1	CONTROL_PAYLOAD_CAS	CONTROL_CENTER	PLATFORM.LEGAL_HOLD.INVALID_TRANSITION
CONTROL	COMMAND	legal_hold.approve	F57-23	1.1.0-f57	LegalHoldApprovalDecisionRequestV1	LegalHoldAcceptedV1	ControlLegalHoldApproveErrorsV1	CONTROL_PAYLOAD_CAS	CONTROL_CENTER	PLATFORM.LEGAL_HOLD.INVALID_TRANSITION
CONTROL	COMMAND	legal_hold.cancel	F57-23	1.1.0-f57	LegalHoldTransitionRequestV1	LegalHoldAcceptedV1	ControlLegalHoldCancelErrorsV1	CONTROL_PAYLOAD_CAS	CONTROL_CENTER	PLATFORM.LEGAL_HOLD.INVALID_TRANSITION
CONTROL	COMMAND	legal_hold.create	F57-23	1.1.0-f57	LegalHoldCreateRequestV1	LegalHoldAcceptedV1	ControlLegalHoldCreateErrorsV1	CONTROL_CREATE_NO_CAS	CONTROL_CENTER	PLATFORM.LEGAL_HOLD.REQUEST_INVALID
CONTROL	COMMAND	legal_hold.release.decide	F57-23	1.1.0-f57	LegalHoldReleaseDecisionRequestV1	LegalHoldAcceptedV1	ControlLegalHoldReleaseDecideErrorsV1	CONTROL_PAYLOAD_CAS	CONTROL_CENTER	PLATFORM.LEGAL_HOLD.RELEASE_DENIED
CONTROL	COMMAND	legal_hold.release.request	F57-23	1.1.0-f57	LegalHoldReleaseRequestV1	LegalHoldAcceptedV1	ControlLegalHoldReleaseRequestErrorsV1	CONTROL_PAYLOAD_CAS	CONTROL_CENTER	PLATFORM.LEGAL_HOLD.RELEASE_DENIED
CONTROL	COMMAND	portable_export.create	F57-23	1.1.0-f57	PortableExportCreateRequestV1	PortableExportAcceptedV1	ControlPortableExportCreateErrorsV1	CONTROL_CREATE_NO_CAS	CONTROL_CENTER	PLATFORM.EXPORT.POLICY_DENIED
CONTROL	COMMAND	search.definition.publish	F57-23	1.1.0-f57	SearchDefinitionPublishRequestV1	SearchDefinitionPublishedV1	ControlSearchDefinitionPublishErrorsV1	CONTROL_UPSERT_CAS	CONTROL_CENTER	PLATFORM.SEARCH.DEFINITION_INVALID
CONTROL	QUERY	approval.case.get	F57-23	1.1.0-f57	ApprovalCaseGetQueryV1	ApprovalCaseViewV1	ControlApprovalCaseGetErrorsV1	QUERY_NONE	CONTROL_CENTER	NONE
CONTROL	QUERY	approval.case.list	F57-23	1.1.0-f57	ApprovalCaseListQueryV1	ApprovalCasePageV1	ControlApprovalCaseListErrorsV1	QUERY_NONE	CONTROL_CENTER	NONE
CONTROL	QUERY	disposition.case.get	F57-23	1.1.0-f57	DispositionCaseGetQueryV1	DispositionCaseViewV1	ControlDispositionCaseGetErrorsV1	QUERY_NONE	CONTROL_CENTER	NONE
CONTROL	QUERY	disposition.case.list	F57-23	1.1.0-f57	DispositionCaseListQueryV1	DispositionCasePageV1	ControlDispositionCaseListErrorsV1	QUERY_NONE	CONTROL_CENTER	NONE
CONTROL	QUERY	identity.external_link.get	F57-23	1.1.0-f57	ExternalIdentityLinkGetQueryV1	ExternalIdentityLinkViewV1	ControlIdentityExternalLinkGetErrorsV1	QUERY_NONE	CONTROL_CENTER	NONE
CONTROL	QUERY	identity.external_link.list	F57-23	1.1.0-f57	ExternalIdentityLinkListQueryV1	ExternalIdentityLinkPageV1	ControlIdentityExternalLinkListErrorsV1	QUERY_NONE	CONTROL_CENTER	NONE
CONTROL	QUERY	legal_hold.get	F57-23	1.1.0-f57	LegalHoldGetQueryV1	LegalHoldViewV1	ControlLegalHoldGetErrorsV1	QUERY_NONE	CONTROL_CENTER	NONE
CONTROL	QUERY	legal_hold.list	F57-23	1.1.0-f57	LegalHoldListQueryV1	LegalHoldPageV1	ControlLegalHoldListErrorsV1	QUERY_NONE	CONTROL_CENTER	NONE
CONTROL	QUERY	portable_export.get	F57-23	1.1.0-f57	PortableExportGetQueryV1	PortableExportViewV1	ControlPortableExportGetErrorsV1	QUERY_NONE	CONTROL_CENTER	NONE
CONTROL	QUERY	portable_export.list	F57-23	1.1.0-f57	PortableExportListQueryV1	PortableExportPageV1	ControlPortableExportListErrorsV1	QUERY_NONE	CONTROL_CENTER	NONE
CONTROL	QUERY	search.definition.get	F57-23	1.1.0-f57	SearchDefinitionGetQueryV1	SearchDefinitionViewV1	ControlSearchDefinitionGetErrorsV1	QUERY_NONE	CONTROL_CENTER	NONE
CONTROL	QUERY	search.definition.list	F57-23	1.1.0-f57	SearchDefinitionListQueryV1	SearchDefinitionPageV1	ControlSearchDefinitionListErrorsV1	QUERY_NONE	CONTROL_CENTER	NONE
CONTROL	COMMAND	security_incident.begin_eradication	F57-24	1.2.0-f57	SecurityIncidentBeginEradicationRequestV1	SecurityIncidentAcceptedV1	ControlSecurityIncidentBeginEradicationErrorsV1	CONTROL_PAYLOAD_CAS	CONTROL_CENTER	NONE
CONTROL	COMMAND	security_incident.begin_reconciliation	F57-24	1.2.0-f57	SecurityIncidentBeginReconciliationRequestV1	SecurityIncidentAcceptedV1	ControlSecurityIncidentBeginReconciliationErrorsV1	CONTROL_PAYLOAD_CAS	CONTROL_CENTER	NONE
CONTROL	COMMAND	security_incident.begin_recovery	F57-24	1.2.0-f57	SecurityIncidentBeginRecoveryRequestV1	SecurityIncidentAcceptedV1	ControlSecurityIncidentBeginRecoveryErrorsV1	CONTROL_PAYLOAD_CAS	CONTROL_CENTER	NONE
CONTROL	COMMAND	security_incident.close	F57-24	1.2.0-f57	SecurityIncidentCloseRequestV1	SecurityIncidentAcceptedV1	ControlSecurityIncidentCloseErrorsV1	CONTROL_PAYLOAD_CAS	CONTROL_CENTER	NONE
CONTROL	COMMAND	security_incident.close_false_positive	F57-24	1.2.0-f57	SecurityIncidentCloseFalsePositiveRequestV1	SecurityIncidentAcceptedV1	ControlSecurityIncidentCloseFalsePositiveErrorsV1	CONTROL_PAYLOAD_CAS	CONTROL_CENTER	NONE
CONTROL	COMMAND	security_incident.contain	F57-24	1.2.0-f57	SecurityIncidentContainRequestV1	SecurityIncidentAcceptedV1	ControlSecurityIncidentContainErrorsV1	CONTROL_PAYLOAD_CAS	CONTROL_CENTER	NONE
CONTROL	COMMAND	security_incident.evidence.add	F57-24	1.2.0-f57	SecurityIncidentEvidenceAddRequestV1	SecurityIncidentAcceptedV1	ControlSecurityIncidentEvidenceAddErrorsV1	CONTROL_PAYLOAD_CAS	CONTROL_CENTER	NONE
CONTROL	COMMAND	security_incident.notification.record	F57-24	1.2.0-f57	SecurityIncidentNotificationRecordRequestV1	SecurityIncidentAcceptedV1	ControlSecurityIncidentNotificationRecordErrorsV1	CONTROL_PAYLOAD_CAS	CONTROL_CENTER	NONE
CONTROL	COMMAND	security_incident.register	F57-24	1.2.0-f57	SecurityIncidentRegisterRequestV1	SecurityIncidentAcceptedV1	ControlSecurityIncidentRegisterErrorsV1	CONTROL_CREATE_NO_CAS	CONTROL_CENTER	NONE
CONTROL	COMMAND	security_incident.release_approval.record	F57-24	1.2.0-f57	SecurityIncidentReleaseApprovalRecordRequestV1	SecurityIncidentAcceptedV1	ControlSecurityIncidentReleaseApprovalRecordErrorsV1	CONTROL_PAYLOAD_CAS	CONTROL_CENTER	NONE
CONTROL	COMMAND	security_incident.rotation.record	F57-24	1.2.0-f57	SecurityIncidentRotationRecordRequestV1	SecurityIncidentAcceptedV1	ControlSecurityIncidentRotationRecordErrorsV1	CONTROL_PAYLOAD_CAS	CONTROL_CENTER	NONE
CONTROL	COMMAND	security_incident.triage	F57-24	1.2.0-f57	SecurityIncidentTriageRequestV1	SecurityIncidentAcceptedV1	ControlSecurityIncidentTriageErrorsV1	CONTROL_PAYLOAD_CAS	CONTROL_CENTER	NONE
CONTROL	QUERY	security_incident.evidence.list	F57-24	1.2.0-f57	SecurityIncidentEvidenceListQueryV1	SecurityIncidentEvidencePageV1	ControlSecurityIncidentEvidenceListErrorsV1	QUERY_NONE	CONTROL_CENTER	NONE
CONTROL	QUERY	security_incident.get	F57-24	1.2.0-f57	SecurityIncidentGetQueryV1	SecurityIncidentViewV1	ControlSecurityIncidentGetErrorsV1	QUERY_NONE	CONTROL_CENTER	NONE
CONTROL	QUERY	security_incident.list	F57-24	1.2.0-f57	SecurityIncidentListQueryV1	SecurityIncidentPageV1	ControlSecurityIncidentListErrorsV1	QUERY_NONE	CONTROL_CENTER	NONE
CONTROL	QUERY	security_incident.timeline	F57-24	1.2.0-f57	SecurityIncidentTimelineQueryV1	SecurityIncidentTimelineViewV1	ControlSecurityIncidentTimelineErrorsV1	QUERY_NONE	CONTROL_CENTER	NONE
EMPLOYEE	COMMAND	work_item.accept	F57-18	1.0.0-f57	WorkItemAcceptRequestV1	WorkItemChangedV1	EmployeeWorkItemAcceptErrorsV1	MUTATE_POSITIVE	EMPLOYEE_WORKBENCH	NONE
EMPLOYEE	COMMAND	work_item.cancel	F57-18	1.0.0-f57	WorkItemCancelRequestV1	WorkItemChangedV1	EmployeeWorkItemCancelErrorsV1	MUTATE_POSITIVE	EMPLOYEE_WORKBENCH	NONE
EMPLOYEE	COMMAND	work_item.complete	F57-18	1.0.0-f57	WorkItemCompleteRequestV1	WorkItemChangedV1	EmployeeWorkItemCompleteErrorsV1	MUTATE_POSITIVE	EMPLOYEE_WORKBENCH	NONE
EMPLOYEE	COMMAND	work_item.reassign	F57-18	1.0.0-f57	WorkItemReassignRequestV1	WorkItemChangedV1	EmployeeWorkItemReassignErrorsV1	MUTATE_POSITIVE	EMPLOYEE_WORKBENCH	NONE
EMPLOYEE	COMMAND	work_item.resume	F57-18	1.0.0-f57	WorkItemResumeRequestV1	WorkItemChangedV1	EmployeeWorkItemResumeErrorsV1	MUTATE_POSITIVE	EMPLOYEE_WORKBENCH	NONE
EMPLOYEE	COMMAND	work_item.start	F57-18	1.0.0-f57	WorkItemStartRequestV1	WorkItemChangedV1	EmployeeWorkItemStartErrorsV1	MUTATE_POSITIVE	EMPLOYEE_WORKBENCH	NONE
EMPLOYEE	COMMAND	work_item.wait	F57-18	1.0.0-f57	WorkItemWaitRequestV1	WorkItemChangedV1	EmployeeWorkItemWaitErrorsV1	MUTATE_POSITIVE	EMPLOYEE_WORKBENCH	NONE
EMPLOYEE	QUERY	notification.list	F57-18	1.0.0-f57	NotificationListQueryV1	NotificationPageV1	EmployeeNotificationListErrorsV1	QUERY_NONE	EMPLOYEE_WORKBENCH	NONE
EMPLOYEE	QUERY	objective.get	F57-18	1.0.0-f57	EmployeeObjectiveGetQueryV1	EmployeeObjectiveViewV1	EmployeeObjectiveGetErrorsV1	QUERY_NONE	EMPLOYEE_WORKBENCH	NONE
EMPLOYEE	QUERY	objective.list	F57-18	1.0.0-f57	EmployeeObjectiveListQueryV1	EmployeeObjectivePageV1	EmployeeObjectiveListErrorsV1	QUERY_NONE	EMPLOYEE_WORKBENCH	NONE
EMPLOYEE	QUERY	objective.timeline	F57-18	1.0.0-f57	EmployeeObjectiveTimelineQueryV1	EmployeeObjectiveTimelineViewV1	EmployeeObjectiveTimelineErrorsV1	QUERY_NONE	EMPLOYEE_WORKBENCH	NONE
EMPLOYEE	QUERY	work_item.get	F57-18	1.0.0-f57	WorkItemGetQueryV1	WorkItemViewV1	EmployeeWorkItemGetErrorsV1	QUERY_NONE	EMPLOYEE_WORKBENCH	NONE
EMPLOYEE	QUERY	work_item.list	F57-18	1.0.0-f57	WorkItemListQueryV1	WorkItemPageV1	EmployeeWorkItemListErrorsV1	QUERY_NONE	EMPLOYEE_WORKBENCH	NONE
EMPLOYEE	COMMAND	contract.activate	F57-19	1.1.0-f57	ContractActivateRequestV1	ContractAcceptedV1	EmployeeContractActivateErrorsV1	MUTATE_POSITIVE	EMPLOYEE_WORKBENCH	NONE
EMPLOYEE	COMMAND	contract.approve	F57-19	1.1.0-f57	ContractApproveRequestV1	ContractAcceptedV1	EmployeeContractApproveErrorsV1	MUTATE_POSITIVE	EMPLOYEE_WORKBENCH	NONE
EMPLOYEE	COMMAND	contract.change	F57-19	1.1.0-f57	ContractChangeRequestV1	ContractAcceptedV1	EmployeeContractChangeErrorsV1	MUTATE_POSITIVE	EMPLOYEE_WORKBENCH	NONE
EMPLOYEE	COMMAND	contract.change_draft	F57-19	1.1.0-f57	ContractChangeDraftRequestV1	ContractAcceptedV1	EmployeeContractChangeDraftErrorsV1	MUTATE_POSITIVE	EMPLOYEE_WORKBENCH	NONE
EMPLOYEE	COMMAND	contract.create_draft	F57-19	1.1.0-f57	ContractCreateDraftRequestV1	ContractAcceptedV1	EmployeeContractCreateDraftErrorsV1	CREATE_ZERO	EMPLOYEE_WORKBENCH	NONE
EMPLOYEE	COMMAND	contract.merge	F57-19	1.1.0-f57	ContractMergeRequestV1	ContractAcceptedV1	EmployeeContractMergeErrorsV1	MUTATE_POSITIVE	EMPLOYEE_WORKBENCH	NONE
EMPLOYEE	COMMAND	contract.record_signature	F57-19	1.1.0-f57	ContractRecordSignatureRequestV1	ContractAcceptedV1	EmployeeContractRecordSignatureErrorsV1	MUTATE_POSITIVE	EMPLOYEE_WORKBENCH	NONE
EMPLOYEE	COMMAND	contract.renew	F57-19	1.1.0-f57	ContractRenewRequestV1	ContractAcceptedV1	EmployeeContractRenewErrorsV1	MUTATE_POSITIVE	EMPLOYEE_WORKBENCH	NONE
EMPLOYEE	COMMAND	contract.request_termination	F57-19	1.1.0-f57	ContractRequestTerminationRequestV1	ContractAcceptedV1	EmployeeContractRequestTerminationErrorsV1	MUTATE_POSITIVE	EMPLOYEE_WORKBENCH	NONE
EMPLOYEE	COMMAND	contract.submit	F57-19	1.1.0-f57	ContractSubmitRequestV1	ContractAcceptedV1	EmployeeContractSubmitErrorsV1	MUTATE_POSITIVE	EMPLOYEE_WORKBENCH	NONE
EMPLOYEE	COMMAND	delivery_schedule.merge	F57-19	1.1.0-f57	DeliveryScheduleMergeRequestV1	DeliveryScheduleChangedV1	EmployeeDeliveryScheduleMergeErrorsV1	MUTATE_POSITIVE	EMPLOYEE_WORKBENCH	NONE
EMPLOYEE	COMMAND	delivery_schedule.split	F57-19	1.1.0-f57	DeliveryScheduleSplitRequestV1	DeliveryScheduleChangedV1	EmployeeDeliveryScheduleSplitErrorsV1	MUTATE_POSITIVE	EMPLOYEE_WORKBENCH	NONE
EMPLOYEE	COMMAND	follow_up.cancel	F57-19	1.1.0-f57	FollowUpCancelRequestV1	FollowUpAcceptedV1	EmployeeFollowUpCancelErrorsV1	MUTATE_POSITIVE	EMPLOYEE_WORKBENCH	NONE
EMPLOYEE	COMMAND	follow_up.complete	F57-19	1.1.0-f57	FollowUpCompleteRequestV1	FollowUpAcceptedV1	EmployeeFollowUpCompleteErrorsV1	MUTATE_POSITIVE	EMPLOYEE_WORKBENCH	NONE
EMPLOYEE	COMMAND	follow_up.correct	F57-19	1.1.0-f57	FollowUpCorrectRequestV1	FollowUpAcceptedV1	EmployeeFollowUpCorrectErrorsV1	MUTATE_POSITIVE	EMPLOYEE_WORKBENCH	NONE
EMPLOYEE	COMMAND	follow_up.plan	F57-19	1.1.0-f57	FollowUpPlanRequestV1	FollowUpAcceptedV1	EmployeeFollowUpPlanErrorsV1	CREATE_ZERO	EMPLOYEE_WORKBENCH	NONE
EMPLOYEE	COMMAND	follow_up.reschedule	F57-19	1.1.0-f57	FollowUpRescheduleRequestV1	FollowUpAcceptedV1	EmployeeFollowUpRescheduleErrorsV1	MUTATE_POSITIVE	EMPLOYEE_WORKBENCH	NONE
EMPLOYEE	COMMAND	manual_order_authority.create	F57-19	1.1.0-f57	ManualOrderAuthorityCreateRequestV1	ManualOrderAuthorityAcceptedV1	EmployeeManualOrderAuthorityCreateErrorsV1	CREATE_ZERO	EMPLOYEE_WORKBENCH	NONE
EMPLOYEE	COMMAND	manual_order_authority.decide	F57-19	1.1.0-f57	ManualOrderAuthorityDecisionRequestV1	ManualOrderAuthorityAcceptedV1	EmployeeManualOrderAuthorityDecideErrorsV1	MUTATE_POSITIVE	EMPLOYEE_WORKBENCH	NONE
EMPLOYEE	COMMAND	mdm.customer.merge	F57-19	1.1.0-f57	CustomerMergeRequestV1	CustomerMergeAcceptedV1	EmployeeMdmCustomerMergeErrorsV1	MUTATE_POSITIVE	EMPLOYEE_WORKBENCH	NONE
EMPLOYEE	COMMAND	mdm.master_record.activate	F57-19	1.1.0-f57	MasterRecordActivateRequestV1	MasterRecordAcceptedV1	EmployeeMdmMasterRecordActivateErrorsV1	MUTATE_POSITIVE	EMPLOYEE_WORKBENCH	NONE
EMPLOYEE	COMMAND	mdm.master_record.change	F57-19	1.1.0-f57	MasterRecordChangeRequestV1	MasterRecordAcceptedV1	EmployeeMdmMasterRecordChangeErrorsV1	MUTATE_POSITIVE	EMPLOYEE_WORKBENCH	NONE
EMPLOYEE	COMMAND	mdm.master_record.create	F57-19	1.1.0-f57	MasterRecordCreateRequestV1	MasterRecordAcceptedV1	EmployeeMdmMasterRecordCreateErrorsV1	CREATE_ZERO	EMPLOYEE_WORKBENCH	NONE
EMPLOYEE	COMMAND	mdm.master_record.deactivate	F57-19	1.1.0-f57	MasterRecordDeactivateRequestV1	MasterRecordAcceptedV1	EmployeeMdmMasterRecordDeactivateErrorsV1	MUTATE_POSITIVE	EMPLOYEE_WORKBENCH	NONE
EMPLOYEE	COMMAND	mdm.master_record.decide	F57-19	1.1.0-f57	MasterRecordDecisionRequestV1	MasterRecordAcceptedV1	EmployeeMdmMasterRecordDecideErrorsV1	MUTATE_POSITIVE	EMPLOYEE_WORKBENCH	NONE
EMPLOYEE	COMMAND	mdm.master_record.submit	F57-19	1.1.0-f57	MasterRecordSubmitRequestV1	MasterRecordAcceptedV1	EmployeeMdmMasterRecordSubmitErrorsV1	MUTATE_POSITIVE	EMPLOYEE_WORKBENCH	NONE
EMPLOYEE	COMMAND	opportunity.advance_to_commercial	F57-19	1.1.0-f57	OpportunityAdvanceToCommercialRequestV1	OpportunityAcceptedV1	EmployeeOpportunityAdvanceToCommercialErrorsV1	MUTATE_POSITIVE	EMPLOYEE_WORKBENCH	NONE
EMPLOYEE	COMMAND	opportunity.advance_to_solution	F57-19	1.1.0-f57	OpportunityAdvanceToSolutionRequestV1	OpportunityAcceptedV1	EmployeeOpportunityAdvanceToSolutionErrorsV1	MUTATE_POSITIVE	EMPLOYEE_WORKBENCH	NONE
EMPLOYEE	COMMAND	opportunity.cancel	F57-19	1.1.0-f57	OpportunityCancelRequestV1	OpportunityAcceptedV1	EmployeeOpportunityCancelErrorsV1	MUTATE_POSITIVE	EMPLOYEE_WORKBENCH	NONE
EMPLOYEE	COMMAND	opportunity.change	F57-19	1.1.0-f57	OpportunityChangeRequestV1	OpportunityAcceptedV1	EmployeeOpportunityChangeErrorsV1	MUTATE_POSITIVE	EMPLOYEE_WORKBENCH	NONE
EMPLOYEE	COMMAND	opportunity.close_lost	F57-19	1.1.0-f57	OpportunityCloseLostRequestV1	OpportunityAcceptedV1	EmployeeOpportunityCloseLostErrorsV1	MUTATE_POSITIVE	EMPLOYEE_WORKBENCH	NONE
EMPLOYEE	COMMAND	opportunity.create	F57-19	1.1.0-f57	OpportunityCreateRequestV1	OpportunityAcceptedV1	EmployeeOpportunityCreateErrorsV1	CREATE_ZERO	EMPLOYEE_WORKBENCH	NONE
EMPLOYEE	COMMAND	opportunity.qualify	F57-19	1.1.0-f57	OpportunityQualifyRequestV1	OpportunityAcceptedV1	EmployeeOpportunityQualifyErrorsV1	MUTATE_POSITIVE	EMPLOYEE_WORKBENCH	NONE
EMPLOYEE	COMMAND	opportunity.reopen	F57-19	1.1.0-f57	OpportunityReopenRequestV1	OpportunityAcceptedV1	EmployeeOpportunityReopenErrorsV1	MUTATE_POSITIVE	EMPLOYEE_WORKBENCH	NONE
EMPLOYEE	COMMAND	opportunity.return_to_qualifying	F57-19	1.1.0-f57	OpportunityReturnToQualifyingRequestV1	OpportunityAcceptedV1	EmployeeOpportunityReturnToQualifyingErrorsV1	MUTATE_POSITIVE	EMPLOYEE_WORKBENCH	NONE
EMPLOYEE	COMMAND	opportunity.return_to_solution	F57-19	1.1.0-f57	OpportunityReturnToSolutionRequestV1	OpportunityAcceptedV1	EmployeeOpportunityReturnToSolutionErrorsV1	MUTATE_POSITIVE	EMPLOYEE_WORKBENCH	NONE
EMPLOYEE	COMMAND	quote.create	F57-19	1.1.0-f57	QuoteCreateRequestV1	QuoteAcceptedV1	EmployeeQuoteCreateErrorsV1	CREATE_ZERO	EMPLOYEE_WORKBENCH	NONE
EMPLOYEE	COMMAND	quote_version.accept	F57-19	1.1.0-f57	QuoteVersionAcceptRequestV1	QuoteVersionAcceptedV1	EmployeeQuoteVersionAcceptErrorsV1	MUTATE_POSITIVE	EMPLOYEE_WORKBENCH	NONE
EMPLOYEE	COMMAND	quote_version.change_draft	F57-19	1.1.0-f57	QuoteVersionChangeDraftRequestV1	QuoteVersionAcceptedV1	EmployeeQuoteVersionChangeDraftErrorsV1	MUTATE_POSITIVE	EMPLOYEE_WORKBENCH	NONE
EMPLOYEE	COMMAND	quote_version.convert_to_contract	F57-19	1.1.0-f57	QuoteVersionConvertToContractRequestV1	ContractAcceptedV1	EmployeeQuoteVersionConvertToContractErrorsV1	MUTATE_POSITIVE	EMPLOYEE_WORKBENCH	NONE
EMPLOYEE	COMMAND	quote_version.convert_to_order	F57-19	1.1.0-f57	QuoteVersionConvertToOrderRequestV1	SalesOrderAcceptedV1	EmployeeQuoteVersionConvertToOrderErrorsV1	MUTATE_POSITIVE	EMPLOYEE_WORKBENCH	NONE
EMPLOYEE	COMMAND	quote_version.create	F57-19	1.1.0-f57	QuoteVersionCreateRequestV1	QuoteVersionAcceptedV1	EmployeeQuoteVersionCreateErrorsV1	CREATE_ZERO	EMPLOYEE_WORKBENCH	NONE
EMPLOYEE	COMMAND	quote_version.decide	F57-19	1.1.0-f57	QuoteVersionDecideRequestV1	QuoteVersionAcceptedV1	EmployeeQuoteVersionDecideErrorsV1	MUTATE_POSITIVE	EMPLOYEE_WORKBENCH	NONE
EMPLOYEE	COMMAND	quote_version.issue	F57-19	1.1.0-f57	QuoteVersionIssueRequestV1	QuoteVersionAcceptedV1	EmployeeQuoteVersionIssueErrorsV1	MUTATE_POSITIVE	EMPLOYEE_WORKBENCH	NONE
EMPLOYEE	COMMAND	quote_version.reconcile_issue	F57-19	1.1.0-f57	QuoteVersionReconcileIssueRequestV1	QuoteVersionAcceptedV1	EmployeeQuoteVersionReconcileIssueErrorsV1	MUTATE_POSITIVE	EMPLOYEE_WORKBENCH	NONE
EMPLOYEE	COMMAND	quote_version.reconcile_withdrawal	F57-19	1.1.0-f57	QuoteVersionReconcileWithdrawalRequestV1	QuoteVersionAcceptedV1	EmployeeQuoteVersionReconcileWithdrawalErrorsV1	MUTATE_POSITIVE	EMPLOYEE_WORKBENCH	NONE
EMPLOYEE	COMMAND	quote_version.reject	F57-19	1.1.0-f57	QuoteVersionRejectRequestV1	QuoteVersionAcceptedV1	EmployeeQuoteVersionRejectErrorsV1	MUTATE_POSITIVE	EMPLOYEE_WORKBENCH	NONE
EMPLOYEE	COMMAND	quote_version.submit	F57-19	1.1.0-f57	QuoteVersionSubmitRequestV1	QuoteVersionAcceptedV1	EmployeeQuoteVersionSubmitErrorsV1	MUTATE_POSITIVE	EMPLOYEE_WORKBENCH	NONE
EMPLOYEE	COMMAND	quote_version.withdraw	F57-19	1.1.0-f57	QuoteVersionWithdrawRequestV1	QuoteVersionAcceptedV1	EmployeeQuoteVersionWithdrawErrorsV1	MUTATE_POSITIVE	EMPLOYEE_WORKBENCH	NONE
EMPLOYEE	COMMAND	sales_order.approve	F57-19	1.1.0-f57	SalesOrderApproveRequestV1	SalesOrderAcceptedV1	EmployeeSalesOrderApproveErrorsV1	MUTATE_POSITIVE	EMPLOYEE_WORKBENCH	NONE
EMPLOYEE	COMMAND	sales_order.cancel	F57-19	1.1.0-f57	SalesOrderCancelRequestV1	SalesOrderAcceptedV1	EmployeeSalesOrderCancelErrorsV1	MUTATE_POSITIVE	EMPLOYEE_WORKBENCH	NONE
EMPLOYEE	COMMAND	sales_order.change	F57-19	1.1.0-f57	SalesOrderChangeRequestV1	SalesOrderAcceptedV1	EmployeeSalesOrderChangeErrorsV1	MUTATE_POSITIVE	EMPLOYEE_WORKBENCH	NONE
EMPLOYEE	COMMAND	sales_order.close	F57-19	1.1.0-f57	SalesOrderCloseRequestV1	SalesOrderAcceptedV1	EmployeeSalesOrderCloseErrorsV1	MUTATE_POSITIVE	EMPLOYEE_WORKBENCH	NONE
EMPLOYEE	COMMAND	sales_order.create_from_manual_authority	F57-19	1.1.0-f57	SalesOrderCreateFromManualAuthorityRequestV1	SalesOrderAcceptedV1	EmployeeSalesOrderCreateFromManualAuthorityErrorsV1	CREATE_ZERO	EMPLOYEE_WORKBENCH	NONE
EMPLOYEE	COMMAND	sales_order.release	F57-19	1.1.0-f57	SalesOrderReleaseRequestV1	SalesOrderAcceptedV1	EmployeeSalesOrderReleaseErrorsV1	MUTATE_POSITIVE	EMPLOYEE_WORKBENCH	NONE
EMPLOYEE	COMMAND	sales_order.submit	F57-19	1.1.0-f57	SalesOrderSubmitRequestV1	SalesOrderAcceptedV1	EmployeeSalesOrderSubmitErrorsV1	MUTATE_POSITIVE	EMPLOYEE_WORKBENCH	NONE
EMPLOYEE	QUERY	contract.fulfilment.get	F57-19	1.1.0-f57	ContractFulfilmentGetQueryV1	ContractFulfilmentViewV1	EmployeeContractFulfilmentGetErrorsV1	QUERY_NONE	EMPLOYEE_WORKBENCH	NONE
EMPLOYEE	QUERY	contract.get	F57-19	1.1.0-f57	ContractGetQueryV1	ContractViewV1	EmployeeContractGetErrorsV1	QUERY_NONE	EMPLOYEE_WORKBENCH	NONE
EMPLOYEE	QUERY	contract.list	F57-19	1.1.0-f57	ContractListQueryV1	ContractPageV1	EmployeeContractListErrorsV1	QUERY_NONE	EMPLOYEE_WORKBENCH	NONE
EMPLOYEE	QUERY	contract.payment_schedule.get	F57-19	1.1.0-f57	ContractPaymentScheduleGetQueryV1	ContractPaymentScheduleViewV1	EmployeeContractPaymentScheduleGetErrorsV1	QUERY_NONE	EMPLOYEE_WORKBENCH	NONE
EMPLOYEE	QUERY	contract_version.list	F57-19	1.1.0-f57	ContractVersionListQueryV1	ContractVersionPageV1	EmployeeContractVersionListErrorsV1	QUERY_NONE	EMPLOYEE_WORKBENCH	NONE
EMPLOYEE	QUERY	credit_exposure.get	F57-19	1.1.0-f57	CreditExposureGetQueryV1	CreditExposureViewV1	EmployeeCreditExposureGetErrorsV1	QUERY_NONE	EMPLOYEE_WORKBENCH	NONE
EMPLOYEE	QUERY	customer_360.get	F57-19	1.1.0-f57	Customer360GetQueryV1	Customer360ViewV1	EmployeeCustomer360GetErrorsV1	QUERY_NONE	EMPLOYEE_WORKBENCH	NONE
EMPLOYEE	QUERY	delivery_schedule.list	F57-19	1.1.0-f57	DeliveryScheduleListQueryV1	DeliverySchedulePageV1	EmployeeDeliveryScheduleListErrorsV1	QUERY_NONE	EMPLOYEE_WORKBENCH	NONE
EMPLOYEE	QUERY	mdm.duplicate_candidate.list	F57-19	1.1.0-f57	DuplicateCandidateListQueryV1	DuplicateCandidatePageV1	EmployeeMdmDuplicateCandidateListErrorsV1	QUERY_NONE	EMPLOYEE_WORKBENCH	NONE
EMPLOYEE	QUERY	mdm.master_record.get	F57-19	1.1.0-f57	MasterRecordGetQueryV1	MasterRecordViewV1	EmployeeMdmMasterRecordGetErrorsV1	QUERY_NONE	EMPLOYEE_WORKBENCH	NONE
EMPLOYEE	QUERY	mdm.master_record.history	F57-19	1.1.0-f57	MasterRecordHistoryQueryV1	MasterRecordHistoryPageV1	EmployeeMdmMasterRecordHistoryErrorsV1	QUERY_NONE	EMPLOYEE_WORKBENCH	NONE
EMPLOYEE	QUERY	mdm.master_record.list	F57-19	1.1.0-f57	MasterRecordListQueryV1	MasterRecordPageV1	EmployeeMdmMasterRecordListErrorsV1	QUERY_NONE	EMPLOYEE_WORKBENCH	NONE
EMPLOYEE	QUERY	opportunity.get	F57-19	1.1.0-f57	OpportunityGetQueryV1	OpportunityViewV1	EmployeeOpportunityGetErrorsV1	QUERY_NONE	EMPLOYEE_WORKBENCH	NONE
EMPLOYEE	QUERY	opportunity.list	F57-19	1.1.0-f57	OpportunityListQueryV1	OpportunityPageV1	EmployeeOpportunityListErrorsV1	QUERY_NONE	EMPLOYEE_WORKBENCH	NONE
EMPLOYEE	QUERY	opportunity.timeline	F57-19	1.1.0-f57	OpportunityTimelineQueryV1	OpportunityTimelineViewV1	EmployeeOpportunityTimelineErrorsV1	QUERY_NONE	EMPLOYEE_WORKBENCH	NONE
EMPLOYEE	QUERY	quote.get	F57-19	1.1.0-f57	QuoteGetQueryV1	QuoteViewV1	EmployeeQuoteGetErrorsV1	QUERY_NONE	EMPLOYEE_WORKBENCH	NONE
EMPLOYEE	QUERY	quote.list	F57-19	1.1.0-f57	QuoteListQueryV1	QuotePageV1	EmployeeQuoteListErrorsV1	QUERY_NONE	EMPLOYEE_WORKBENCH	NONE
EMPLOYEE	QUERY	quote_version.get	F57-19	1.1.0-f57	QuoteVersionGetQueryV1	QuoteVersionViewV1	EmployeeQuoteVersionGetErrorsV1	QUERY_NONE	EMPLOYEE_WORKBENCH	NONE
EMPLOYEE	QUERY	quote_version.list	F57-19	1.1.0-f57	QuoteVersionListQueryV1	QuoteVersionPageV1	EmployeeQuoteVersionListErrorsV1	QUERY_NONE	EMPLOYEE_WORKBENCH	NONE
EMPLOYEE	QUERY	sales_order.get	F57-19	1.1.0-f57	SalesOrderGetQueryV1	SalesOrderViewV1	EmployeeSalesOrderGetErrorsV1	QUERY_NONE	EMPLOYEE_WORKBENCH	NONE
EMPLOYEE	QUERY	sales_order.list	F57-19	1.1.0-f57	SalesOrderListQueryV1	SalesOrderPageV1	EmployeeSalesOrderListErrorsV1	QUERY_NONE	EMPLOYEE_WORKBENCH	NONE
EMPLOYEE	QUERY	sales_order.version.list	F57-19	1.1.0-f57	SalesOrderVersionListQueryV1	SalesOrderVersionPageV1	EmployeeSalesOrderVersionListErrorsV1	QUERY_NONE	EMPLOYEE_WORKBENCH	NONE
EMPLOYEE	COMMAND	advance.allocate	F57-20	1.2.0-f57	AdvanceAllocateRequestV1	AllocationAcceptedV1	EmployeeAdvanceAllocateErrorsV1	CREATE_ZERO	EMPLOYEE_WORKBENCH	NONE
EMPLOYEE	COMMAND	allocation.reverse	F57-20	1.2.0-f57	AllocationReverseRequestV1	AllocationAcceptedV1	EmployeeAllocationReverseErrorsV1	MUTATE_POSITIVE	EMPLOYEE_WORKBENCH	NONE
EMPLOYEE	COMMAND	award.decide	F57-20	1.2.0-f57	AwardDecideRequestV1	AwardAcceptedV1	EmployeeAwardDecideErrorsV1	MUTATE_POSITIVE	EMPLOYEE_WORKBENCH	NONE
EMPLOYEE	COMMAND	award.propose	F57-20	1.2.0-f57	AwardProposeRequestV1	AwardAcceptedV1	EmployeeAwardProposeErrorsV1	CREATE_ZERO	EMPLOYEE_WORKBENCH	NONE
EMPLOYEE	COMMAND	award.revoke	F57-20	1.2.0-f57	AwardRevokeRequestV1	AwardAcceptedV1	EmployeeAwardRevokeErrorsV1	MUTATE_POSITIVE	EMPLOYEE_WORKBENCH	NONE
EMPLOYEE	COMMAND	billing_request.cancel	F57-20	1.2.0-f57	BillingRequestCancelRequestV1	BillingRequestAcceptedV1	EmployeeBillingRequestCancelErrorsV1	MUTATE_POSITIVE	EMPLOYEE_WORKBENCH	NONE
EMPLOYEE	COMMAND	billing_request.change_draft	F57-20	1.2.0-f57	BillingRequestChangeDraftRequestV1	BillingRequestAcceptedV1	EmployeeBillingRequestChangeDraftErrorsV1	MUTATE_POSITIVE	EMPLOYEE_WORKBENCH	NONE
EMPLOYEE	COMMAND	billing_request.create	F57-20	1.2.0-f57	BillingRequestCreateRequestV1	BillingRequestAcceptedV1	EmployeeBillingRequestCreateErrorsV1	CREATE_ZERO	EMPLOYEE_WORKBENCH	NONE
EMPLOYEE	COMMAND	billing_request.decide	F57-20	1.2.0-f57	BillingRequestDecideRequestV1	BillingRequestAcceptedV1	EmployeeBillingRequestDecideErrorsV1	MUTATE_POSITIVE	EMPLOYEE_WORKBENCH	NONE
EMPLOYEE	COMMAND	billing_request.submit	F57-20	1.2.0-f57	BillingRequestSubmitRequestV1	BillingRequestAcceptedV1	EmployeeBillingRequestSubmitErrorsV1	MUTATE_POSITIVE	EMPLOYEE_WORKBENCH	NONE
EMPLOYEE	COMMAND	cash_account.change	F57-20	1.2.0-f57	CashAccountChangeRequestV1	CashAccountAcceptedV1	EmployeeCashAccountChangeErrorsV1	MUTATE_POSITIVE	EMPLOYEE_WORKBENCH	NONE
EMPLOYEE	COMMAND	cash_account.create	F57-20	1.2.0-f57	CashAccountCreateRequestV1	CashAccountAcceptedV1	EmployeeCashAccountCreateErrorsV1	CREATE_ZERO	EMPLOYEE_WORKBENCH	NONE
EMPLOYEE	COMMAND	cash_account.deactivate	F57-20	1.2.0-f57	CashAccountDeactivateRequestV1	CashAccountAcceptedV1	EmployeeCashAccountDeactivateErrorsV1	MUTATE_POSITIVE	EMPLOYEE_WORKBENCH	NONE
EMPLOYEE	COMMAND	credit_note.create	F57-20	1.2.0-f57	CreditNoteCreateRequestV1	InvoiceAcceptedV1	EmployeeCreditNoteCreateErrorsV1	CREATE_ZERO	EMPLOYEE_WORKBENCH	NONE
EMPLOYEE	COMMAND	credit_note.post	F57-20	1.2.0-f57	CreditNotePostRequestV1	InvoiceAcceptedV1	EmployeeCreditNotePostErrorsV1	MUTATE_POSITIVE	EMPLOYEE_WORKBENCH	NONE
EMPLOYEE	COMMAND	delivery_confirmation.create	F57-20	1.2.0-f57	DeliveryConfirmationCreateRequestV1	DeliveryConfirmationAcceptedV1	EmployeeDeliveryConfirmationCreateErrorsV1	CREATE_ZERO	EMPLOYEE_WORKBENCH	NONE
EMPLOYEE	COMMAND	goods_receipt.change_draft	F57-20	1.2.0-f57	GoodsReceiptChangeDraftRequestV1	GoodsReceiptAcceptedV1	EmployeeGoodsReceiptChangeDraftErrorsV1	MUTATE_POSITIVE	EMPLOYEE_WORKBENCH	NONE
EMPLOYEE	COMMAND	goods_receipt.create	F57-20	1.2.0-f57	GoodsReceiptCreateRequestV1	GoodsReceiptAcceptedV1	EmployeeGoodsReceiptCreateErrorsV1	CREATE_ZERO	EMPLOYEE_WORKBENCH	NONE
EMPLOYEE	COMMAND	goods_receipt.post	F57-20	1.2.0-f57	GoodsReceiptPostRequestV1	GoodsReceiptAcceptedV1	EmployeeGoodsReceiptPostErrorsV1	MUTATE_POSITIVE	EMPLOYEE_WORKBENCH	NONE
EMPLOYEE	COMMAND	invoice.void	F57-20	1.2.0-f57	InvoiceVoidRequestV1	InvoiceAcceptedV1	EmployeeInvoiceVoidErrorsV1	MUTATE_POSITIVE	EMPLOYEE_WORKBENCH	NONE
EMPLOYEE	COMMAND	ledger_correction.create	F57-20	1.2.0-f57	LedgerCorrectionCreateRequestV1	OperatingLedgerAcceptedV1	EmployeeLedgerCorrectionCreateErrorsV1	CREATE_ZERO	EMPLOYEE_WORKBENCH	NONE
EMPLOYEE	COMMAND	ledger_correction.decide	F57-20	1.2.0-f57	LedgerCorrectionDecideRequestV1	OperatingLedgerAcceptedV1	EmployeeLedgerCorrectionDecideErrorsV1	MUTATE_POSITIVE	EMPLOYEE_WORKBENCH	NONE
EMPLOYEE	COMMAND	ledger_correction.post	F57-20	1.2.0-f57	LedgerCorrectionPostRequestV1	OperatingLedgerAcceptedV1	EmployeeLedgerCorrectionPostErrorsV1	MUTATE_POSITIVE	EMPLOYEE_WORKBENCH	NONE
EMPLOYEE	COMMAND	operating_account_mapping.publish	F57-20	1.2.0-f57	OperatingAccountMappingPublishRequestV1	OperatingLedgerAcceptedV1	EmployeeOperatingAccountMappingPublishErrorsV1	UPSERT_EXPLICIT	EMPLOYEE_WORKBENCH	NONE
EMPLOYEE	COMMAND	operating_period.lock	F57-20	1.2.0-f57	OperatingPeriodLockRequestV1	OperatingLedgerAcceptedV1	EmployeeOperatingPeriodLockErrorsV1	MUTATE_POSITIVE	EMPLOYEE_WORKBENCH	NONE
EMPLOYEE	COMMAND	payment.allocate	F57-20	1.2.0-f57	PaymentAllocateRequestV1	PaymentAcceptedV1	EmployeePaymentAllocateErrorsV1	MUTATE_POSITIVE	EMPLOYEE_WORKBENCH	NONE
EMPLOYEE	COMMAND	payment.create	F57-20	1.2.0-f57	PaymentCreateRequestV1	PaymentAcceptedV1	EmployeePaymentCreateErrorsV1	CREATE_ZERO	EMPLOYEE_WORKBENCH	NONE
EMPLOYEE	COMMAND	payment.post	F57-20	1.2.0-f57	PaymentPostRequestV1	PaymentAcceptedV1	EmployeePaymentPostErrorsV1	MUTATE_POSITIVE	EMPLOYEE_WORKBENCH	NONE
EMPLOYEE	COMMAND	payment.reverse	F57-20	1.2.0-f57	PaymentReverseRequestV1	PaymentAcceptedV1	EmployeePaymentReverseErrorsV1	MUTATE_POSITIVE	EMPLOYEE_WORKBENCH	NONE
EMPLOYEE	COMMAND	payment_request.change_draft	F57-20	1.2.0-f57	PaymentRequestChangeDraftRequestV1	PaymentRequestAcceptedV1	EmployeePaymentRequestChangeDraftErrorsV1	MUTATE_POSITIVE	EMPLOYEE_WORKBENCH	NONE
EMPLOYEE	COMMAND	payment_request.close	F57-20	1.2.0-f57	PaymentRequestCloseRequestV1	PaymentRequestAcceptedV1	EmployeePaymentRequestCloseErrorsV1	MUTATE_POSITIVE	EMPLOYEE_WORKBENCH	NONE
EMPLOYEE	COMMAND	payment_request.create	F57-20	1.2.0-f57	PaymentRequestCreateRequestV1	PaymentRequestAcceptedV1	EmployeePaymentRequestCreateErrorsV1	CREATE_ZERO	EMPLOYEE_WORKBENCH	NONE
EMPLOYEE	COMMAND	payment_request.submit	F57-20	1.2.0-f57	PaymentRequestSubmitRequestV1	PaymentRequestAcceptedV1	EmployeePaymentRequestSubmitErrorsV1	MUTATE_POSITIVE	EMPLOYEE_WORKBENCH	NONE
EMPLOYEE	COMMAND	payment_request.void	F57-20	1.2.0-f57	PaymentRequestVoidRequestV1	PaymentRequestAcceptedV1	EmployeePaymentRequestVoidErrorsV1	MUTATE_POSITIVE	EMPLOYEE_WORKBENCH	NONE
EMPLOYEE	COMMAND	payment_request.withdraw	F57-20	1.2.0-f57	PaymentRequestWithdrawRequestV1	PaymentRequestAcceptedV1	EmployeePaymentRequestWithdrawErrorsV1	MUTATE_POSITIVE	EMPLOYEE_WORKBENCH	NONE
EMPLOYEE	COMMAND	procurement_demand.admit	F57-20	1.2.0-f57	ProcurementDemandAdmitRequestV1	ProcurementDemandAcceptedV1	EmployeeProcurementDemandAdmitErrorsV1	MUTATE_POSITIVE	EMPLOYEE_WORKBENCH	NONE
EMPLOYEE	COMMAND	procurement_demand.cancel	F57-20	1.2.0-f57	ProcurementDemandCancelRequestV1	ProcurementDemandAcceptedV1	EmployeeProcurementDemandCancelErrorsV1	MUTATE_POSITIVE	EMPLOYEE_WORKBENCH	NONE
EMPLOYEE	COMMAND	procurement_demand.change	F57-20	1.2.0-f57	ProcurementDemandChangeRequestV1	ProcurementDemandAcceptedV1	EmployeeProcurementDemandChangeErrorsV1	MUTATE_POSITIVE	EMPLOYEE_WORKBENCH	NONE
EMPLOYEE	COMMAND	procurement_demand.close	F57-20	1.2.0-f57	ProcurementDemandCloseRequestV1	ProcurementDemandAcceptedV1	EmployeeProcurementDemandCloseErrorsV1	MUTATE_POSITIVE	EMPLOYEE_WORKBENCH	NONE
EMPLOYEE	COMMAND	procurement_demand.create	F57-20	1.2.0-f57	ProcurementDemandCreateRequestV1	ProcurementDemandAcceptedV1	EmployeeProcurementDemandCreateErrorsV1	CREATE_ZERO	EMPLOYEE_WORKBENCH	NONE
EMPLOYEE	COMMAND	procurement_demand.merge	F57-20	1.2.0-f57	ProcurementDemandMergeRequestV1	ProcurementDemandAcceptedV1	EmployeeProcurementDemandMergeErrorsV1	MUTATE_POSITIVE	EMPLOYEE_WORKBENCH	NONE
EMPLOYEE	COMMAND	procurement_demand.reopen	F57-20	1.2.0-f57	ProcurementDemandReopenRequestV1	ProcurementDemandAcceptedV1	EmployeeProcurementDemandReopenErrorsV1	MUTATE_POSITIVE	EMPLOYEE_WORKBENCH	NONE
EMPLOYEE	COMMAND	procurement_demand.split	F57-20	1.2.0-f57	ProcurementDemandSplitRequestV1	ProcurementDemandAcceptedV1	EmployeeProcurementDemandSplitErrorsV1	MUTATE_POSITIVE	EMPLOYEE_WORKBENCH	NONE
EMPLOYEE	COMMAND	procurement_demand.start_sourcing	F57-20	1.2.0-f57	ProcurementDemandStartSourcingRequestV1	ProcurementDemandAcceptedV1	EmployeeProcurementDemandStartSourcingErrorsV1	MUTATE_POSITIVE	EMPLOYEE_WORKBENCH	NONE
EMPLOYEE	COMMAND	purchase_invoice.create	F57-20	1.2.0-f57	PurchaseInvoiceCreateRequestV1	InvoiceAcceptedV1	EmployeePurchaseInvoiceCreateErrorsV1	CREATE_ZERO	EMPLOYEE_WORKBENCH	NONE
EMPLOYEE	COMMAND	purchase_invoice.post	F57-20	1.2.0-f57	PurchaseInvoicePostRequestV1	InvoiceAcceptedV1	EmployeePurchaseInvoicePostErrorsV1	MUTATE_POSITIVE	EMPLOYEE_WORKBENCH	NONE
EMPLOYEE	COMMAND	purchase_order.accept_reschedule	F57-20	1.2.0-f57	PurchaseOrderAcceptRescheduleRequestV1	PurchaseOrderAcceptedV1	EmployeePurchaseOrderAcceptRescheduleErrorsV1	MUTATE_POSITIVE	EMPLOYEE_WORKBENCH	NONE
EMPLOYEE	COMMAND	purchase_order.change_draft	F57-20	1.2.0-f57	PurchaseOrderChangeDraftRequestV1	PurchaseOrderAcceptedV1	EmployeePurchaseOrderChangeDraftErrorsV1	MUTATE_POSITIVE	EMPLOYEE_WORKBENCH	NONE
EMPLOYEE	COMMAND	purchase_order.close	F57-20	1.2.0-f57	PurchaseOrderCloseRequestV1	PurchaseOrderAcceptedV1	EmployeePurchaseOrderCloseErrorsV1	MUTATE_POSITIVE	EMPLOYEE_WORKBENCH	NONE
EMPLOYEE	COMMAND	purchase_order.create	F57-20	1.2.0-f57	PurchaseOrderCreateRequestV1	PurchaseOrderAcceptedV1	EmployeePurchaseOrderCreateErrorsV1	CREATE_ZERO	EMPLOYEE_WORKBENCH	NONE
EMPLOYEE	COMMAND	purchase_order.decide	F57-20	1.2.0-f57	PurchaseOrderDecideRequestV1	PurchaseOrderAcceptedV1	EmployeePurchaseOrderDecideErrorsV1	MUTATE_POSITIVE	EMPLOYEE_WORKBENCH	NONE
EMPLOYEE	COMMAND	purchase_order.issue	F57-20	1.2.0-f57	PurchaseOrderIssueRequestV1	PurchaseOrderAcceptedV1	EmployeePurchaseOrderIssueErrorsV1	MUTATE_POSITIVE	EMPLOYEE_WORKBENCH	NONE
EMPLOYEE	COMMAND	purchase_order.reject_reschedule	F57-20	1.2.0-f57	PurchaseOrderRejectRescheduleRequestV1	PurchaseOrderAcceptedV1	EmployeePurchaseOrderRejectRescheduleErrorsV1	MUTATE_POSITIVE	EMPLOYEE_WORKBENCH	NONE
EMPLOYEE	COMMAND	purchase_order.revise	F57-20	1.2.0-f57	PurchaseOrderReviseRequestV1	PurchaseOrderAcceptedV1	EmployeePurchaseOrderReviseErrorsV1	MUTATE_POSITIVE	EMPLOYEE_WORKBENCH	NONE
EMPLOYEE	COMMAND	purchase_order.submit	F57-20	1.2.0-f57	PurchaseOrderSubmitRequestV1	PurchaseOrderAcceptedV1	EmployeePurchaseOrderSubmitErrorsV1	MUTATE_POSITIVE	EMPLOYEE_WORKBENCH	NONE
EMPLOYEE	COMMAND	purchase_order.void	F57-20	1.2.0-f57	PurchaseOrderVoidRequestV1	PurchaseOrderAcceptedV1	EmployeePurchaseOrderVoidErrorsV1	MUTATE_POSITIVE	EMPLOYEE_WORKBENCH	NONE
EMPLOYEE	COMMAND	purchase_return.change_draft	F57-20	1.2.0-f57	PurchaseReturnChangeDraftRequestV1	PurchaseReturnAcceptedV1	EmployeePurchaseReturnChangeDraftErrorsV1	MUTATE_POSITIVE	EMPLOYEE_WORKBENCH	NONE
EMPLOYEE	COMMAND	purchase_return.create	F57-20	1.2.0-f57	PurchaseReturnCreateRequestV1	PurchaseReturnAcceptedV1	EmployeePurchaseReturnCreateErrorsV1	CREATE_ZERO	EMPLOYEE_WORKBENCH	NONE
EMPLOYEE	COMMAND	purchase_return.decide	F57-20	1.2.0-f57	PurchaseReturnDecideRequestV1	PurchaseReturnAcceptedV1	EmployeePurchaseReturnDecideErrorsV1	MUTATE_POSITIVE	EMPLOYEE_WORKBENCH	NONE
EMPLOYEE	COMMAND	purchase_return.post	F57-20	1.2.0-f57	PurchaseReturnPostRequestV1	PurchaseReturnAcceptedV1	EmployeePurchaseReturnPostErrorsV1	MUTATE_POSITIVE	EMPLOYEE_WORKBENCH	NONE
EMPLOYEE	COMMAND	purchase_return.record_supplier_refusal	F57-20	1.2.0-f57	PurchaseReturnRecordSupplierRefusalRequestV1	PurchaseReturnAcceptedV1	EmployeePurchaseReturnRecordSupplierRefusalErrorsV1	MUTATE_POSITIVE	EMPLOYEE_WORKBENCH	NONE
EMPLOYEE	COMMAND	purchase_return.submit	F57-20	1.2.0-f57	PurchaseReturnSubmitRequestV1	PurchaseReturnAcceptedV1	EmployeePurchaseReturnSubmitErrorsV1	MUTATE_POSITIVE	EMPLOYEE_WORKBENCH	NONE
EMPLOYEE	COMMAND	purchase_return.void	F57-20	1.2.0-f57	PurchaseReturnVoidRequestV1	PurchaseReturnAcceptedV1	EmployeePurchaseReturnVoidErrorsV1	MUTATE_POSITIVE	EMPLOYEE_WORKBENCH	NONE
EMPLOYEE	COMMAND	receipt.allocate	F57-20	1.2.0-f57	ReceiptAllocateRequestV1	ReceiptAcceptedV1	EmployeeReceiptAllocateErrorsV1	MUTATE_POSITIVE	EMPLOYEE_WORKBENCH	NONE
EMPLOYEE	COMMAND	receipt.create	F57-20	1.2.0-f57	ReceiptCreateRequestV1	ReceiptAcceptedV1	EmployeeReceiptCreateErrorsV1	CREATE_ZERO	EMPLOYEE_WORKBENCH	NONE
EMPLOYEE	COMMAND	receipt.post	F57-20	1.2.0-f57	ReceiptPostRequestV1	ReceiptAcceptedV1	EmployeeReceiptPostErrorsV1	MUTATE_POSITIVE	EMPLOYEE_WORKBENCH	NONE
EMPLOYEE	COMMAND	receipt.reverse	F57-20	1.2.0-f57	ReceiptReverseRequestV1	ReceiptAcceptedV1	EmployeeReceiptReverseErrorsV1	MUTATE_POSITIVE	EMPLOYEE_WORKBENCH	NONE
EMPLOYEE	COMMAND	receipt_rejection.register	F57-20	1.2.0-f57	ReceiptRejectionRegisterRequestV1	ReceiptRejectionAcceptedV1	EmployeeReceiptRejectionRegisterErrorsV1	CREATE_ZERO	EMPLOYEE_WORKBENCH	NONE
EMPLOYEE	COMMAND	refund.create	F57-20	1.2.0-f57	RefundCreateRequestV1	RefundAcceptedV1	EmployeeRefundCreateErrorsV1	CREATE_ZERO	EMPLOYEE_WORKBENCH	NONE
EMPLOYEE	COMMAND	refund.decide	F57-20	1.2.0-f57	RefundDecideRequestV1	RefundAcceptedV1	EmployeeRefundDecideErrorsV1	MUTATE_POSITIVE	EMPLOYEE_WORKBENCH	NONE
EMPLOYEE	COMMAND	refund.post	F57-20	1.2.0-f57	RefundPostRequestV1	RefundAcceptedV1	EmployeeRefundPostErrorsV1	MUTATE_POSITIVE	EMPLOYEE_WORKBENCH	NONE
EMPLOYEE	COMMAND	rfq_round.begin_evaluation	F57-20	1.2.0-f57	RfqRoundBeginEvaluationRequestV1	RfqRoundAcceptedV1	EmployeeRfqRoundBeginEvaluationErrorsV1	MUTATE_POSITIVE	EMPLOYEE_WORKBENCH	NONE
EMPLOYEE	COMMAND	rfq_round.cancel	F57-20	1.2.0-f57	RfqRoundCancelRequestV1	RfqRoundAcceptedV1	EmployeeRfqRoundCancelErrorsV1	MUTATE_POSITIVE	EMPLOYEE_WORKBENCH	NONE
EMPLOYEE	COMMAND	rfq_round.change_draft	F57-20	1.2.0-f57	RfqRoundChangeDraftRequestV1	RfqRoundAcceptedV1	EmployeeRfqRoundChangeDraftErrorsV1	MUTATE_POSITIVE	EMPLOYEE_WORKBENCH	NONE
EMPLOYEE	COMMAND	rfq_round.close_no_award	F57-20	1.2.0-f57	RfqRoundCloseNoAwardRequestV1	RfqRoundAcceptedV1	EmployeeRfqRoundCloseNoAwardErrorsV1	MUTATE_POSITIVE	EMPLOYEE_WORKBENCH	NONE
EMPLOYEE	COMMAND	rfq_round.create	F57-20	1.2.0-f57	RfqRoundCreateRequestV1	RfqRoundAcceptedV1	EmployeeRfqRoundCreateErrorsV1	CREATE_ZERO	EMPLOYEE_WORKBENCH	NONE
EMPLOYEE	COMMAND	rfq_round.decide	F57-20	1.2.0-f57	RfqRoundDecideRequestV1	RfqRoundAcceptedV1	EmployeeRfqRoundDecideErrorsV1	MUTATE_POSITIVE	EMPLOYEE_WORKBENCH	NONE
EMPLOYEE	COMMAND	rfq_round.open	F57-20	1.2.0-f57	RfqRoundOpenRequestV1	RfqRoundAcceptedV1	EmployeeRfqRoundOpenErrorsV1	MUTATE_POSITIVE	EMPLOYEE_WORKBENCH	NONE
EMPLOYEE	COMMAND	rfq_round.submit	F57-20	1.2.0-f57	RfqRoundSubmitRequestV1	RfqRoundAcceptedV1	EmployeeRfqRoundSubmitErrorsV1	MUTATE_POSITIVE	EMPLOYEE_WORKBENCH	NONE
EMPLOYEE	COMMAND	sales.delivery.confirm	F57-20	1.2.0-f57	SalesDeliveryConfirmRequestV1	DeliveryConfirmedV1	EmployeeSalesDeliveryConfirmErrorsV1	MUTATE_POSITIVE	EMPLOYEE_WORKBENCH	NONE
EMPLOYEE	COMMAND	sales_invoice.create	F57-20	1.2.0-f57	SalesInvoiceCreateRequestV1	InvoiceAcceptedV1	EmployeeSalesInvoiceCreateErrorsV1	CREATE_ZERO	EMPLOYEE_WORKBENCH	NONE
EMPLOYEE	COMMAND	sales_invoice.post	F57-20	1.2.0-f57	SalesInvoicePostRequestV1	InvoiceAcceptedV1	EmployeeSalesInvoicePostErrorsV1	MUTATE_POSITIVE	EMPLOYEE_WORKBENCH	NONE
EMPLOYEE	COMMAND	sales_return.cancel	F57-20	1.2.0-f57	SalesReturnCancelRequestV1	SalesReturnAcceptedV1	EmployeeSalesReturnCancelErrorsV1	MUTATE_POSITIVE	EMPLOYEE_WORKBENCH	NONE
EMPLOYEE	COMMAND	sales_return.close	F57-20	1.2.0-f57	SalesReturnCloseRequestV1	SalesReturnAcceptedV1	EmployeeSalesReturnCloseErrorsV1	MUTATE_POSITIVE	EMPLOYEE_WORKBENCH	NONE
EMPLOYEE	COMMAND	sales_return.create	F57-20	1.2.0-f57	SalesReturnCreateRequestV1	SalesReturnAcceptedV1	EmployeeSalesReturnCreateErrorsV1	CREATE_ZERO	EMPLOYEE_WORKBENCH	NONE
EMPLOYEE	COMMAND	sales_return.link_exchange	F57-20	1.2.0-f57	SalesReturnLinkExchangeRequestV1	SalesReturnAcceptedV1	EmployeeSalesReturnLinkExchangeErrorsV1	MUTATE_POSITIVE	EMPLOYEE_WORKBENCH	NONE
EMPLOYEE	COMMAND	sales_return.register	F57-20	1.2.0-f57	SalesReturnRegisterRequestV1	SalesReturnAcceptedV1	EmployeeSalesReturnRegisterErrorsV1	MUTATE_POSITIVE	EMPLOYEE_WORKBENCH	NONE
EMPLOYEE	COMMAND	sales_return.submit	F57-20	1.2.0-f57	SalesReturnSubmitRequestV1	SalesReturnAcceptedV1	EmployeeSalesReturnSubmitErrorsV1	MUTATE_POSITIVE	EMPLOYEE_WORKBENCH	NONE
EMPLOYEE	COMMAND	stock_adjustment.create	F57-20	1.2.0-f57	StockAdjustmentCreateRequestV1	StockAdjustmentAcceptedV1	EmployeeStockAdjustmentCreateErrorsV1	CREATE_ZERO	EMPLOYEE_WORKBENCH	NONE
EMPLOYEE	COMMAND	stock_adjustment.decide	F57-20	1.2.0-f57	StockAdjustmentDecideRequestV1	StockAdjustmentAcceptedV1	EmployeeStockAdjustmentDecideErrorsV1	MUTATE_POSITIVE	EMPLOYEE_WORKBENCH	NONE
EMPLOYEE	COMMAND	stock_adjustment.post	F57-20	1.2.0-f57	StockAdjustmentPostRequestV1	StockAdjustmentAcceptedV1	EmployeeStockAdjustmentPostErrorsV1	MUTATE_POSITIVE	EMPLOYEE_WORKBENCH	NONE
EMPLOYEE	COMMAND	stock_adjustment.submit	F57-20	1.2.0-f57	StockAdjustmentSubmitRequestV1	StockAdjustmentAcceptedV1	EmployeeStockAdjustmentSubmitErrorsV1	MUTATE_POSITIVE	EMPLOYEE_WORKBENCH	NONE
EMPLOYEE	COMMAND	supplier_quote.register	F57-20	1.2.0-f57	SupplierQuoteRegisterRequestV1	SupplierQuoteAcceptedV1	EmployeeSupplierQuoteRegisterErrorsV1	CREATE_ZERO	EMPLOYEE_WORKBENCH	NONE
EMPLOYEE	COMMAND	supplier_quote.validate	F57-20	1.2.0-f57	SupplierQuoteValidateRequestV1	SupplierQuoteAcceptedV1	EmployeeSupplierQuoteValidateErrorsV1	MUTATE_POSITIVE	EMPLOYEE_WORKBENCH	NONE
EMPLOYEE	COMMAND	supplier_quote.withdraw	F57-20	1.2.0-f57	SupplierQuoteWithdrawRequestV1	SupplierQuoteAcceptedV1	EmployeeSupplierQuoteWithdrawErrorsV1	MUTATE_POSITIVE	EMPLOYEE_WORKBENCH	NONE
EMPLOYEE	QUERY	aging.payable.get	F57-20	1.2.0-f57	AgingPayableGetQueryV1	AgingPayableViewV1	EmployeeAgingPayableGetErrorsV1	QUERY_NONE	EMPLOYEE_WORKBENCH	NONE
EMPLOYEE	QUERY	aging.receivable.get	F57-20	1.2.0-f57	AgingReceivableGetQueryV1	AgingReceivableViewV1	EmployeeAgingReceivableGetErrorsV1	QUERY_NONE	EMPLOYEE_WORKBENCH	NONE
EMPLOYEE	QUERY	allocation.list	F57-20	1.2.0-f57	AllocationListQueryV1	AllocationPageV1	EmployeeAllocationListErrorsV1	QUERY_NONE	EMPLOYEE_WORKBENCH	NONE
EMPLOYEE	QUERY	award.get	F57-20	1.2.0-f57	AwardGetQueryV1	AwardViewV1	EmployeeAwardGetErrorsV1	QUERY_NONE	EMPLOYEE_WORKBENCH	NONE
EMPLOYEE	QUERY	award.list	F57-20	1.2.0-f57	AwardListQueryV1	AwardPageV1	EmployeeAwardListErrorsV1	QUERY_NONE	EMPLOYEE_WORKBENCH	NONE
EMPLOYEE	QUERY	billing_request.get	F57-20	1.2.0-f57	BillingRequestGetQueryV1	BillingRequestViewV1	EmployeeBillingRequestGetErrorsV1	QUERY_NONE	EMPLOYEE_WORKBENCH	NONE
EMPLOYEE	QUERY	billing_request.list	F57-20	1.2.0-f57	BillingRequestListQueryV1	BillingRequestPageV1	EmployeeBillingRequestListErrorsV1	QUERY_NONE	EMPLOYEE_WORKBENCH	NONE
EMPLOYEE	QUERY	cash_account.get	F57-20	1.2.0-f57	CashAccountGetQueryV1	CashAccountViewV1	EmployeeCashAccountGetErrorsV1	QUERY_NONE	EMPLOYEE_WORKBENCH	NONE
EMPLOYEE	QUERY	cash_account.list	F57-20	1.2.0-f57	CashAccountListQueryV1	CashAccountPageV1	EmployeeCashAccountListErrorsV1	QUERY_NONE	EMPLOYEE_WORKBENCH	NONE
EMPLOYEE	QUERY	cash_ledger.list	F57-20	1.2.0-f57	CashLedgerListQueryV1	CashLedgerPageV1	EmployeeCashLedgerListErrorsV1	QUERY_NONE	EMPLOYEE_WORKBENCH	NONE
EMPLOYEE	QUERY	delivery_confirmation.get	F57-20	1.2.0-f57	DeliveryConfirmationGetQueryV1	DeliveryConfirmationViewV1	EmployeeDeliveryConfirmationGetErrorsV1	QUERY_NONE	EMPLOYEE_WORKBENCH	NONE
EMPLOYEE	QUERY	delivery_confirmation.list	F57-20	1.2.0-f57	DeliveryConfirmationListQueryV1	DeliveryConfirmationPageV1	EmployeeDeliveryConfirmationListErrorsV1	QUERY_NONE	EMPLOYEE_WORKBENCH	NONE
EMPLOYEE	QUERY	goods_receipt.get	F57-20	1.2.0-f57	GoodsReceiptGetQueryV1	GoodsReceiptViewV1	EmployeeGoodsReceiptGetErrorsV1	QUERY_NONE	EMPLOYEE_WORKBENCH	NONE
EMPLOYEE	QUERY	goods_receipt.list	F57-20	1.2.0-f57	GoodsReceiptListQueryV1	GoodsReceiptPageV1	EmployeeGoodsReceiptListErrorsV1	QUERY_NONE	EMPLOYEE_WORKBENCH	NONE
EMPLOYEE	QUERY	inventory_availability.get	F57-20	1.2.0-f57	InventoryAvailabilityGetQueryV1	InventoryAvailabilityViewV1	EmployeeInventoryAvailabilityGetErrorsV1	QUERY_NONE	EMPLOYEE_WORKBENCH	NONE
EMPLOYEE	QUERY	inventory_balance.get	F57-20	1.2.0-f57	InventoryBalanceGetQueryV1	InventoryBalanceViewV1	EmployeeInventoryBalanceGetErrorsV1	QUERY_NONE	EMPLOYEE_WORKBENCH	NONE
EMPLOYEE	QUERY	inventory_balance.list	F57-20	1.2.0-f57	InventoryBalanceListQueryV1	InventoryBalancePageV1	EmployeeInventoryBalanceListErrorsV1	QUERY_NONE	EMPLOYEE_WORKBENCH	NONE
EMPLOYEE	QUERY	inventory_movement.list	F57-20	1.2.0-f57	InventoryMovementListQueryV1	InventoryMovementPageV1	EmployeeInventoryMovementListErrorsV1	QUERY_NONE	EMPLOYEE_WORKBENCH	NONE
EMPLOYEE	QUERY	inventory_valuation.get	F57-20	1.2.0-f57	InventoryValuationGetQueryV1	InventoryValuationViewV1	EmployeeInventoryValuationGetErrorsV1	QUERY_NONE	EMPLOYEE_WORKBENCH	NONE
EMPLOYEE	QUERY	invoice.get	F57-20	1.2.0-f57	InvoiceGetQueryV1	InvoiceViewV1	EmployeeInvoiceGetErrorsV1	QUERY_NONE	EMPLOYEE_WORKBENCH	NONE
EMPLOYEE	QUERY	invoice.list	F57-20	1.2.0-f57	InvoiceListQueryV1	InvoicePageV1	EmployeeInvoiceListErrorsV1	QUERY_NONE	EMPLOYEE_WORKBENCH	NONE
EMPLOYEE	QUERY	operating_period.get	F57-20	1.2.0-f57	OperatingPeriodGetQueryV1	OperatingPeriodViewV1	EmployeeOperatingPeriodGetErrorsV1	QUERY_NONE	EMPLOYEE_WORKBENCH	NONE
EMPLOYEE	QUERY	operating_period.list	F57-20	1.2.0-f57	OperatingPeriodListQueryV1	OperatingPeriodPageV1	EmployeeOperatingPeriodListErrorsV1	QUERY_NONE	EMPLOYEE_WORKBENCH	NONE
EMPLOYEE	QUERY	payable.get	F57-20	1.2.0-f57	PayableGetQueryV1	PayableViewV1	EmployeePayableGetErrorsV1	QUERY_NONE	EMPLOYEE_WORKBENCH	NONE
EMPLOYEE	QUERY	payable.list	F57-20	1.2.0-f57	PayableListQueryV1	PayablePageV1	EmployeePayableListErrorsV1	QUERY_NONE	EMPLOYEE_WORKBENCH	NONE
EMPLOYEE	QUERY	procurement_demand.get	F57-20	1.2.0-f57	ProcurementDemandGetQueryV1	ProcurementDemandViewV1	EmployeeProcurementDemandGetErrorsV1	QUERY_NONE	EMPLOYEE_WORKBENCH	NONE
EMPLOYEE	QUERY	procurement_demand.list	F57-20	1.2.0-f57	ProcurementDemandListQueryV1	ProcurementDemandPageV1	EmployeeProcurementDemandListErrorsV1	QUERY_NONE	EMPLOYEE_WORKBENCH	NONE
EMPLOYEE	QUERY	purchase_order.get	F57-20	1.2.0-f57	PurchaseOrderGetQueryV1	PurchaseOrderViewV1	EmployeePurchaseOrderGetErrorsV1	QUERY_NONE	EMPLOYEE_WORKBENCH	NONE
EMPLOYEE	QUERY	purchase_order.list	F57-20	1.2.0-f57	PurchaseOrderListQueryV1	PurchaseOrderPageV1	EmployeePurchaseOrderListErrorsV1	QUERY_NONE	EMPLOYEE_WORKBENCH	NONE
EMPLOYEE	QUERY	purchase_return.get	F57-20	1.2.0-f57	PurchaseReturnGetQueryV1	PurchaseReturnViewV1	EmployeePurchaseReturnGetErrorsV1	QUERY_NONE	EMPLOYEE_WORKBENCH	NONE
EMPLOYEE	QUERY	purchase_return.list	F57-20	1.2.0-f57	PurchaseReturnListQueryV1	PurchaseReturnPageV1	EmployeePurchaseReturnListErrorsV1	QUERY_NONE	EMPLOYEE_WORKBENCH	NONE
EMPLOYEE	QUERY	receivable.get	F57-20	1.2.0-f57	ReceivableGetQueryV1	ReceivableViewV1	EmployeeReceivableGetErrorsV1	QUERY_NONE	EMPLOYEE_WORKBENCH	NONE
EMPLOYEE	QUERY	receivable.list	F57-20	1.2.0-f57	ReceivableListQueryV1	ReceivablePageV1	EmployeeReceivableListErrorsV1	QUERY_NONE	EMPLOYEE_WORKBENCH	NONE
EMPLOYEE	QUERY	rfq_round.get	F57-20	1.2.0-f57	RfqRoundGetQueryV1	RfqRoundViewV1	EmployeeRfqRoundGetErrorsV1	QUERY_NONE	EMPLOYEE_WORKBENCH	NONE
EMPLOYEE	QUERY	rfq_round.list	F57-20	1.2.0-f57	RfqRoundListQueryV1	RfqRoundPageV1	EmployeeRfqRoundListErrorsV1	QUERY_NONE	EMPLOYEE_WORKBENCH	NONE
EMPLOYEE	QUERY	sales_return.get	F57-20	1.2.0-f57	SalesReturnGetQueryV1	SalesReturnViewV1	EmployeeSalesReturnGetErrorsV1	QUERY_NONE	EMPLOYEE_WORKBENCH	NONE
EMPLOYEE	QUERY	sales_return.list	F57-20	1.2.0-f57	SalesReturnListQueryV1	SalesReturnPageV1	EmployeeSalesReturnListErrorsV1	QUERY_NONE	EMPLOYEE_WORKBENCH	NONE
EMPLOYEE	QUERY	serial_trace.get	F57-20	1.2.0-f57	SerialTraceGetQueryV1	SerialTraceViewV1	EmployeeSerialTraceGetErrorsV1	QUERY_NONE	EMPLOYEE_WORKBENCH	NONE
EMPLOYEE	QUERY	subledger_reconciliation.get	F57-20	1.2.0-f57	SubledgerReconciliationGetQueryV1	SubledgerReconciliationViewV1	EmployeeSubledgerReconciliationGetErrorsV1	QUERY_NONE	EMPLOYEE_WORKBENCH	NONE
EMPLOYEE	QUERY	supplier_quote.get	F57-20	1.2.0-f57	SupplierQuoteGetQueryV1	SupplierQuoteViewV1	EmployeeSupplierQuoteGetErrorsV1	QUERY_NONE	EMPLOYEE_WORKBENCH	NONE
EMPLOYEE	QUERY	supplier_quote.list	F57-20	1.2.0-f57	SupplierQuoteListQueryV1	SupplierQuotePageV1	EmployeeSupplierQuoteListErrorsV1	QUERY_NONE	EMPLOYEE_WORKBENCH	NONE
EMPLOYEE	QUERY	trial_balance.get	F57-20	1.2.0-f57	TrialBalanceGetQueryV1	TrialBalanceViewV1	EmployeeTrialBalanceGetErrorsV1	QUERY_NONE	EMPLOYEE_WORKBENCH	NONE
EMPLOYEE	COMMAND	complaint.acknowledge	F57-21	1.3.0-f57	ComplaintAcknowledgeRequestV1	ComplaintAcceptedV1	EmployeeComplaintAcknowledgeErrorsV1	MUTATE_POSITIVE	EMPLOYEE_WORKBENCH	NONE
EMPLOYEE	COMMAND	complaint.cancel	F57-21	1.3.0-f57	ComplaintCancelRequestV1	ComplaintAcceptedV1	EmployeeComplaintCancelErrorsV1	MUTATE_POSITIVE	EMPLOYEE_WORKBENCH	NONE
EMPLOYEE	COMMAND	complaint.close	F57-21	1.3.0-f57	ComplaintCloseRequestV1	ComplaintAcceptedV1	EmployeeComplaintCloseErrorsV1	MUTATE_POSITIVE	EMPLOYEE_WORKBENCH	NONE
EMPLOYEE	COMMAND	complaint.plan_action	F57-21	1.3.0-f57	ComplaintPlanActionRequestV1	ComplaintAcceptedV1	EmployeeComplaintPlanActionErrorsV1	MUTATE_POSITIVE	EMPLOYEE_WORKBENCH	NONE
EMPLOYEE	COMMAND	complaint.register	F57-21	1.3.0-f57	ComplaintRegisterRequestV1	ComplaintAcceptedV1	EmployeeComplaintRegisterErrorsV1	CREATE_ZERO	EMPLOYEE_WORKBENCH	NONE
EMPLOYEE	COMMAND	complaint.reopen	F57-21	1.3.0-f57	ComplaintReopenRequestV1	ComplaintAcceptedV1	EmployeeComplaintReopenErrorsV1	MUTATE_POSITIVE	EMPLOYEE_WORKBENCH	NONE
EMPLOYEE	COMMAND	complaint.resolve	F57-21	1.3.0-f57	ComplaintResolveRequestV1	ComplaintAcceptedV1	EmployeeComplaintResolveErrorsV1	MUTATE_POSITIVE	EMPLOYEE_WORKBENCH	NONE
EMPLOYEE	COMMAND	complaint.resume_investigation	F57-21	1.3.0-f57	ComplaintResumeInvestigationRequestV1	ComplaintAcceptedV1	EmployeeComplaintResumeInvestigationErrorsV1	MUTATE_POSITIVE	EMPLOYEE_WORKBENCH	NONE
EMPLOYEE	COMMAND	complaint.start_investigation	F57-21	1.3.0-f57	ComplaintStartInvestigationRequestV1	ComplaintAcceptedV1	EmployeeComplaintStartInvestigationErrorsV1	MUTATE_POSITIVE	EMPLOYEE_WORKBENCH	NONE
EMPLOYEE	COMMAND	complaint.submit_closure_review	F57-21	1.3.0-f57	ComplaintSubmitClosureReviewRequestV1	ComplaintAcceptedV1	EmployeeComplaintSubmitClosureReviewErrorsV1	MUTATE_POSITIVE	EMPLOYEE_WORKBENCH	NONE
EMPLOYEE	COMMAND	complaint.wait_customer	F57-21	1.3.0-f57	ComplaintWaitCustomerRequestV1	ComplaintAcceptedV1	EmployeeComplaintWaitCustomerErrorsV1	MUTATE_POSITIVE	EMPLOYEE_WORKBENCH	NONE
EMPLOYEE	COMMAND	corrective_action.complete	F57-21	1.3.0-f57	CorrectiveActionCompleteRequestV1	CorrectiveActionAcceptedV1	EmployeeCorrectiveActionCompleteErrorsV1	MUTATE_POSITIVE	EMPLOYEE_WORKBENCH	NONE
EMPLOYEE	COMMAND	corrective_action.create	F57-21	1.3.0-f57	CorrectiveActionCreateRequestV1	CorrectiveActionAcceptedV1	EmployeeCorrectiveActionCreateErrorsV1	CREATE_ZERO	EMPLOYEE_WORKBENCH	NONE
EMPLOYEE	COMMAND	equipment.change	F57-21	1.3.0-f57	EquipmentChangeRequestV1	EquipmentAcceptedV1	EmployeeEquipmentChangeErrorsV1	MUTATE_POSITIVE	EMPLOYEE_WORKBENCH	NONE
EMPLOYEE	COMMAND	equipment.change_status	F57-21	1.3.0-f57	EquipmentChangeStatusRequestV1	EquipmentAcceptedV1	EmployeeEquipmentChangeStatusErrorsV1	MUTATE_POSITIVE	EMPLOYEE_WORKBENCH	NONE
EMPLOYEE	COMMAND	equipment.create	F57-21	1.3.0-f57	EquipmentCreateRequestV1	EquipmentAcceptedV1	EmployeeEquipmentCreateErrorsV1	CREATE_ZERO	EMPLOYEE_WORKBENCH	NONE
EMPLOYEE	COMMAND	equipment.create_from_delivery	F57-21	1.3.0-f57	EquipmentCreateFromDeliveryRequestV1	EquipmentAcceptedV1	EmployeeEquipmentCreateFromDeliveryErrorsV1	CREATE_ZERO	EMPLOYEE_WORKBENCH	NONE
EMPLOYEE	COMMAND	equipment.update_warranty	F57-21	1.3.0-f57	EquipmentUpdateWarrantyRequestV1	EquipmentAcceptedV1	EmployeeEquipmentUpdateWarrantyErrorsV1	MUTATE_POSITIVE	EMPLOYEE_WORKBENCH	NONE
EMPLOYEE	COMMAND	expense.correct	F57-21	1.3.0-f57	ExpenseCorrectRequestV1	ExpenseAcceptedV1	EmployeeExpenseCorrectErrorsV1	MUTATE_POSITIVE	EMPLOYEE_WORKBENCH	NONE
EMPLOYEE	COMMAND	expense.create	F57-21	1.3.0-f57	ExpenseCreateRequestV1	ExpenseAcceptedV1	EmployeeExpenseCreateErrorsV1	CREATE_ZERO	EMPLOYEE_WORKBENCH	NONE
EMPLOYEE	COMMAND	expense.submit	F57-21	1.3.0-f57	ExpenseSubmitRequestV1	ExpenseAcceptedV1	EmployeeExpenseSubmitErrorsV1	MUTATE_POSITIVE	EMPLOYEE_WORKBENCH	NONE
EMPLOYEE	COMMAND	maintenance_plan.change	F57-21	1.3.0-f57	MaintenancePlanChangeRequestV1	MaintenancePlanAcceptedV1	EmployeeMaintenancePlanChangeErrorsV1	MUTATE_POSITIVE	EMPLOYEE_WORKBENCH	NONE
EMPLOYEE	COMMAND	maintenance_plan.create	F57-21	1.3.0-f57	MaintenancePlanCreateRequestV1	MaintenancePlanAcceptedV1	EmployeeMaintenancePlanCreateErrorsV1	CREATE_ZERO	EMPLOYEE_WORKBENCH	NONE
EMPLOYEE	COMMAND	maintenance_plan.pause	F57-21	1.3.0-f57	MaintenancePlanPauseRequestV1	MaintenancePlanAcceptedV1	EmployeeMaintenancePlanPauseErrorsV1	MUTATE_POSITIVE	EMPLOYEE_WORKBENCH	NONE
EMPLOYEE	COMMAND	maintenance_plan.resume	F57-21	1.3.0-f57	MaintenancePlanResumeRequestV1	MaintenancePlanAcceptedV1	EmployeeMaintenancePlanResumeErrorsV1	MUTATE_POSITIVE	EMPLOYEE_WORKBENCH	NONE
EMPLOYEE	COMMAND	maintenance_plan.terminate	F57-21	1.3.0-f57	MaintenancePlanTerminateRequestV1	MaintenancePlanAcceptedV1	EmployeeMaintenancePlanTerminateErrorsV1	MUTATE_POSITIVE	EMPLOYEE_WORKBENCH	NONE
EMPLOYEE	COMMAND	part_usage.cancel	F57-21	1.3.0-f57	PartUsageCancelRequestV1	PartUsageAcceptedV1	EmployeePartUsageCancelErrorsV1	MUTATE_POSITIVE	EMPLOYEE_WORKBENCH	NONE
EMPLOYEE	COMMAND	part_usage.mark_consumed	F57-21	1.3.0-f57	PartUsageMarkConsumedRequestV1	PartUsageAcceptedV1	EmployeePartUsageMarkConsumedErrorsV1	MUTATE_POSITIVE	EMPLOYEE_WORKBENCH	NONE
EMPLOYEE	COMMAND	part_usage.mark_issued	F57-21	1.3.0-f57	PartUsageMarkIssuedRequestV1	PartUsageAcceptedV1	EmployeePartUsageMarkIssuedErrorsV1	MUTATE_POSITIVE	EMPLOYEE_WORKBENCH	NONE
EMPLOYEE	COMMAND	part_usage.mark_reserved	F57-21	1.3.0-f57	PartUsageMarkReservedRequestV1	PartUsageAcceptedV1	EmployeePartUsageMarkReservedErrorsV1	MUTATE_POSITIVE	EMPLOYEE_WORKBENCH	NONE
EMPLOYEE	COMMAND	part_usage.mark_returned	F57-21	1.3.0-f57	PartUsageMarkReturnedRequestV1	PartUsageAcceptedV1	EmployeePartUsageMarkReturnedErrorsV1	MUTATE_POSITIVE	EMPLOYEE_WORKBENCH	NONE
EMPLOYEE	COMMAND	part_usage.mark_scrapped	F57-21	1.3.0-f57	PartUsageMarkScrappedRequestV1	PartUsageAcceptedV1	EmployeePartUsageMarkScrappedErrorsV1	MUTATE_POSITIVE	EMPLOYEE_WORKBENCH	NONE
EMPLOYEE	COMMAND	part_usage.request	F57-21	1.3.0-f57	PartUsageRequestRequestV1	PartUsageAcceptedV1	EmployeePartUsageRequestErrorsV1	CREATE_ZERO	EMPLOYEE_WORKBENCH	NONE
EMPLOYEE	COMMAND	part_usage.split	F57-21	1.3.0-f57	PartUsageSplitRequestV1	PartUsageAcceptedV1	EmployeePartUsageSplitErrorsV1	MUTATE_POSITIVE	EMPLOYEE_WORKBENCH	NONE
EMPLOYEE	COMMAND	project.change	F57-21	1.3.0-f57	ProjectChangeRequestV1	ProjectAcceptedV1	EmployeeProjectChangeErrorsV1	MUTATE_POSITIVE	EMPLOYEE_WORKBENCH	NONE
EMPLOYEE	COMMAND	project.close	F57-21	1.3.0-f57	ProjectCloseRequestV1	ProjectAcceptedV1	EmployeeProjectCloseErrorsV1	MUTATE_POSITIVE	EMPLOYEE_WORKBENCH	NONE
EMPLOYEE	COMMAND	project.create	F57-21	1.3.0-f57	ProjectCreateRequestV1	ProjectAcceptedV1	EmployeeProjectCreateErrorsV1	CREATE_ZERO	EMPLOYEE_WORKBENCH	NONE
EMPLOYEE	COMMAND	project.reopen	F57-21	1.3.0-f57	ProjectReopenRequestV1	ProjectAcceptedV1	EmployeeProjectReopenErrorsV1	MUTATE_POSITIVE	EMPLOYEE_WORKBENCH	NONE
EMPLOYEE	COMMAND	project.start	F57-21	1.3.0-f57	ProjectStartRequestV1	ProjectAcceptedV1	EmployeeProjectStartErrorsV1	MUTATE_POSITIVE	EMPLOYEE_WORKBENCH	NONE
EMPLOYEE	COMMAND	project_milestone.complete	F57-21	1.3.0-f57	ProjectMilestoneCompleteRequestV1	ProjectMilestoneAcceptedV1	EmployeeProjectMilestoneCompleteErrorsV1	MUTATE_POSITIVE	EMPLOYEE_WORKBENCH	NONE
EMPLOYEE	COMMAND	project_milestone.create	F57-21	1.3.0-f57	ProjectMilestoneCreateRequestV1	ProjectMilestoneAcceptedV1	EmployeeProjectMilestoneCreateErrorsV1	CREATE_ZERO	EMPLOYEE_WORKBENCH	NONE
EMPLOYEE	COMMAND	project_milestone.reopen	F57-21	1.3.0-f57	ProjectMilestoneReopenRequestV1	ProjectMilestoneAcceptedV1	EmployeeProjectMilestoneReopenErrorsV1	MUTATE_POSITIVE	EMPLOYEE_WORKBENCH	NONE
EMPLOYEE	COMMAND	project_risk.accept_residual	F57-21	1.3.0-f57	ProjectRiskAcceptResidualRequestV1	ProjectRiskAcceptedV1	EmployeeProjectRiskAcceptResidualErrorsV1	MUTATE_POSITIVE	EMPLOYEE_WORKBENCH	NONE
EMPLOYEE	COMMAND	project_risk.close	F57-21	1.3.0-f57	ProjectRiskCloseRequestV1	ProjectRiskAcceptedV1	EmployeeProjectRiskCloseErrorsV1	MUTATE_POSITIVE	EMPLOYEE_WORKBENCH	NONE
EMPLOYEE	COMMAND	project_risk.create	F57-21	1.3.0-f57	ProjectRiskCreateRequestV1	ProjectRiskAcceptedV1	EmployeeProjectRiskCreateErrorsV1	CREATE_ZERO	EMPLOYEE_WORKBENCH	NONE
EMPLOYEE	COMMAND	project_risk.enter_monitoring	F57-21	1.3.0-f57	ProjectRiskEnterMonitoringRequestV1	ProjectRiskAcceptedV1	EmployeeProjectRiskEnterMonitoringErrorsV1	MUTATE_POSITIVE	EMPLOYEE_WORKBENCH	NONE
EMPLOYEE	COMMAND	project_risk.reopen	F57-21	1.3.0-f57	ProjectRiskReopenRequestV1	ProjectRiskAcceptedV1	EmployeeProjectRiskReopenErrorsV1	MUTATE_POSITIVE	EMPLOYEE_WORKBENCH	NONE
EMPLOYEE	COMMAND	project_risk.review_acceptance	F57-21	1.3.0-f57	ProjectRiskReviewAcceptanceRequestV1	ProjectRiskAcceptedV1	EmployeeProjectRiskReviewAcceptanceErrorsV1	MUTATE_POSITIVE	EMPLOYEE_WORKBENCH	NONE
EMPLOYEE	COMMAND	project_risk.start_mitigation	F57-21	1.3.0-f57	ProjectRiskStartMitigationRequestV1	ProjectRiskAcceptedV1	EmployeeProjectRiskStartMitigationErrorsV1	MUTATE_POSITIVE	EMPLOYEE_WORKBENCH	NONE
EMPLOYEE	COMMAND	root_cause.record	F57-21	1.3.0-f57	RootCauseRecordRequestV1	RootCauseAcceptedV1	EmployeeRootCauseRecordErrorsV1	CREATE_ZERO	EMPLOYEE_WORKBENCH	NONE
EMPLOYEE	COMMAND	satisfaction.record	F57-21	1.3.0-f57	SatisfactionRecordRequestV1	SatisfactionAcceptedV1	EmployeeSatisfactionRecordErrorsV1	CREATE_ZERO	EMPLOYEE_WORKBENCH	NONE
EMPLOYEE	COMMAND	time_entry.correct	F57-21	1.3.0-f57	TimeEntryCorrectRequestV1	TimeEntryAcceptedV1	EmployeeTimeEntryCorrectErrorsV1	MUTATE_POSITIVE	EMPLOYEE_WORKBENCH	NONE
EMPLOYEE	COMMAND	time_entry.start	F57-21	1.3.0-f57	TimeEntryStartRequestV1	TimeEntryAcceptedV1	EmployeeTimeEntryStartErrorsV1	CREATE_ZERO	EMPLOYEE_WORKBENCH	NONE
EMPLOYEE	COMMAND	time_entry.stop	F57-21	1.3.0-f57	TimeEntryStopRequestV1	TimeEntryAcceptedV1	EmployeeTimeEntryStopErrorsV1	MUTATE_POSITIVE	EMPLOYEE_WORKBENCH	NONE
EMPLOYEE	COMMAND	time_entry.submit	F57-21	1.3.0-f57	TimeEntrySubmitRequestV1	TimeEntryAcceptedV1	EmployeeTimeEntrySubmitErrorsV1	MUTATE_POSITIVE	EMPLOYEE_WORKBENCH	NONE
EMPLOYEE	COMMAND	work_order.accept	F57-21	1.3.0-f57	WorkOrderAcceptRequestV1	WorkOrderAcceptedV1	EmployeeWorkOrderAcceptErrorsV1	MUTATE_POSITIVE	EMPLOYEE_WORKBENCH	NONE
EMPLOYEE	COMMAND	work_order.add_evidence	F57-21	1.3.0-f57	WorkOrderAddEvidenceRequestV1	WorkOrderAcceptedV1	EmployeeWorkOrderAddEvidenceErrorsV1	MUTATE_POSITIVE	EMPLOYEE_WORKBENCH	NONE
EMPLOYEE	COMMAND	work_order.assign	F57-21	1.3.0-f57	WorkOrderAssignRequestV1	WorkOrderAcceptedV1	EmployeeWorkOrderAssignErrorsV1	MUTATE_POSITIVE	EMPLOYEE_WORKBENCH	NONE
EMPLOYEE	COMMAND	work_order.cancel	F57-21	1.3.0-f57	WorkOrderCancelRequestV1	WorkOrderAcceptedV1	EmployeeWorkOrderCancelErrorsV1	MUTATE_POSITIVE	EMPLOYEE_WORKBENCH	NONE
EMPLOYEE	COMMAND	work_order.close	F57-21	1.3.0-f57	WorkOrderCloseRequestV1	WorkOrderAcceptedV1	EmployeeWorkOrderCloseErrorsV1	MUTATE_POSITIVE	EMPLOYEE_WORKBENCH	NONE
EMPLOYEE	COMMAND	work_order.create	F57-21	1.3.0-f57	WorkOrderCreateRequestV1	WorkOrderAcceptedV1	EmployeeWorkOrderCreateErrorsV1	CREATE_ZERO	EMPLOYEE_WORKBENCH	NONE
EMPLOYEE	COMMAND	work_order.reassess_entitlement	F57-21	1.3.0-f57	WorkOrderReassessEntitlementRequestV1	WorkOrderAcceptedV1	EmployeeWorkOrderReassessEntitlementErrorsV1	MUTATE_POSITIVE	EMPLOYEE_WORKBENCH	NONE
EMPLOYEE	COMMAND	work_order.reopen	F57-21	1.3.0-f57	WorkOrderReopenRequestV1	WorkOrderAcceptedV1	EmployeeWorkOrderReopenErrorsV1	MUTATE_POSITIVE	EMPLOYEE_WORKBENCH	NONE
EMPLOYEE	COMMAND	work_order.resolve	F57-21	1.3.0-f57	WorkOrderResolveRequestV1	WorkOrderAcceptedV1	EmployeeWorkOrderResolveErrorsV1	MUTATE_POSITIVE	EMPLOYEE_WORKBENCH	NONE
EMPLOYEE	COMMAND	work_order.resume	F57-21	1.3.0-f57	WorkOrderResumeRequestV1	WorkOrderAcceptedV1	EmployeeWorkOrderResumeErrorsV1	MUTATE_POSITIVE	EMPLOYEE_WORKBENCH	NONE
EMPLOYEE	COMMAND	work_order.start	F57-21	1.3.0-f57	WorkOrderStartRequestV1	WorkOrderAcceptedV1	EmployeeWorkOrderStartErrorsV1	MUTATE_POSITIVE	EMPLOYEE_WORKBENCH	NONE
EMPLOYEE	COMMAND	work_order.submit_closure_review	F57-21	1.3.0-f57	WorkOrderSubmitClosureReviewRequestV1	WorkOrderAcceptedV1	EmployeeWorkOrderSubmitClosureReviewErrorsV1	MUTATE_POSITIVE	EMPLOYEE_WORKBENCH	NONE
EMPLOYEE	COMMAND	work_order.triage	F57-21	1.3.0-f57	WorkOrderTriageRequestV1	WorkOrderAcceptedV1	EmployeeWorkOrderTriageErrorsV1	MUTATE_POSITIVE	EMPLOYEE_WORKBENCH	NONE
EMPLOYEE	COMMAND	work_order.wait	F57-21	1.3.0-f57	WorkOrderWaitRequestV1	WorkOrderAcceptedV1	EmployeeWorkOrderWaitErrorsV1	MUTATE_POSITIVE	EMPLOYEE_WORKBENCH	NONE
EMPLOYEE	QUERY	complaint.get	F57-21	1.3.0-f57	ComplaintGetQueryV1	ComplaintViewV1	EmployeeComplaintGetErrorsV1	QUERY_NONE	EMPLOYEE_WORKBENCH	NONE
EMPLOYEE	QUERY	complaint.list	F57-21	1.3.0-f57	ComplaintListQueryV1	ComplaintPageV1	EmployeeComplaintListErrorsV1	QUERY_NONE	EMPLOYEE_WORKBENCH	NONE
EMPLOYEE	QUERY	equipment.get	F57-21	1.3.0-f57	EquipmentGetQueryV1	EquipmentViewV1	EmployeeEquipmentGetErrorsV1	QUERY_NONE	EMPLOYEE_WORKBENCH	NONE
EMPLOYEE	QUERY	equipment.list	F57-21	1.3.0-f57	EquipmentListQueryV1	EquipmentPageV1	EmployeeEquipmentListErrorsV1	QUERY_NONE	EMPLOYEE_WORKBENCH	NONE
EMPLOYEE	QUERY	equipment.work_order.list	F57-21	1.3.0-f57	EquipmentWorkOrderListQueryV1	WorkOrderPageV1	EmployeeEquipmentWorkOrderListErrorsV1	QUERY_NONE	EMPLOYEE_WORKBENCH	NONE
EMPLOYEE	QUERY	expense.list	F57-21	1.3.0-f57	ExpenseListQueryV1	ExpensePageV1	EmployeeExpenseListErrorsV1	QUERY_NONE	EMPLOYEE_WORKBENCH	NONE
EMPLOYEE	QUERY	maintenance_occurrence.list	F57-21	1.3.0-f57	MaintenanceOccurrenceListQueryV1	MaintenanceOccurrencePageV1	EmployeeMaintenanceOccurrenceListErrorsV1	QUERY_NONE	EMPLOYEE_WORKBENCH	NONE
EMPLOYEE	QUERY	maintenance_plan.get	F57-21	1.3.0-f57	MaintenancePlanGetQueryV1	MaintenancePlanViewV1	EmployeeMaintenancePlanGetErrorsV1	QUERY_NONE	EMPLOYEE_WORKBENCH	NONE
EMPLOYEE	QUERY	maintenance_plan.list	F57-21	1.3.0-f57	MaintenancePlanListQueryV1	MaintenancePlanPageV1	EmployeeMaintenancePlanListErrorsV1	QUERY_NONE	EMPLOYEE_WORKBENCH	NONE
EMPLOYEE	QUERY	metric.breakdown.get	F57-21	1.3.0-f57	MetricBreakdownGetQueryV1	MetricBreakdownViewV1	EmployeeMetricBreakdownGetErrorsV1	QUERY_NONE	EMPLOYEE_WORKBENCH	NONE
EMPLOYEE	QUERY	metric.dashboard.get	F57-21	1.3.0-f57	MetricDashboardGetQueryV1	MetricDashboardViewV1	EmployeeMetricDashboardGetErrorsV1	QUERY_NONE	EMPLOYEE_WORKBENCH	NONE
EMPLOYEE	QUERY	metric.evidence.list	F57-21	1.3.0-f57	MetricEvidenceListQueryV1	MetricEvidencePageV1	EmployeeMetricEvidenceListErrorsV1	QUERY_NONE	EMPLOYEE_WORKBENCH	NONE
EMPLOYEE	QUERY	metric.result.get	F57-21	1.3.0-f57	MetricResultGetQueryV1	MetricResultViewV1	EmployeeMetricResultGetErrorsV1	QUERY_NONE	EMPLOYEE_WORKBENCH	NONE
EMPLOYEE	QUERY	part_usage.list	F57-21	1.3.0-f57	PartUsageListQueryV1	PartUsagePageV1	EmployeePartUsageListErrorsV1	QUERY_NONE	EMPLOYEE_WORKBENCH	NONE
EMPLOYEE	QUERY	project.cost_drilldown	F57-21	1.3.0-f57	ProjectCostDrilldownQueryV1	ProjectCostDrilldownViewV1	EmployeeProjectCostDrilldownErrorsV1	QUERY_NONE	EMPLOYEE_WORKBENCH	NONE
EMPLOYEE	QUERY	project.get	F57-21	1.3.0-f57	ProjectGetQueryV1	ProjectViewV1	EmployeeProjectGetErrorsV1	QUERY_NONE	EMPLOYEE_WORKBENCH	NONE
EMPLOYEE	QUERY	project.list	F57-21	1.3.0-f57	ProjectListQueryV1	ProjectPageV1	EmployeeProjectListErrorsV1	QUERY_NONE	EMPLOYEE_WORKBENCH	NONE
EMPLOYEE	QUERY	project_milestone.list	F57-21	1.3.0-f57	ProjectMilestoneListQueryV1	ProjectMilestonePageV1	EmployeeProjectMilestoneListErrorsV1	QUERY_NONE	EMPLOYEE_WORKBENCH	NONE
EMPLOYEE	QUERY	project_receipt_milestone.list	F57-21	1.3.0-f57	ProjectReceiptMilestoneListQueryV1	ProjectReceiptMilestonePageV1	EmployeeProjectReceiptMilestoneListErrorsV1	QUERY_NONE	EMPLOYEE_WORKBENCH	NONE
EMPLOYEE	QUERY	project_risk.get	F57-21	1.3.0-f57	ProjectRiskGetQueryV1	ProjectRiskViewV1	EmployeeProjectRiskGetErrorsV1	QUERY_NONE	EMPLOYEE_WORKBENCH	NONE
EMPLOYEE	QUERY	project_risk.list	F57-21	1.3.0-f57	ProjectRiskListQueryV1	ProjectRiskPageV1	EmployeeProjectRiskListErrorsV1	QUERY_NONE	EMPLOYEE_WORKBENCH	NONE
EMPLOYEE	QUERY	report.definition.get	F57-21	1.3.0-f57	ReportDefinitionGetQueryV1	ReportDefinitionViewV1	EmployeeReportDefinitionGetErrorsV1	QUERY_NONE	EMPLOYEE_WORKBENCH	NONE
EMPLOYEE	QUERY	report.definition.list	F57-21	1.3.0-f57	ReportDefinitionListQueryV1	ReportDefinitionPageV1	EmployeeReportDefinitionListErrorsV1	QUERY_NONE	EMPLOYEE_WORKBENCH	NONE
EMPLOYEE	QUERY	report.result.get	F57-21	1.3.0-f57	ReportResultGetQueryV1	ReportResultViewV1	EmployeeReportResultGetErrorsV1	QUERY_NONE	EMPLOYEE_WORKBENCH	NONE
EMPLOYEE	QUERY	time_entry.list	F57-21	1.3.0-f57	TimeEntryListQueryV1	TimeEntryPageV1	EmployeeTimeEntryListErrorsV1	QUERY_NONE	EMPLOYEE_WORKBENCH	NONE
EMPLOYEE	QUERY	work_order.evidence.list	F57-21	1.3.0-f57	WorkOrderEvidenceListQueryV1	WorkOrderEvidencePageV1	EmployeeWorkOrderEvidenceListErrorsV1	QUERY_NONE	EMPLOYEE_WORKBENCH	NONE
EMPLOYEE	QUERY	work_order.get	F57-21	1.3.0-f57	WorkOrderGetQueryV1	WorkOrderViewV1	EmployeeWorkOrderGetErrorsV1	QUERY_NONE	EMPLOYEE_WORKBENCH	NONE
EMPLOYEE	QUERY	work_order.list	F57-21	1.3.0-f57	WorkOrderListQueryV1	WorkOrderPageV1	EmployeeWorkOrderListErrorsV1	QUERY_NONE	EMPLOYEE_WORKBENCH	NONE
EMPLOYEE	QUERY	work_order.timeline	F57-21	1.3.0-f57	WorkOrderTimelineQueryV1	WorkOrderTimelineViewV1	EmployeeWorkOrderTimelineErrorsV1	QUERY_NONE	EMPLOYEE_WORKBENCH	NONE
EMPLOYEE	COMMAND	approval.case.decide	F57-23	1.4.0-f57	EmployeeApprovalCaseDecisionRequestV1	ApprovalCaseAcceptedV1	EmployeeApprovalCaseDecideErrorsV1	MUTATE_POSITIVE	EMPLOYEE_WORKBENCH	PLATFORM.APPROVAL.INVALID_TRANSITION
EMPLOYEE	COMMAND	import.proposal.submit	F57-23	1.4.0-f57	ImportProposalSubmitRequestV1	ImportProposalAcceptedV1	EmployeeImportProposalSubmitErrorsV1	CREATE_ZERO	EMPLOYEE_WORKBENCH	PLATFORM.IMPORT.PROPOSAL_INVALID
EMPLOYEE	COMMAND	portable_export.request	F57-23	1.4.0-f57	PortableExportRequestV1	PortableExportAcceptedV1	EmployeePortableExportRequestErrorsV1	CREATE_ZERO	EMPLOYEE_WORKBENCH	PLATFORM.EXPORT.POLICY_DENIED
EMPLOYEE	QUERY	approval.case.get	F57-23	1.4.0-f57	EmployeeApprovalCaseGetQueryV1	EmployeeApprovalCaseViewV1	EmployeeApprovalCaseGetErrorsV1	QUERY_NONE	EMPLOYEE_WORKBENCH	NONE
EMPLOYEE	QUERY	portable_export.get	F57-23	1.4.0-f57	EmployeePortableExportGetQueryV1	EmployeePortableExportViewV1	EmployeePortableExportGetErrorsV1	QUERY_NONE	EMPLOYEE_WORKBENCH	NONE
EMPLOYEE	QUERY	search.authorized.execute	F57-23	1.4.0-f57	AuthorizedSearchRequestV1	AuthorizedSearchPageV1	EmployeeSearchAuthorizedExecuteErrorsV1	QUERY_NONE	EMPLOYEE_WORKBENCH	NONE
PORTAL	COMMAND	customer.acceptance.submit	F57-22	1.0.0-f57	SubmitAcceptanceRequestV1	AcceptanceSubmittedV1	PortalCustomerAcceptanceSubmitErrorsV1	MUTATE_POSITIVE	CUSTOMER_PORTAL	NONE
PORTAL	COMMAND	customer.complaint.create	F57-22	1.0.0-f57	CreateComplaintRequestV1	ComplaintAcceptedV1	PortalCustomerComplaintCreateErrorsV1	CREATE_ZERO	CUSTOMER_PORTAL	NONE
PORTAL	COMMAND	customer.delivery.confirm	F57-22	1.0.0-f57	ConfirmDeliveryRequestV1	DeliveryConfirmedV1	PortalCustomerDeliveryConfirmErrorsV1	MUTATE_POSITIVE	CUSTOMER_PORTAL	NONE
PORTAL	COMMAND	customer.service_evidence.add	F57-22	1.0.0-f57	AddServiceEvidenceRequestV1	ServiceEvidenceAcceptedV1	PortalCustomerServiceEvidenceAddErrorsV1	MUTATE_POSITIVE	CUSTOMER_PORTAL	NONE
PORTAL	COMMAND	customer.service_request.create	F57-22	1.0.0-f57	CreateServiceRequestV1	ServiceRequestAcceptedV1	PortalCustomerServiceRequestCreateErrorsV1	CREATE_ZERO	CUSTOMER_PORTAL	NONE
PORTAL	COMMAND	supplier.asn.submit	F57-22	1.0.0-f57	SubmitAdvanceShippingNoticeRequestV1	AdvanceShippingNoticeAcceptedV1	PortalSupplierAsnSubmitErrorsV1	CREATE_ZERO	SUPPLIER_PORTAL	NONE
PORTAL	COMMAND	supplier.delivery_date.confirm	F57-22	1.0.0-f57	ConfirmDeliveryDateRequestV1	DeliveryDateConfirmedV1	PortalSupplierDeliveryDateConfirmErrorsV1	MUTATE_POSITIVE	SUPPLIER_PORTAL	NONE
PORTAL	COMMAND	supplier.invoice.upload	F57-22	1.0.0-f57	UploadSupplierInvoiceRequestV1	SupplierInvoiceUploadAcceptedV1	PortalSupplierInvoiceUploadErrorsV1	CREATE_ZERO	SUPPLIER_PORTAL	NONE
PORTAL	COMMAND	supplier.profile.update	F57-22	1.0.0-f57	UpdateOwnSupplierProfileRequestV1	SupplierProfileChangeAcceptedV1	PortalSupplierProfileUpdateErrorsV1	MUTATE_POSITIVE	SUPPLIER_PORTAL	NONE
PORTAL	COMMAND	supplier.purchase_order.confirm	F57-22	1.0.0-f57	ConfirmPurchaseOrderRequestV1	PurchaseOrderConfirmedV1	PortalSupplierPurchaseOrderConfirmErrorsV1	MUTATE_POSITIVE	SUPPLIER_PORTAL	NONE
PORTAL	QUERY	customer.approved_document.get	F57-22	1.0.0-f57	CustomerApprovedDocumentGetQueryV1	CustomerApprovedDocumentViewV1	PortalCustomerApprovedDocumentGetErrorsV1	QUERY_NONE	CUSTOMER_PORTAL	NONE
PORTAL	QUERY	customer.contract.get	F57-22	1.0.0-f57	CustomerContractGetQueryV1	CustomerContractViewV1	PortalCustomerContractGetErrorsV1	QUERY_NONE	CUSTOMER_PORTAL	NONE
PORTAL	QUERY	customer.delivery.get	F57-22	1.0.0-f57	CustomerDeliveryGetQueryV1	CustomerDeliveryViewV1	PortalCustomerDeliveryGetErrorsV1	QUERY_NONE	CUSTOMER_PORTAL	NONE
PORTAL	QUERY	customer.equipment.get	F57-22	1.0.0-f57	CustomerEquipmentGetQueryV1	CustomerEquipmentViewV1	PortalCustomerEquipmentGetErrorsV1	QUERY_NONE	CUSTOMER_PORTAL	NONE
PORTAL	QUERY	customer.invoice.get	F57-22	1.0.0-f57	CustomerInvoiceGetQueryV1	CustomerInvoiceViewV1	PortalCustomerInvoiceGetErrorsV1	QUERY_NONE	CUSTOMER_PORTAL	NONE
PORTAL	QUERY	customer.order.get	F57-22	1.0.0-f57	CustomerOrderGetQueryV1	CustomerOrderViewV1	PortalCustomerOrderGetErrorsV1	QUERY_NONE	CUSTOMER_PORTAL	NONE
PORTAL	QUERY	customer.quote.get	F57-22	1.0.0-f57	CustomerQuoteGetQueryV1	CustomerQuoteViewV1	PortalCustomerQuoteGetErrorsV1	QUERY_NONE	CUSTOMER_PORTAL	NONE
PORTAL	QUERY	customer.receipt.get	F57-22	1.0.0-f57	CustomerReceiptGetQueryV1	CustomerReceiptViewV1	PortalCustomerReceiptGetErrorsV1	QUERY_NONE	CUSTOMER_PORTAL	NONE
PORTAL	QUERY	customer.work_order.get	F57-22	1.0.0-f57	CustomerWorkOrderGetQueryV1	CustomerWorkOrderViewV1	PortalCustomerWorkOrderGetErrorsV1	QUERY_NONE	CUSTOMER_PORTAL	NONE
PORTAL	QUERY	supplier.purchase_order.get	F57-22	1.0.0-f57	SupplierPurchaseOrderGetQueryV1	SupplierPurchaseOrderViewV1	PortalSupplierPurchaseOrderGetErrorsV1	QUERY_NONE	SUPPLIER_PORTAL	NONE
PORTAL	QUERY	supplier.reconciliation_statement.get	F57-22	1.0.0-f57	SupplierReconciliationStatementGetQueryV1	SupplierReconciliationStatementViewV1	PortalSupplierReconciliationStatementGetErrorsV1	QUERY_NONE	SUPPLIER_PORTAL	NONE
